time,flow_refined_scfh
10/20/2021 19:51:13,0
10/20/2021 19:51:14,0
10/20/2021 19:51:15,0
10/20/2021 19:51:16,0
10/20/2021 19:51:17,0
10/20/2021 19:51:18,0
10/20/2021 19:51:19,0
10/20/2021 19:51:20,0
10/20/2021 19:51:21,0
10/20/2021 19:51:22,0
10/20/2021 19:51:23,0
10/20/2021 19:51:24,0
10/20/2021 19:51:25,0
10/20/2021 19:51:26,0
10/20/2021 19:51:27,0
10/20/2021 19:51:28,0
10/20/2021 19:51:29,0
10/20/2021 19:51:30,0
10/20/2021 19:51:31,0
10/20/2021 19:51:32,0
10/20/2021 19:51:33,0
10/20/2021 19:51:34,0
10/20/2021 19:51:35,0
10/20/2021 19:51:36,0
10/20/2021 19:51:37,0
10/20/2021 19:51:38,0
10/20/2021 19:51:39,0
10/20/2021 19:51:40,0
10/20/2021 19:51:41,0
10/20/2021 19:51:42,0
10/20/2021 19:51:43,0
10/20/2021 19:51:44,0
10/20/2021 19:51:45,0
10/20/2021 19:51:46,0
10/20/2021 19:51:47,0
10/20/2021 19:51:48,0
10/20/2021 19:51:49,0
10/20/2021 19:51:50,0
10/20/2021 19:51:51,0
10/20/2021 19:51:52,0
10/20/2021 19:51:53,0
10/20/2021 19:51:54,0
10/20/2021 19:51:55,0
10/20/2021 19:51:56,0
10/20/2021 19:51:57,0
10/20/2021 19:51:58,0
10/20/2021 19:51:59,0
10/20/2021 19:52:00,0
10/20/2021 19:52:01,0
10/20/2021 19:52:02,0
10/20/2021 19:52:03,0
10/20/2021 19:52:04,0
10/20/2021 19:52:05,0
10/20/2021 19:52:06,0
10/20/2021 19:52:07,0
10/20/2021 19:52:08,0
10/20/2021 19:52:09,0
10/20/2021 19:52:10,0
10/20/2021 19:52:11,0
10/20/2021 19:52:12,0
10/20/2021 19:52:13,0
10/20/2021 19:52:14,0
10/20/2021 19:52:15,0
10/20/2021 19:52:16,0
10/20/2021 19:52:17,0
10/20/2021 19:52:18,0
10/20/2021 19:52:19,0
10/20/2021 19:52:20,0
10/20/2021 19:52:21,0
10/20/2021 19:52:22,0
10/20/2021 19:52:23,0
10/20/2021 19:52:24,0
10/20/2021 19:52:25,0
10/20/2021 19:52:26,0
10/20/2021 19:52:27,0
10/20/2021 19:52:28,0
10/20/2021 19:52:29,0
10/20/2021 19:52:30,0
10/20/2021 19:52:31,0
10/20/2021 19:52:32,0
10/20/2021 19:52:33,0
10/20/2021 19:52:34,0
10/20/2021 19:52:35,0
10/20/2021 19:52:36,0
10/20/2021 19:52:37,0
10/20/2021 19:52:38,0
10/20/2021 19:52:39,0
10/20/2021 19:52:40,0
10/20/2021 19:52:41,0
10/20/2021 19:52:42,0
10/20/2021 19:52:43,0
10/20/2021 19:52:44,0
10/20/2021 19:52:45,0
10/20/2021 19:52:46,0
10/20/2021 19:52:47,0
10/20/2021 19:52:48,0
10/20/2021 19:52:49,0
10/20/2021 19:52:50,0
10/20/2021 19:52:51,0
10/20/2021 19:52:52,0
10/20/2021 19:52:53,0
10/20/2021 19:52:54,0
10/20/2021 19:52:55,0
10/20/2021 19:52:56,0
10/20/2021 19:52:57,0
10/20/2021 19:52:58,0
10/20/2021 19:52:59,0
10/20/2021 19:53:00,0
10/20/2021 19:53:01,0
10/20/2021 19:53:02,0
10/20/2021 19:53:03,0
10/20/2021 19:53:04,0
10/20/2021 19:53:05,0
10/20/2021 19:53:06,0
10/20/2021 19:53:07,0
10/20/2021 19:53:08,0
10/20/2021 19:53:09,0
10/20/2021 19:53:10,0
10/20/2021 19:53:11,0
10/20/2021 19:53:12,0
10/20/2021 19:53:13,0
10/20/2021 19:53:14,0
10/20/2021 19:53:15,0
10/20/2021 19:53:16,0
10/20/2021 19:53:17,0
10/20/2021 19:53:18,0
10/20/2021 19:53:19,0
10/20/2021 19:53:20,0
10/20/2021 19:53:21,0
10/20/2021 19:53:22,0
10/20/2021 19:53:23,0
10/20/2021 19:53:24,0
10/20/2021 19:53:25,0
10/20/2021 19:53:26,0
10/20/2021 19:53:27,0
10/20/2021 19:53:28,0
10/20/2021 19:53:29,0
10/20/2021 19:53:30,0
10/20/2021 19:53:31,0
10/20/2021 19:53:32,0
10/20/2021 19:53:33,0
10/20/2021 19:53:34,0
10/20/2021 19:53:35,0
10/20/2021 19:53:36,0
10/20/2021 19:53:37,0
10/20/2021 19:53:38,0
10/20/2021 19:53:39,0
10/20/2021 19:53:40,0
10/20/2021 19:53:41,0
10/20/2021 19:53:42,0
10/20/2021 19:53:43,0
10/20/2021 19:53:44,0
10/20/2021 19:53:45,0
10/20/2021 19:53:46,0
10/20/2021 19:53:47,0
10/20/2021 19:53:48,0
10/20/2021 19:53:49,0
10/20/2021 19:53:50,0
10/20/2021 19:53:51,0
10/20/2021 19:53:52,0
10/20/2021 19:53:53,0
10/20/2021 19:53:54,0
10/20/2021 19:53:55,0
10/20/2021 19:53:56,0
10/20/2021 19:53:57,0
10/20/2021 19:53:58,0
10/20/2021 19:53:59,0
10/20/2021 19:54:00,0
10/20/2021 19:54:01,0
10/20/2021 19:54:02,0
10/20/2021 19:54:03,0
10/20/2021 19:54:04,0
10/20/2021 19:54:05,0
10/20/2021 19:54:06,0
10/20/2021 19:54:07,0
10/20/2021 19:54:08,0
10/20/2021 19:54:09,0
10/20/2021 19:54:10,0
10/20/2021 19:54:11,0
10/20/2021 19:54:12,0
10/20/2021 19:54:13,0
10/20/2021 19:54:14,0
10/20/2021 19:54:15,0
10/20/2021 19:54:16,0
10/20/2021 19:54:17,0
10/20/2021 19:54:18,0
10/20/2021 19:54:19,0
10/20/2021 19:54:20,0
10/20/2021 19:54:21,0
10/20/2021 19:54:22,0
10/20/2021 19:54:23,0
10/20/2021 19:54:24,0
10/20/2021 19:54:25,0
10/20/2021 19:54:26,0
10/20/2021 19:54:27,0
10/20/2021 19:54:28,0
10/20/2021 19:54:29,0
10/20/2021 19:54:30,0
10/20/2021 19:54:31,0
10/20/2021 19:54:32,0
10/20/2021 19:54:33,0
10/20/2021 19:54:34,0
10/20/2021 19:54:35,0
10/20/2021 19:54:36,0
10/20/2021 19:54:37,0
10/20/2021 19:54:38,0
10/20/2021 19:54:39,0
10/20/2021 19:54:40,0
10/20/2021 19:54:41,0
10/20/2021 19:54:42,0
10/20/2021 19:54:43,0
10/20/2021 19:54:44,0
10/20/2021 19:54:45,0
10/20/2021 19:54:46,0
10/20/2021 19:54:47,0
10/20/2021 19:54:48,0
10/20/2021 19:54:49,0
10/20/2021 19:54:50,0
10/20/2021 19:54:51,0
10/20/2021 19:54:52,0
10/20/2021 19:54:53,0
10/20/2021 19:54:54,0
10/20/2021 19:54:55,0
10/20/2021 19:54:56,0
10/20/2021 19:54:57,0
10/20/2021 19:54:58,0
10/20/2021 19:54:59,0
10/20/2021 19:55:00,0
10/20/2021 19:55:01,0
10/20/2021 19:55:02,0
10/20/2021 19:55:03,0
10/20/2021 19:55:04,0
10/20/2021 19:55:05,0
10/20/2021 19:55:06,0
10/20/2021 19:55:07,0
10/20/2021 19:55:08,0
10/20/2021 19:55:09,0
10/20/2021 19:55:10,0
10/20/2021 19:55:11,0
10/20/2021 19:55:12,0
10/20/2021 19:55:13,0
10/20/2021 19:55:14,0
10/20/2021 19:55:15,0
10/20/2021 19:55:16,0
10/20/2021 19:55:17,0
10/20/2021 19:55:18,0
10/20/2021 19:55:19,0
10/20/2021 19:55:20,0
10/20/2021 19:55:21,0
10/20/2021 19:55:22,0
10/20/2021 19:55:23,0
10/20/2021 19:55:24,0
10/20/2021 19:55:25,0
10/20/2021 19:55:26,0
10/20/2021 19:55:27,0
10/20/2021 19:55:28,0
10/20/2021 19:55:29,0
10/20/2021 19:55:30,0
10/20/2021 19:55:31,0
10/20/2021 19:55:32,0
10/20/2021 19:55:33,0
10/20/2021 19:55:34,0
10/20/2021 19:55:35,0
10/20/2021 19:55:36,0
10/20/2021 19:55:37,0
10/20/2021 19:55:38,0
10/20/2021 19:55:39,0
10/20/2021 19:55:40,0
10/20/2021 19:55:41,0
10/20/2021 19:55:42,0
10/20/2021 19:55:43,0
10/20/2021 19:55:44,0
10/20/2021 19:55:45,0
10/20/2021 19:55:46,0
10/20/2021 19:55:47,0
10/20/2021 19:55:48,0
10/20/2021 19:55:49,0
10/20/2021 19:55:50,0
10/20/2021 19:55:51,0
10/20/2021 19:55:52,0
10/20/2021 19:55:53,0
10/20/2021 19:55:54,0
10/20/2021 19:55:55,0
10/20/2021 19:55:56,0
10/20/2021 19:55:57,0
10/20/2021 19:55:58,0
10/20/2021 19:55:59,0
10/20/2021 19:56:00,0
10/20/2021 19:56:01,0
10/20/2021 19:56:02,0
10/20/2021 19:56:03,0
10/20/2021 19:56:04,0
10/20/2021 19:56:05,0
10/20/2021 19:56:06,0
10/20/2021 19:56:07,0
10/20/2021 19:56:08,0
10/20/2021 19:56:09,0
10/20/2021 19:56:10,0
10/20/2021 19:56:11,0
10/20/2021 19:56:12,0
10/20/2021 19:56:13,0
10/20/2021 19:56:14,0
10/20/2021 19:56:15,0
10/20/2021 19:56:16,0
10/20/2021 19:56:17,0
10/20/2021 19:56:18,0
10/20/2021 19:56:19,0
10/20/2021 19:56:20,0
10/20/2021 19:56:21,0
10/20/2021 19:56:22,0
10/20/2021 19:56:23,0
10/20/2021 19:56:24,0
10/20/2021 19:56:25,0
10/20/2021 19:56:26,0
10/20/2021 19:56:27,0
10/20/2021 19:56:28,0
10/20/2021 19:56:29,0
10/20/2021 19:56:30,0
10/20/2021 19:56:31,0
10/20/2021 19:56:32,0
10/20/2021 19:56:33,0
10/20/2021 19:56:34,0
10/20/2021 19:56:35,0
10/20/2021 19:56:36,0
10/20/2021 19:56:37,0
10/20/2021 19:56:38,0
10/20/2021 19:56:39,0
10/20/2021 19:56:40,0
10/20/2021 19:56:41,0
10/20/2021 19:56:42,0
10/20/2021 19:56:43,0
10/20/2021 19:56:44,0
10/20/2021 19:56:45,0
10/20/2021 19:56:46,0
10/20/2021 19:56:47,0
10/20/2021 19:56:48,0
10/20/2021 19:56:49,0
10/20/2021 19:56:50,0
10/20/2021 19:56:51,0
10/20/2021 19:56:52,0
10/20/2021 19:56:53,0
10/20/2021 19:56:54,0
10/20/2021 19:56:55,0
10/20/2021 19:56:56,0
10/20/2021 19:56:57,0
10/20/2021 19:56:58,0
10/20/2021 19:56:59,0
10/20/2021 19:57:00,0
10/20/2021 19:57:01,0
10/20/2021 19:57:02,0
10/20/2021 19:57:03,0
10/20/2021 19:57:04,0
10/20/2021 19:57:05,0
10/20/2021 19:57:06,0
10/20/2021 19:57:07,0
10/20/2021 19:57:08,0
10/20/2021 19:57:09,0
10/20/2021 19:57:10,0
10/20/2021 19:57:11,0
10/20/2021 19:57:12,0
10/20/2021 19:57:13,0
10/20/2021 19:57:14,0
10/20/2021 19:57:15,0
10/20/2021 19:57:16,0
10/20/2021 19:57:17,0
10/20/2021 19:57:18,0
10/20/2021 19:57:19,0
10/20/2021 19:57:20,0
10/20/2021 19:57:21,0
10/20/2021 19:57:22,0
10/20/2021 19:57:23,0
10/20/2021 19:57:24,0
10/20/2021 19:57:25,0
10/20/2021 19:57:26,0
10/20/2021 19:57:27,0
10/20/2021 19:57:28,0
10/20/2021 19:57:29,0
10/20/2021 19:57:30,0
10/20/2021 19:57:31,0
10/20/2021 19:57:32,0
10/20/2021 19:57:33,0
10/20/2021 19:57:34,0
10/20/2021 19:57:35,0
10/20/2021 19:57:36,0
10/20/2021 19:57:37,0
10/20/2021 19:57:38,0
10/20/2021 19:57:39,0
10/20/2021 19:57:40,0
10/20/2021 19:57:41,0
10/20/2021 19:57:42,0
10/20/2021 19:57:43,0
10/20/2021 19:57:44,0
10/20/2021 19:57:45,0
10/20/2021 19:57:46,0
10/20/2021 19:57:47,0
10/20/2021 19:57:48,0
10/20/2021 19:57:49,0
10/20/2021 19:57:50,0
10/20/2021 19:57:51,0
10/20/2021 19:57:52,0
10/20/2021 19:57:53,0
10/20/2021 19:57:54,0
10/20/2021 19:57:55,0
10/20/2021 19:57:56,0
10/20/2021 19:57:57,0
10/20/2021 19:57:58,0
10/20/2021 19:57:59,0
10/20/2021 19:58:00,0
10/20/2021 19:58:01,0
10/20/2021 19:58:02,0
10/20/2021 19:58:03,0
10/20/2021 19:58:04,0
10/20/2021 19:58:05,0
10/20/2021 19:58:06,0
10/20/2021 19:58:07,0
10/20/2021 19:58:08,0
10/20/2021 19:58:09,0
10/20/2021 19:58:10,0
10/20/2021 19:58:11,0
10/20/2021 19:58:12,0
10/20/2021 19:58:13,0
10/20/2021 19:58:14,0
10/20/2021 19:58:15,0
10/20/2021 19:58:16,0
10/20/2021 19:58:17,0
10/20/2021 19:58:18,0
10/20/2021 19:58:19,0
10/20/2021 19:58:20,0
10/20/2021 19:58:21,0
10/20/2021 19:58:22,0
10/20/2021 19:58:23,0
10/20/2021 19:58:24,0
10/20/2021 19:58:25,0
10/20/2021 19:58:26,0
10/20/2021 19:58:27,0
10/20/2021 19:58:28,0
10/20/2021 19:58:29,0
10/20/2021 19:58:30,0
10/20/2021 19:58:31,0
10/20/2021 19:58:32,0
10/20/2021 19:58:33,0
10/20/2021 19:58:34,0
10/20/2021 19:58:35,0
10/20/2021 19:58:36,0
10/20/2021 19:58:37,0
10/20/2021 19:58:38,0
10/20/2021 19:58:39,0
10/20/2021 19:58:40,0
10/20/2021 19:58:41,0
10/20/2021 19:58:42,0
10/20/2021 19:58:43,0
10/20/2021 19:58:44,0
10/20/2021 19:58:45,0
10/20/2021 19:58:46,0
10/20/2021 19:58:47,0
10/20/2021 19:58:48,0
10/20/2021 19:58:49,0
10/20/2021 19:58:50,0
10/20/2021 19:58:51,0
10/20/2021 19:58:52,0
10/20/2021 19:58:53,0
10/20/2021 19:58:54,0
10/20/2021 19:58:55,0
10/20/2021 19:58:56,0
10/20/2021 19:58:57,0
10/20/2021 19:58:58,0
10/20/2021 19:58:59,0
10/20/2021 19:59:00,0
10/20/2021 19:59:01,0
10/20/2021 19:59:02,0
10/20/2021 19:59:03,0
10/20/2021 19:59:04,0
10/20/2021 19:59:05,0
10/20/2021 19:59:06,0
10/20/2021 19:59:07,0
10/20/2021 19:59:08,0
10/20/2021 19:59:09,0
10/20/2021 19:59:10,0
10/20/2021 19:59:11,0
10/20/2021 19:59:12,0
10/20/2021 19:59:13,0
10/20/2021 19:59:14,0
10/20/2021 19:59:15,0
10/20/2021 19:59:16,0
10/20/2021 19:59:17,0
10/20/2021 19:59:18,0
10/20/2021 19:59:19,0
10/20/2021 19:59:20,0
10/20/2021 19:59:21,0
10/20/2021 19:59:22,0
10/20/2021 19:59:23,0
10/20/2021 19:59:24,0
10/20/2021 19:59:25,0
10/20/2021 19:59:26,0
10/20/2021 19:59:27,0
10/20/2021 19:59:28,0
10/20/2021 19:59:29,0
10/20/2021 19:59:30,0
10/20/2021 19:59:31,0
10/20/2021 19:59:32,0
10/20/2021 19:59:33,0
10/20/2021 19:59:34,0
10/20/2021 19:59:35,0
10/20/2021 19:59:36,0
10/20/2021 19:59:37,0
10/20/2021 19:59:38,0
10/20/2021 19:59:39,0
10/20/2021 19:59:40,0
10/20/2021 19:59:41,0
10/20/2021 19:59:42,0
10/20/2021 19:59:43,0
10/20/2021 19:59:44,0
10/20/2021 19:59:45,0
10/20/2021 19:59:46,0
10/20/2021 19:59:47,0
10/20/2021 19:59:48,0
10/20/2021 19:59:49,0
10/20/2021 19:59:50,0
10/20/2021 19:59:51,0
10/20/2021 19:59:52,0
10/20/2021 19:59:53,0
10/20/2021 19:59:54,0
10/20/2021 19:59:55,0
10/20/2021 19:59:56,0
10/20/2021 19:59:57,0
10/20/2021 19:59:58,0
10/20/2021 19:59:59,0
10/20/2021 20:00:00,0
10/20/2021 20:00:01,0
10/20/2021 20:00:02,0
10/20/2021 20:00:03,0
10/20/2021 20:00:04,0
10/20/2021 20:00:05,0
10/20/2021 20:00:06,0
10/20/2021 20:00:07,0
10/20/2021 20:00:08,0
10/20/2021 20:00:09,0
10/20/2021 20:00:10,0
10/20/2021 20:00:11,0
10/20/2021 20:00:12,0
10/20/2021 20:00:13,0
10/20/2021 20:00:14,0
10/20/2021 20:00:15,0
10/20/2021 20:00:16,0
10/20/2021 20:00:17,0
10/20/2021 20:00:18,0
10/20/2021 20:00:19,0
10/20/2021 20:00:20,0
10/20/2021 20:00:21,0
10/20/2021 20:00:22,0
10/20/2021 20:00:23,0
10/20/2021 20:00:24,0
10/20/2021 20:00:25,0
10/20/2021 20:00:26,0
10/20/2021 20:00:27,0
10/20/2021 20:00:28,0
10/20/2021 20:00:29,0
10/20/2021 20:00:30,0
10/20/2021 20:00:31,0
10/20/2021 20:00:32,0
10/20/2021 20:00:33,0
10/20/2021 20:00:34,0
10/20/2021 20:00:35,0
10/20/2021 20:00:36,0
10/20/2021 20:00:37,0
10/20/2021 20:00:38,0
10/20/2021 20:00:39,0
10/20/2021 20:00:40,0
10/20/2021 20:00:41,0
10/20/2021 20:00:42,0
10/20/2021 20:00:43,0
10/20/2021 20:00:44,0
10/20/2021 20:00:45,0
10/20/2021 20:00:46,0
10/20/2021 20:00:47,0
10/20/2021 20:00:48,0
10/20/2021 20:00:49,0
10/20/2021 20:00:50,0
10/20/2021 20:00:51,0
10/20/2021 20:00:52,0
10/20/2021 20:00:53,0
10/20/2021 20:00:54,0
10/20/2021 20:00:55,0
10/20/2021 20:00:56,0
10/20/2021 20:00:57,0
10/20/2021 20:00:58,0
10/20/2021 20:00:59,0
10/20/2021 20:01:00,0
10/20/2021 20:01:01,0
10/20/2021 20:01:02,0
10/20/2021 20:01:03,0
10/20/2021 20:01:04,0
10/20/2021 20:01:05,0
10/20/2021 20:01:06,0
10/20/2021 20:01:07,0
10/20/2021 20:01:08,0
10/20/2021 20:01:09,0
10/20/2021 20:01:10,0
10/20/2021 20:01:11,0
10/20/2021 20:01:12,0
10/20/2021 20:01:13,0
10/20/2021 20:01:14,0
10/20/2021 20:01:15,0
10/20/2021 20:01:16,0
10/20/2021 20:01:17,0
10/20/2021 20:01:18,0
10/20/2021 20:01:19,0
10/20/2021 20:01:20,0
10/20/2021 20:01:21,0
10/20/2021 20:01:22,0
10/20/2021 20:01:23,0
10/20/2021 20:01:24,0
10/20/2021 20:01:25,0
10/20/2021 20:01:26,0
10/20/2021 20:01:27,0
10/20/2021 20:01:28,0
10/20/2021 20:01:29,0
10/20/2021 20:01:30,0
10/20/2021 20:01:31,0
10/20/2021 20:01:32,0
10/20/2021 20:01:33,0
10/20/2021 20:01:34,0
10/20/2021 20:01:35,0
10/20/2021 20:01:36,0
10/20/2021 20:01:37,0
10/20/2021 20:01:38,0
10/20/2021 20:01:39,0
10/20/2021 20:01:40,0
10/20/2021 20:01:41,0
10/20/2021 20:01:42,0
10/20/2021 20:01:43,0
10/20/2021 20:01:44,0
10/20/2021 20:01:45,0
10/20/2021 20:01:46,0
10/20/2021 20:01:47,0
10/20/2021 20:01:48,0
10/20/2021 20:01:49,0
10/20/2021 20:01:50,0
10/20/2021 20:01:51,0
10/20/2021 20:01:52,0
10/20/2021 20:01:53,0
10/20/2021 20:01:54,0
10/20/2021 20:01:55,0
10/20/2021 20:01:56,0
10/20/2021 20:01:57,0
10/20/2021 20:01:58,0
10/20/2021 20:01:59,0
10/20/2021 20:02:00,0
10/20/2021 20:02:01,0
10/20/2021 20:02:02,0
10/20/2021 20:02:03,0
10/20/2021 20:02:04,0
10/20/2021 20:02:05,0
10/20/2021 20:02:06,0
10/20/2021 20:02:07,0
10/20/2021 20:02:08,0
10/20/2021 20:02:09,0
10/20/2021 20:02:10,0
10/20/2021 20:02:11,0
10/20/2021 20:02:12,0
10/20/2021 20:02:13,0
10/20/2021 20:02:14,0
10/20/2021 20:02:15,0
10/20/2021 20:02:16,0
10/20/2021 20:02:17,0
10/20/2021 20:02:18,0
10/20/2021 20:02:19,0
10/20/2021 20:02:20,0
10/20/2021 20:02:21,0
10/20/2021 20:02:22,0
10/20/2021 20:02:23,0
10/20/2021 20:02:24,0
10/20/2021 20:02:25,0
10/20/2021 20:02:26,0
10/20/2021 20:02:27,0
10/20/2021 20:02:28,0
10/20/2021 20:02:29,0
10/20/2021 20:02:30,0
10/20/2021 20:02:31,0
10/20/2021 20:02:32,0
10/20/2021 20:02:33,0
10/20/2021 20:02:34,0
10/20/2021 20:02:35,0
10/20/2021 20:02:36,0
10/20/2021 20:02:37,0
10/20/2021 20:02:38,0
10/20/2021 20:02:39,0
10/20/2021 20:02:40,0
10/20/2021 20:02:41,0
10/20/2021 20:02:42,0
10/20/2021 20:02:43,0
10/20/2021 20:02:44,0
10/20/2021 20:02:45,0
10/20/2021 20:02:46,0
10/20/2021 20:02:47,0
10/20/2021 20:02:48,0
10/20/2021 20:02:49,0
10/20/2021 20:02:50,0
10/20/2021 20:02:51,0
10/20/2021 20:02:52,0
10/20/2021 20:02:53,0
10/20/2021 20:02:54,0
10/20/2021 20:02:55,0
10/20/2021 20:02:56,0
10/20/2021 20:02:57,0
10/20/2021 20:02:58,0
10/20/2021 20:02:59,0
10/20/2021 20:03:00,0
10/20/2021 20:03:01,0
10/20/2021 20:03:02,0
10/20/2021 20:03:03,0
10/20/2021 20:03:04,0
10/20/2021 20:03:05,0
10/20/2021 20:03:06,0
10/20/2021 20:03:07,0
10/20/2021 20:03:08,0
10/20/2021 20:03:09,0
10/20/2021 20:03:10,0
10/20/2021 20:03:11,0
10/20/2021 20:03:12,0
10/20/2021 20:03:13,0
10/20/2021 20:03:14,0
10/20/2021 20:03:15,0
10/20/2021 20:03:16,0
10/20/2021 20:03:17,0
10/20/2021 20:03:18,0
10/20/2021 20:03:19,0
10/20/2021 20:03:20,0
10/20/2021 20:03:21,0
10/20/2021 20:03:22,0
10/20/2021 20:03:23,0
10/20/2021 20:03:24,0
10/20/2021 20:03:25,0
10/20/2021 20:03:26,0
10/20/2021 20:03:27,0
10/20/2021 20:03:28,0
10/20/2021 20:03:29,0
10/20/2021 20:03:30,0
10/20/2021 20:03:31,0
10/20/2021 20:03:32,0
10/20/2021 20:03:33,0
10/20/2021 20:03:34,0
10/20/2021 20:03:35,0
10/20/2021 20:03:36,0
10/20/2021 20:03:37,0
10/20/2021 20:03:38,0
10/20/2021 20:03:39,0
10/20/2021 20:03:40,0
10/20/2021 20:03:41,0
10/20/2021 20:03:42,0
10/20/2021 20:03:43,0
10/20/2021 20:03:44,0
10/20/2021 20:03:45,0
10/20/2021 20:03:46,0
10/20/2021 20:03:47,0
10/20/2021 20:03:48,0
10/20/2021 20:03:49,0
10/20/2021 20:03:50,0
10/20/2021 20:03:51,0
10/20/2021 20:03:52,0
10/20/2021 20:03:53,0
10/20/2021 20:03:54,0
10/20/2021 20:03:55,0
10/20/2021 20:03:56,0
10/20/2021 20:03:57,0
10/20/2021 20:03:58,0
10/20/2021 20:03:59,0
10/20/2021 20:04:00,0
10/20/2021 20:04:01,0
10/20/2021 20:04:02,0
10/20/2021 20:04:03,0
10/20/2021 20:04:04,0
10/20/2021 20:04:05,0
10/20/2021 20:04:06,0
10/20/2021 20:04:07,0
10/20/2021 20:04:08,0
10/20/2021 20:04:09,0
10/20/2021 20:04:10,0
10/20/2021 20:04:11,0
10/20/2021 20:04:12,0
10/20/2021 20:04:13,0
10/20/2021 20:04:14,0
10/20/2021 20:04:15,0
10/20/2021 20:04:16,0
10/20/2021 20:04:17,0
10/20/2021 20:04:18,0
10/20/2021 20:04:19,0
10/20/2021 20:04:20,0
10/20/2021 20:04:21,0
10/20/2021 20:04:22,0
10/20/2021 20:04:23,0
10/20/2021 20:04:24,0
10/20/2021 20:04:25,0
10/20/2021 20:04:26,0
10/20/2021 20:04:27,0
10/20/2021 20:04:28,0
10/20/2021 20:04:29,0
10/20/2021 20:04:30,0
10/20/2021 20:04:31,0
10/20/2021 20:04:32,0
10/20/2021 20:04:33,0
10/20/2021 20:04:34,0
10/20/2021 20:04:35,0
10/20/2021 20:04:36,0
10/20/2021 20:04:37,0
10/20/2021 20:04:38,0
10/20/2021 20:04:39,0
10/20/2021 20:04:40,0
10/20/2021 20:04:41,0
10/20/2021 20:04:42,0
10/20/2021 20:04:43,0
10/20/2021 20:04:44,0
10/20/2021 20:04:45,0
10/20/2021 20:04:46,0
10/20/2021 20:04:47,0
10/20/2021 20:04:48,0
10/20/2021 20:04:49,0
10/20/2021 20:04:50,0
10/20/2021 20:04:51,0
10/20/2021 20:04:52,0
10/20/2021 20:04:53,0
10/20/2021 20:04:54,0
10/20/2021 20:04:55,0
10/20/2021 20:04:56,0
10/20/2021 20:04:57,0
10/20/2021 20:04:58,0
10/20/2021 20:04:59,0
10/20/2021 20:05:00,0
10/20/2021 20:05:01,0
10/20/2021 20:05:02,0
10/20/2021 20:05:03,0
10/20/2021 20:05:04,0
10/20/2021 20:05:05,0
10/20/2021 20:05:06,0
10/20/2021 20:05:07,0
10/20/2021 20:05:08,0
10/20/2021 20:05:09,0
10/20/2021 20:05:10,0
10/20/2021 20:05:11,0
10/20/2021 20:05:12,0
10/20/2021 20:05:13,0
10/20/2021 20:05:14,0
10/20/2021 20:05:15,0
10/20/2021 20:05:16,0
10/20/2021 20:05:17,0
10/20/2021 20:05:18,0
10/20/2021 20:05:19,0
10/20/2021 20:05:20,0
10/20/2021 20:05:21,0
10/20/2021 20:05:22,0
10/20/2021 20:05:23,0
10/20/2021 20:05:24,0
10/20/2021 20:05:25,0
10/20/2021 20:05:26,0
10/20/2021 20:05:27,0
10/20/2021 20:05:28,0
10/20/2021 20:05:29,0
10/20/2021 20:05:30,0
10/20/2021 20:05:31,0
10/20/2021 20:05:32,0
10/20/2021 20:05:33,0
10/20/2021 20:05:34,0
10/20/2021 20:05:35,0
10/20/2021 20:05:36,0
10/20/2021 20:05:37,0
10/20/2021 20:05:38,0
10/20/2021 20:05:39,0
10/20/2021 20:05:40,0
10/20/2021 20:05:41,0
10/20/2021 20:05:42,0
10/20/2021 20:05:43,0
10/20/2021 20:05:44,0
10/20/2021 20:05:45,0
10/20/2021 20:05:46,0
10/20/2021 20:05:47,0
10/20/2021 20:05:48,0
10/20/2021 20:05:49,0
10/20/2021 20:05:50,0
10/20/2021 20:05:51,0
10/20/2021 20:05:52,0
10/20/2021 20:05:53,0
10/20/2021 20:05:54,0
10/20/2021 20:05:55,0
10/20/2021 20:05:56,0
10/20/2021 20:05:57,0
10/20/2021 20:05:58,0
10/20/2021 20:05:59,0
10/20/2021 20:06:00,0
10/20/2021 20:06:01,0
10/20/2021 20:06:02,0
10/20/2021 20:06:03,0
10/20/2021 20:06:04,0
10/20/2021 20:06:05,0
10/20/2021 20:06:06,0
10/20/2021 20:06:07,0
10/20/2021 20:06:08,0
10/20/2021 20:06:09,0
10/20/2021 20:06:10,0
10/20/2021 20:06:11,0
10/20/2021 20:06:12,0
10/20/2021 20:06:13,0
10/20/2021 20:06:14,0
10/20/2021 20:06:15,0
10/20/2021 20:06:16,0
10/20/2021 20:06:17,0
10/20/2021 20:06:18,0
10/20/2021 20:06:19,0
10/20/2021 20:06:20,0
10/20/2021 20:06:21,0
10/20/2021 20:06:22,0
10/20/2021 20:06:23,0
10/20/2021 20:06:24,0
10/20/2021 20:06:25,0
10/20/2021 20:06:26,0
10/20/2021 20:06:27,0
10/20/2021 20:06:28,0
10/20/2021 20:06:29,0
10/20/2021 20:06:30,0
10/20/2021 20:06:31,0
10/20/2021 20:06:32,0
10/20/2021 20:06:33,0
10/20/2021 20:06:34,0
10/20/2021 20:06:35,0
10/20/2021 20:06:36,0
10/20/2021 20:06:37,0
10/20/2021 20:06:38,0
10/20/2021 20:06:39,0
10/20/2021 20:06:40,0
10/20/2021 20:06:41,0
10/20/2021 20:06:42,0
10/20/2021 20:06:43,0
10/20/2021 20:06:44,0
10/20/2021 20:06:45,0
10/20/2021 20:06:46,0
10/20/2021 20:06:47,0
10/20/2021 20:06:48,0
10/20/2021 20:06:49,0
10/20/2021 20:06:50,0
10/20/2021 20:06:51,0
10/20/2021 20:06:52,0
10/20/2021 20:06:53,0
10/20/2021 20:06:54,0
10/20/2021 20:06:55,0
10/20/2021 20:06:56,0
10/20/2021 20:06:57,0
10/20/2021 20:06:58,0
10/20/2021 20:06:59,0
10/20/2021 20:07:00,0
10/20/2021 20:07:01,0
10/20/2021 20:07:02,0
10/20/2021 20:07:03,0
10/20/2021 20:07:04,0
10/20/2021 20:07:05,0
10/20/2021 20:07:06,0
10/20/2021 20:07:07,0
10/20/2021 20:07:08,0
10/20/2021 20:07:09,0
10/20/2021 20:07:10,0
10/20/2021 20:07:11,0
10/20/2021 20:07:12,0
10/20/2021 20:07:13,0
10/20/2021 20:07:14,0
10/20/2021 20:07:15,0
10/20/2021 20:07:16,0
10/20/2021 20:07:17,0
10/20/2021 20:07:18,0
10/20/2021 20:07:19,0
10/20/2021 20:07:20,0
10/20/2021 20:07:21,0
10/20/2021 20:07:22,0
10/20/2021 20:07:23,0
10/20/2021 20:07:24,0
10/20/2021 20:07:25,0
10/20/2021 20:07:26,0
10/20/2021 20:07:27,0
10/20/2021 20:07:28,0
10/20/2021 20:07:29,0
10/20/2021 20:07:30,0
10/20/2021 20:07:31,0
10/20/2021 20:07:32,0
10/20/2021 20:07:33,0
10/20/2021 20:07:34,0
10/20/2021 20:07:35,0
10/20/2021 20:07:36,0
10/20/2021 20:07:37,0
10/20/2021 20:07:38,0
10/20/2021 20:07:39,0
10/20/2021 20:07:40,0
10/20/2021 20:07:41,0
10/20/2021 20:07:42,0
10/20/2021 20:07:43,0
10/20/2021 20:07:44,0
10/20/2021 20:07:45,0
10/20/2021 20:07:46,0
10/20/2021 20:07:47,0
10/20/2021 20:07:48,0
10/20/2021 20:07:49,0
10/20/2021 20:07:50,0
10/20/2021 20:07:51,0
10/20/2021 20:07:52,0
10/20/2021 20:07:53,0
10/20/2021 20:07:54,0
10/20/2021 20:07:55,0
10/20/2021 20:07:56,0
10/20/2021 20:07:57,0
10/20/2021 20:07:58,0
10/20/2021 20:07:59,0
10/20/2021 20:08:00,0
10/20/2021 20:08:01,0
10/20/2021 20:08:02,0
10/20/2021 20:08:03,0
10/20/2021 20:08:04,0
10/20/2021 20:08:05,0
10/20/2021 20:08:06,0
10/20/2021 20:08:07,0
10/20/2021 20:08:08,0
10/20/2021 20:08:09,0
10/20/2021 20:08:10,0
10/20/2021 20:08:11,0
10/20/2021 20:08:12,0
10/20/2021 20:08:13,0
10/20/2021 20:08:14,0
10/20/2021 20:08:15,0
10/20/2021 20:08:16,0
10/20/2021 20:08:17,0
10/20/2021 20:08:18,0
10/20/2021 20:08:19,0
10/20/2021 20:08:20,0
10/20/2021 20:08:21,0
10/20/2021 20:08:22,0
10/20/2021 20:08:23,0
10/20/2021 20:08:24,0
10/20/2021 20:08:25,0
10/20/2021 20:08:26,0
10/20/2021 20:08:27,0
10/20/2021 20:08:28,0
10/20/2021 20:08:29,0
10/20/2021 20:08:30,0
10/20/2021 20:08:31,0
10/20/2021 20:08:32,0
10/20/2021 20:08:33,0
10/20/2021 20:08:34,0
10/20/2021 20:08:35,0
10/20/2021 20:08:36,0
10/20/2021 20:08:37,0
10/20/2021 20:08:38,0
10/20/2021 20:08:39,0
10/20/2021 20:08:40,0
10/20/2021 20:08:41,0
10/20/2021 20:08:42,0
10/20/2021 20:08:43,0
10/20/2021 20:08:44,0
10/20/2021 20:08:45,0
10/20/2021 20:08:46,0
10/20/2021 20:08:47,0
10/20/2021 20:08:48,0
10/20/2021 20:08:49,0
10/20/2021 20:08:50,0
10/20/2021 20:08:51,0
10/20/2021 20:08:52,0
10/20/2021 20:08:53,0
10/20/2021 20:08:54,0
10/20/2021 20:08:55,0
10/20/2021 20:08:56,0
10/20/2021 20:08:57,0
10/20/2021 20:08:58,0
10/20/2021 20:08:59,0
10/20/2021 20:09:00,0
10/20/2021 20:09:01,0
10/20/2021 20:09:02,0
10/20/2021 20:09:03,0
10/20/2021 20:09:04,0
10/20/2021 20:09:05,0
10/20/2021 20:09:06,0
10/20/2021 20:09:07,0
10/20/2021 20:09:08,0
10/20/2021 20:09:09,0
10/20/2021 20:09:10,0
10/20/2021 20:09:11,0
10/20/2021 20:09:12,0
10/20/2021 20:09:13,0
10/20/2021 20:09:14,0
10/20/2021 20:09:15,0
10/20/2021 20:09:16,0
10/20/2021 20:09:17,0
10/20/2021 20:09:18,0
10/20/2021 20:09:19,0
10/20/2021 20:09:20,0
10/20/2021 20:09:21,0
10/20/2021 20:09:22,0
10/20/2021 20:09:23,0
10/20/2021 20:09:24,0
10/20/2021 20:09:25,0
10/20/2021 20:09:26,0
10/20/2021 20:09:27,0
10/20/2021 20:09:28,0
10/20/2021 20:09:29,0
10/20/2021 20:09:30,0
10/20/2021 20:09:31,0
10/20/2021 20:09:32,0
10/20/2021 20:09:33,0
10/20/2021 20:09:34,0
10/20/2021 20:09:35,0
10/20/2021 20:09:36,0
10/20/2021 20:09:37,0
10/20/2021 20:09:38,0
10/20/2021 20:09:39,0
10/20/2021 20:09:40,0
10/20/2021 20:09:41,0
10/20/2021 20:09:42,0
10/20/2021 20:09:44,341.33
10/20/2021 20:09:45,663.33
10/20/2021 20:09:46,945.71
10/20/2021 20:09:47,1516
10/20/2021 20:09:48,2324.27
10/20/2021 20:09:49,2482.07
10/20/2021 20:09:50,2621.88
10/20/2021 20:09:51,2720.92
10/20/2021 20:09:52,2367.66
10/20/2021 20:09:53,2829.73
10/20/2021 20:09:54,2982.87
10/20/2021 20:09:55,2962.35
10/20/2021 20:09:57,2941
10/20/2021 20:09:58,2842.27
10/20/2021 20:09:59,2923.77
10/20/2021 20:10:00,2840.8
10/20/2021 20:10:01,2374
10/20/2021 20:10:02,2774
10/20/2021 20:10:03,2774.24
10/20/2021 20:10:05,2752
10/20/2021 20:10:06,2744
10/20/2021 20:10:07,2751.54
10/20/2021 20:10:08,2755.69
10/20/2021 20:10:09,2763.07
10/20/2021 20:10:10,2776
10/20/2021 20:10:11,2785
10/20/2021 20:10:12,2906.59
10/20/2021 20:10:13,2669.94
10/20/2021 20:10:14,2813
10/20/2021 20:10:15,2665.76
10/20/2021 20:10:16,2667.05
10/20/2021 20:10:17,2864.34
10/20/2021 20:10:18,2602.75
10/20/2021 20:10:19,2892.25
10/20/2021 20:10:20,2769.32
10/20/2021 20:10:21,2769.01
10/20/2021 20:10:22,2743.89
10/20/2021 20:10:23,2750.01
10/20/2021 20:10:24,2966.4
10/20/2021 20:10:25,2965.54
10/20/2021 20:10:26,2797.62
10/20/2021 20:10:27,2747.26
10/20/2021 20:10:28,2825
10/20/2021 20:10:29,2914.45
10/20/2021 20:10:30,2918.23
10/20/2021 20:10:31,2912.77
10/20/2021 20:10:32,2799
10/20/2021 20:10:33,2806.44
10/20/2021 20:10:34,2924.52
10/20/2021 20:10:35,2767.54
10/20/2021 20:10:36,2743.94
10/20/2021 20:10:37,2307.67
10/20/2021 20:10:38,2808.24
10/20/2021 20:10:39,2823.02
10/20/2021 20:10:40,2913.88
10/20/2021 20:10:41,2903
10/20/2021 20:10:43,2797.49
10/20/2021 20:10:44,2791.58
10/20/2021 20:10:45,2795.37
10/20/2021 20:10:46,2740.03
10/20/2021 20:10:47,2761.98
10/20/2021 20:10:49,2762.83
10/20/2021 20:10:50,2301.69
10/20/2021 20:10:51,2306.09
10/20/2021 20:10:52,2916.18
10/20/2021 20:10:53,2913.8
10/20/2021 20:10:54,2916.69
10/20/2021 20:10:55,2796
10/20/2021 20:10:56,2863.09
10/20/2021 20:10:57,2868.31
10/20/2021 20:10:59,2749.19
10/20/2021 20:11:00,2569.18
10/20/2021 20:11:01,2813.07
10/20/2021 20:11:02,2799.49
10/20/2021 20:11:03,2795.27
10/20/2021 20:11:05,2867.39
10/20/2021 20:11:06,2919.69
10/20/2021 20:11:07,2824.93
10/20/2021 20:11:08,2917.68
10/20/2021 20:11:09,2961.4
10/20/2021 20:11:10,2988.75
10/20/2021 20:11:11,2943.55
10/20/2021 20:11:12,2839.43
10/20/2021 20:11:13,2955.36
10/20/2021 20:11:14,2883.84
10/20/2021 20:11:15,2843.88
10/20/2021 20:11:16,2945.41
10/20/2021 20:11:17,2827.62
10/20/2021 20:11:18,2913.74
10/20/2021 20:11:19,2832.55
10/20/2021 20:11:20,2963.52
10/20/2021 20:11:21,2865.48
10/20/2021 20:11:22,2842
10/20/2021 20:11:23,2839.54
10/20/2021 20:11:24,2888.33
10/20/2021 20:11:25,2025.11
10/20/2021 20:11:26,2038.11
10/20/2021 20:11:27,2866.5
10/20/2021 20:11:28,2832.59
10/20/2021 20:11:29,2837.5
10/20/2021 20:11:30,2842.47
10/20/2021 20:11:31,2856.65
10/20/2021 20:11:32,2989.35
10/20/2021 20:11:33,2849.67
10/20/2021 20:11:34,2658.88
10/20/2021 20:11:35,2959.28
10/20/2021 20:11:36,2857
10/20/2021 20:11:37,2966.29
10/20/2021 20:11:38,2849.79
10/20/2021 20:11:39,2844.88
10/20/2021 20:11:40,2839
10/20/2021 20:11:41,2850.97
10/20/2021 20:11:42,2850.34
10/20/2021 20:11:43,2844.72
10/20/2021 20:11:44,2845.69
10/20/2021 20:11:45,2653.84
10/20/2021 20:11:46,2961.75
10/20/2021 20:11:47,2840.03
10/20/2021 20:11:48,2887.32
10/20/2021 20:11:49,2852.1
10/20/2021 20:11:50,2386.62
10/20/2021 20:11:51,2857.97
10/20/2021 20:11:52,2853.38
10/20/2021 20:11:53,2853.34
10/20/2021 20:11:54,2850
10/20/2021 20:11:55,2947.59
10/20/2021 20:11:56,2845.71
10/20/2021 20:11:57,2847.68
10/20/2021 20:11:58,2846.66
10/20/2021 20:11:59,2857
10/20/2021 20:12:00,2649.36
10/20/2021 20:12:01,2951.13
10/20/2021 20:12:02,2947.23
10/20/2021 20:12:04,2660.14
10/20/2021 20:12:05,2843.85
10/20/2021 20:12:06,2829.38
10/20/2021 20:12:07,2821.71
10/20/2021 20:12:08,2925.37
10/20/2021 20:12:09,2842.77
10/20/2021 20:12:10,2937.01
10/20/2021 20:12:11,2837.07
10/20/2021 20:12:12,2843
10/20/2021 20:12:13,2829.43
10/20/2021 20:12:14,2823.1
10/20/2021 20:12:15,2921.69
10/20/2021 20:12:17,2824.33
10/20/2021 20:12:18,2922.4
10/20/2021 20:12:19,2826.97
10/20/2021 20:12:20,2826.16
10/20/2021 20:12:21,2837.28
10/20/2021 20:12:22,2832.92
10/20/2021 20:12:23,2846.48
10/20/2021 20:12:24,2843.21
10/20/2021 20:12:25,2940.79
10/20/2021 20:12:26,2838.05
10/20/2021 20:12:27,2637.08
10/20/2021 20:12:28,2866.3
10/20/2021 20:12:29,2857.14
10/20/2021 20:12:31,2018.14
10/20/2021 20:12:32,2919.89
10/20/2021 20:12:33,2864.43
10/20/2021 20:12:34,2819.51
10/20/2021 20:12:36,2853.83
10/20/2021 20:12:37,2642.58
10/20/2021 20:12:38,2852.65
10/20/2021 20:12:39,2946.06
10/20/2021 20:12:41,2826.59
10/20/2021 20:12:42,2885.95
10/20/2021 20:12:43,2838.63
10/20/2021 20:12:44,2846.77
10/20/2021 20:12:45,2918.76
10/20/2021 20:12:46,2922.12
10/20/2021 20:12:47,2387.56
10/20/2021 20:12:48,2585.91
10/20/2021 20:12:49,2835.53
10/20/2021 20:12:50,2832.18
10/20/2021 20:12:51,2838.31
10/20/2021 20:12:52,2845.56
10/20/2021 20:12:53,2543.95
10/20/2021 20:12:54,2832
10/20/2021 20:12:55,2844.5
10/20/2021 20:12:56,2981.95
10/20/2021 20:12:57,2919.13
10/20/2021 20:12:58,2945.41
10/20/2021 20:12:59,2851.43
10/20/2021 20:13:00,2828.96
10/20/2021 20:13:01,2840.1
10/20/2021 20:13:02,2985.45
10/20/2021 20:13:04,2927.49
10/20/2021 20:13:05,2828.15
10/20/2021 20:13:06,2028.06
10/20/2021 20:13:07,2822.42
10/20/2021 20:13:08,2842.09
10/20/2021 20:13:09,2833.03
10/20/2021 20:13:10,2852
10/20/2021 20:13:11,2823.13
10/20/2021 20:13:12,2824.09
10/20/2021 20:13:13,2939.59
10/20/2021 20:13:14,2931.46
10/20/2021 20:13:15,2919.79
10/20/2021 20:13:16,2941.99
10/20/2021 20:13:17,2635.69
10/20/2021 20:13:18,2946.32
10/20/2021 20:13:19,2828.34
10/20/2021 20:13:20,2824
10/20/2021 20:13:21,2844
10/20/2021 20:13:22,2842.13
10/20/2021 20:13:23,2958.28
10/20/2021 20:13:24,2952.5
10/20/2021 20:13:25,2851.12
10/20/2021 20:13:26,2852.99
10/20/2021 20:13:27,2916.26
10/20/2021 20:13:28,2918.99
10/20/2021 20:13:29,2905.79
10/20/2021 20:13:30,2827.54
10/20/2021 20:13:31,2853.65
10/20/2021 20:13:32,2817.73
10/20/2021 20:13:33,2913.22
10/20/2021 20:13:34,2619.05
10/20/2021 20:13:35,2822.34
10/20/2021 20:13:36,2629.59
10/20/2021 20:13:37,2654.68
10/20/2021 20:13:38,2866
10/20/2021 20:13:39,2888.95
10/20/2021 20:13:40,2346.49
10/20/2021 20:13:41,2844.76
10/20/2021 20:13:42,2846.86
10/20/2021 20:13:43,2832.69
10/20/2021 20:13:44,2832.38
10/20/2021 20:13:45,2964.51
10/20/2021 20:13:46,2633.31
10/20/2021 20:13:47,2830
10/20/2021 20:13:48,2880.26
10/20/2021 20:13:49,2915.67
10/20/2021 20:13:50,2958.25
10/20/2021 20:13:51,2852.13
10/20/2021 20:13:54,2836.86
10/20/2021 20:13:55,2651.49
10/20/2021 20:13:58,2365.63
10/20/2021 20:13:59,2959.43
10/20/2021 20:14:00,2928.87
10/20/2021 20:14:01,2939.39
10/20/2021 20:14:02,2847.74
10/20/2021 20:14:03,2966.24
10/20/2021 20:14:04,2888.09
10/20/2021 20:14:05,2945.74
10/20/2021 20:14:06,2864.23
10/20/2021 20:14:07,2952.38
10/20/2021 20:14:08,2842.83
10/20/2021 20:14:09,2323.82
10/20/2021 20:14:10,2833
10/20/2021 20:14:11,2829.69
10/20/2021 20:14:12,2927.05
10/20/2021 20:14:13,2825.21
10/20/2021 20:14:14,2844
10/20/2021 20:14:15,2836.7
10/20/2021 20:14:16,2801.06
10/20/2021 20:14:17,2911.87
10/20/2021 20:14:18,2827.18
10/20/2021 20:14:20,2855.51
10/20/2021 20:14:21,2845.66
10/20/2021 20:14:22,2827.23
10/20/2021 20:14:23,2917.21
10/20/2021 20:14:25,2925.73
10/20/2021 20:14:26,2819.53
10/20/2021 20:14:27,2824.88
10/20/2021 20:14:28,2626.44
10/20/2021 20:14:29,2923.32
10/20/2021 20:14:30,2837.67
10/20/2021 20:14:31,2926.29
10/20/2021 20:14:32,2830.13
10/20/2021 20:14:33,2821.59
10/20/2021 20:14:34,2919.21
10/20/2021 20:14:35,2916.38
10/20/2021 20:14:36,2624.99
10/20/2021 20:14:38,2012.73
10/20/2021 20:14:39,2862.33
10/20/2021 20:14:40,2968.1
10/20/2021 20:14:41,2915.89
10/20/2021 20:14:42,2620.72
10/20/2021 20:14:43,2927.01
10/20/2021 20:14:44,2645.43
10/20/2021 20:14:45,2819.25
10/20/2021 20:14:47,2927.49
10/20/2021 20:14:48,2609.94
10/20/2021 20:14:49,2914.99
10/20/2021 20:14:50,2811.19
10/20/2021 20:14:51,2300.25
10/20/2021 20:14:52,2761.87
10/20/2021 20:14:53,2769.75
10/20/2021 20:14:54,2769.16
10/20/2021 20:14:55,2801.81
10/20/2021 20:14:56,2016.82
10/20/2021 20:14:57,2819.69
10/20/2021 20:14:58,2665.01
10/20/2021 20:14:59,2762.06
10/20/2021 20:15:00,2776
10/20/2021 20:15:01,2770.97
10/20/2021 20:15:02,2776.77
10/20/2021 20:15:03,2770.06
10/20/2021 20:15:04,2772.14
10/20/2021 20:15:05,2764.29
10/20/2021 20:15:06,2797.96
10/20/2021 20:15:07,2790.59
10/20/2021 20:15:08,2763.85
10/20/2021 20:15:10,2762.89
10/20/2021 20:15:11,2765.51
10/20/2021 20:15:12,2763.91
10/20/2021 20:15:13,2757
10/20/2021 20:15:14,2766.85
10/20/2021 20:15:15,2778.5
10/20/2021 20:15:16,2771.36
10/20/2021 20:15:17,2748.93
10/20/2021 20:15:18,2763
10/20/2021 20:15:19,2753.61
10/20/2021 20:15:20,2759.6
10/20/2021 20:15:21,2749.9
10/20/2021 20:15:22,2763.4
10/20/2021 20:15:23,2764.64
10/20/2021 20:15:24,2764.54
10/20/2021 20:15:25,2765.23
10/20/2021 20:15:26,2753.44
10/20/2021 20:15:27,2762.23
10/20/2021 20:15:28,2768.23
10/20/2021 20:15:29,2752.65
10/20/2021 20:15:30,2762.42
10/20/2021 20:15:31,2765.25
10/20/2021 20:15:32,2764.22
10/20/2021 20:15:33,2765.29
10/20/2021 20:15:34,2775.36
10/20/2021 20:15:35,2774.68
10/20/2021 20:15:36,2770
10/20/2021 20:15:37,2760.72
10/20/2021 20:15:38,2778.99
10/20/2021 20:15:39,2768.72
10/20/2021 20:15:40,2761.81
10/20/2021 20:15:41,2779.37
10/20/2021 20:15:42,2770.54
10/20/2021 20:15:43,2768.64
10/20/2021 20:15:44,2765.4
10/20/2021 20:15:45,2776.93
10/20/2021 20:15:46,2761.55
10/20/2021 20:15:48,2773
10/20/2021 20:15:49,2773.2
10/20/2021 20:15:50,2764
10/20/2021 20:15:51,2769.37
10/20/2021 20:15:52,2778.17
10/20/2021 20:15:53,2768.91
10/20/2021 20:15:54,2760.25
10/20/2021 20:15:56,2766.05
10/20/2021 20:15:57,2365.93
10/20/2021 20:15:58,2750.45
10/20/2021 20:15:59,2768.28
10/20/2021 20:16:00,2760.96
10/20/2021 20:16:01,2760.81
10/20/2021 20:16:02,2761.41
10/20/2021 20:16:03,2783
10/20/2021 20:16:04,2744.77
10/20/2021 20:16:05,2561.57
10/20/2021 20:16:06,2790.44
10/20/2021 20:16:07,2764.62
10/20/2021 20:16:09,2766.85
10/20/2021 20:16:10,2774.62
10/20/2021 20:16:11,2764.26
10/20/2021 20:16:14,2765.66
10/20/2021 20:16:15,2663.24
10/20/2021 20:16:16,2789.24
10/20/2021 20:16:17,2766.34
10/20/2021 20:16:18,2792.93
10/20/2021 20:16:19,2767.89
10/20/2021 20:16:20,2764.86
10/20/2021 20:16:21,2784
10/20/2021 20:16:22,2768.28
10/20/2021 20:16:23,2765.77
10/20/2021 20:16:24,2774.07
10/20/2021 20:16:25,2762.74
10/20/2021 20:16:26,2774
10/20/2021 20:16:27,2774.91
10/20/2021 20:16:28,2777
10/20/2021 20:16:30,2778
10/20/2021 20:16:31,2766.96
10/20/2021 20:16:32,2767.45
10/20/2021 20:16:33,2762.27
10/20/2021 20:16:34,2960.14
10/20/2021 20:16:35,2803.08
10/20/2021 20:16:36,2792.03
10/20/2021 20:16:37,2766.54
10/20/2021 20:16:38,2768.56
10/20/2021 20:16:39,2772
10/20/2021 20:16:40,2764.43
10/20/2021 20:16:41,2760.25
10/20/2021 20:16:42,2768.85
10/20/2021 20:16:43,2763.89
10/20/2021 20:16:44,2769
10/20/2021 20:16:45,2796.01
10/20/2021 20:16:46,2773.58
10/20/2021 20:16:47,2745.87
10/20/2021 20:16:48,2757.18
10/20/2021 20:16:49,2768.55
10/20/2021 20:16:50,2744.44
10/20/2021 20:16:51,2609.55
10/20/2021 20:16:52,2798.46
10/20/2021 20:16:54,2796.42
10/20/2021 20:16:55,2765.77
10/20/2021 20:16:56,2799.46
10/20/2021 20:16:58,2761.79
10/20/2021 20:16:59,2761.36
10/20/2021 20:17:00,2766.71
10/20/2021 20:17:01,2763.93
10/20/2021 20:17:02,2201.45
10/20/2021 20:17:03,2766.97
10/20/2021 20:17:04,2778.43
10/20/2021 20:17:05,2761.63
10/20/2021 20:17:06,2766.91
10/20/2021 20:17:07,2363.19
10/20/2021 20:17:08,2760.75
10/20/2021 20:17:09,2762.11
10/20/2021 20:17:10,2761.93
10/20/2021 20:17:11,2794
10/20/2021 20:17:12,2801.32
10/20/2021 20:17:13,2861.89
10/20/2021 20:17:14,2746.86
10/20/2021 20:17:16,2790
10/20/2021 20:17:17,2791.31
10/20/2021 20:17:18,2766.62
10/20/2021 20:17:19,2352.41
10/20/2021 20:17:21,2922.53
10/20/2021 20:17:22,2607.8
10/20/2021 20:17:23,2797.97
10/20/2021 20:17:24,2968.31
10/20/2021 20:17:25,2364.99
10/20/2021 20:17:26,2799.55
10/20/2021 20:17:27,2767.76
10/20/2021 20:17:28,2769.9
10/20/2021 20:17:29,2780.63
10/20/2021 20:17:30,2776.72
10/20/2021 20:17:31,2759.07
10/20/2021 20:17:32,2761.16
10/20/2021 20:17:33,2765.89
10/20/2021 20:17:34,2790
10/20/2021 20:17:35,2363.92
10/20/2021 20:17:36,2750.35
10/20/2021 20:17:37,2750.91
10/20/2021 20:17:38,2793.14
10/20/2021 20:17:39,2885.9
10/20/2021 20:17:40,2770.88
10/20/2021 20:17:41,2776.67
10/20/2021 20:17:42,2792.98
10/20/2021 20:17:43,2768.45
10/20/2021 20:17:44,2769.23
10/20/2021 20:17:45,2764.96
10/20/2021 20:17:46,2778.24
10/20/2021 20:17:47,2802
10/20/2021 20:17:48,2805
10/20/2021 20:17:49,2661.82
10/20/2021 20:17:50,2861.32
10/20/2021 20:17:51,2923.61
10/20/2021 20:17:52,2810.01
10/20/2021 20:17:53,2011.89
10/20/2021 20:17:54,2668.56
10/20/2021 20:17:55,2869.64
10/20/2021 20:17:56,2761.3
10/20/2021 20:17:57,2795
10/20/2021 20:17:58,2662.36
10/20/2021 20:17:59,2800.22
10/20/2021 20:18:00,2768.13
10/20/2021 20:18:01,2666.1
10/20/2021 20:18:02,2795.97
10/20/2021 20:18:03,2792.31
10/20/2021 20:18:04,2751.27
10/20/2021 20:18:05,2785
10/20/2021 20:18:06,2766.21
10/20/2021 20:18:07,2911.48
10/20/2021 20:18:08,2617.48
10/20/2021 20:18:09,2816.95
10/20/2021 20:18:11,2669.59
10/20/2021 20:18:12,2665.46
10/20/2021 20:18:13,2915.28
10/20/2021 20:18:14,2612.41
10/20/2021 20:18:15,2765.77
10/20/2021 20:18:16,2791.35
10/20/2021 20:18:17,2667.27
10/20/2021 20:18:18,2799.64
10/20/2021 20:18:19,2347.34
10/20/2021 20:18:20,2912.72
10/20/2021 20:18:21,2616.36
10/20/2021 20:18:22,2791.41
10/20/2021 20:18:23,2867.63
10/20/2021 20:18:24,2794.08
10/20/2021 20:18:25,2667.54
10/20/2021 20:18:26,2911.09
10/20/2021 20:18:27,2815.94
10/20/2021 20:18:28,2817
10/20/2021 20:18:29,2646.31
10/20/2021 20:18:30,2621.08
10/20/2021 20:18:31,2827.19
10/20/2021 20:18:32,2920.64
10/20/2021 20:18:33,2911.23
10/20/2021 20:18:34,2886.74
10/20/2021 20:18:35,2667.93
10/20/2021 20:18:36,2860.78
10/20/2021 20:18:37,2790
10/20/2021 20:18:38,2911.66
10/20/2021 20:18:39,2612.1
10/20/2021 20:18:40,2910.21
10/20/2021 20:18:41,2900.35
10/20/2021 20:18:42,2308.92
10/20/2021 20:18:43,2918.22
10/20/2021 20:18:44,2921.36
10/20/2021 20:18:45,2666.68
10/20/2021 20:18:46,2963.89
10/20/2021 20:18:48,2890
10/20/2021 20:18:49,2911.08
10/20/2021 20:18:50,2869.82
10/20/2021 20:18:51,2618.23
10/20/2021 20:18:52,2926.65
10/20/2021 20:18:53,2924.02
10/20/2021 20:18:54,2930.49
10/20/2021 20:18:55,2811
10/20/2021 20:18:56,2925.18
10/20/2021 20:18:57,2924.6
10/20/2021 20:18:58,2913.28
10/20/2021 20:18:59,2932.93
10/20/2021 20:19:00,2956.99
10/20/2021 20:19:01,2923.16
10/20/2021 20:19:02,2917.14
10/20/2021 20:19:03,2966.79
10/20/2021 20:19:04,2919.7
10/20/2021 20:19:05,2928.68
10/20/2021 20:19:06,2945.01
10/20/2021 20:19:08,2923.6
10/20/2021 20:19:09,2885.63
10/20/2021 20:19:10,2643.27
10/20/2021 20:19:11,2834.18
10/20/2021 20:19:12,2834.8
10/20/2021 20:19:13,2843
10/20/2021 20:19:14,2926.5
10/20/2021 20:19:15,2986.25
10/20/2021 20:19:16,2623.77
10/20/2021 20:19:17,2832.21
10/20/2021 20:19:19,2821.21
10/20/2021 20:19:20,2822
10/20/2021 20:19:21,2823.99
10/20/2021 20:19:22,2940.05
10/20/2021 20:19:23,2869.8
10/20/2021 20:19:24,2847.21
10/20/2021 20:19:25,2936.54
10/20/2021 20:19:26,2952.17
10/20/2021 20:19:27,2826.23
10/20/2021 20:19:28,2926.47
10/20/2021 20:19:29,2921.03
10/20/2021 20:19:30,2826
10/20/2021 20:19:31,2825.22
10/20/2021 20:19:32,2915.44
10/20/2021 20:19:33,2825.79
10/20/2021 20:19:34,2625.25
10/20/2021 20:19:35,2884.09
10/20/2021 20:19:36,2834
10/20/2021 20:19:37,2838.46
10/20/2021 20:19:38,2828.73
10/20/2021 20:19:39,2921.37
10/20/2021 20:19:40,2914.24
10/20/2021 20:19:41,2810
10/20/2021 20:19:42,2915.79
10/20/2021 20:19:43,2815.74
10/20/2021 20:19:44,2986.1
10/20/2021 20:19:45,2647.64
10/20/2021 20:19:46,2940.61
10/20/2021 20:19:47,2928.51
10/20/2021 20:19:48,2816
10/20/2021 20:19:49,2929.8
10/20/2021 20:19:50,2916.41
10/20/2021 20:19:51,2964.92
10/20/2021 20:19:52,2924.76
10/20/2021 20:19:53,2988.26
10/20/2021 20:19:54,2846.05
10/20/2021 20:19:55,2844.73
10/20/2021 20:19:56,2346.64
10/20/2021 20:19:57,2857.08
10/20/2021 20:19:58,2961.46
10/20/2021 20:19:59,2800.41
10/20/2021 20:20:00,2922.15
10/20/2021 20:20:01,2826
10/20/2021 20:20:02,2913.41
10/20/2021 20:20:03,2610.18
10/20/2021 20:20:05,2838.5
10/20/2021 20:20:06,2824.61
10/20/2021 20:20:07,2829.28
10/20/2021 20:20:08,2821.2
10/20/2021 20:20:09,2832.85
10/20/2021 20:20:10,2981.39
10/20/2021 20:20:11,2846.04
10/20/2021 20:20:12,2949.47
10/20/2021 20:20:13,2854.95
10/20/2021 20:20:14,2643.68
10/20/2021 20:20:15,2853.12
10/20/2021 20:20:16,2633.86
10/20/2021 20:20:17,2831.95
10/20/2021 20:20:18,2643.87
10/20/2021 20:20:19,2021.18
10/20/2021 20:20:20,2888.59
10/20/2021 20:20:21,2946.72
10/20/2021 20:20:22,2843.81
10/20/2021 20:20:23,2949.16
10/20/2021 20:20:24,2852.6
10/20/2021 20:20:25,2846.54
10/20/2021 20:20:27,2884.03
10/20/2021 20:20:28,2688.94
10/20/2021 20:20:29,2928.78
10/20/2021 20:20:30,2845.45
10/20/2021 20:20:31,2649.93
10/20/2021 20:20:32,2960.24
10/20/2021 20:20:33,2941.45
10/20/2021 20:20:34,2839.4
10/20/2021 20:20:36,2961.27
10/20/2021 20:20:37,2938.88
10/20/2021 20:20:38,2982.89
10/20/2021 20:20:39,2941.49
10/20/2021 20:20:40,2834
10/20/2021 20:20:41,2989.37
10/20/2021 20:20:42,2928.76
10/20/2021 20:20:43,2989.92
10/20/2021 20:20:44,2834
10/20/2021 20:20:45,2661.64
10/20/2021 20:20:46,2955.97
10/20/2021 20:20:47,2859.23
10/20/2021 20:20:48,2655.33
10/20/2021 20:20:49,2831
10/20/2021 20:20:50,2632.52
10/20/2021 20:20:51,2642.77
10/20/2021 20:20:52,2839.92
10/20/2021 20:20:53,2946.38
10/20/2021 20:20:54,2960.8
10/20/2021 20:20:56,2927.13
10/20/2021 20:20:57,2837
10/20/2021 20:20:59,2926.59
10/20/2021 20:21:00,2985.08
10/20/2021 20:21:01,2826.85
10/20/2021 20:21:02,2936.94
10/20/2021 20:21:03,2951.74
10/20/2021 20:21:04,2953.43
10/20/2021 20:21:05,2916.09
10/20/2021 20:21:06,2984.4
10/20/2021 20:21:07,2850.29
10/20/2021 20:21:08,2865.83
10/20/2021 20:21:10,2853.28
10/20/2021 20:21:11,2860
10/20/2021 20:21:12,2814
10/20/2021 20:21:13,2643.52
10/20/2021 20:21:14,2922.59
10/20/2021 20:21:15,2386.13
10/20/2021 20:21:16,2986.57
10/20/2021 20:21:17,2842.59
10/20/2021 20:21:18,2843.39
10/20/2021 20:21:19,2951.5
10/20/2021 20:21:20,2955.77
10/20/2021 20:21:21,2957.69
10/20/2021 20:21:22,2944.49
10/20/2021 20:21:23,2944.68
10/20/2021 20:21:24,2949.54
10/20/2021 20:21:25,2944.24
10/20/2021 20:21:26,2634.85
10/20/2021 20:21:27,2937.99
10/20/2021 20:21:28,2842
10/20/2021 20:21:29,2654.19
10/20/2021 20:21:30,2845.21
10/20/2021 20:21:31,2637.76
10/20/2021 20:21:32,2637.86
10/20/2021 20:21:34,2857
10/20/2021 20:21:35,2893.88
10/20/2021 20:21:36,2970.09
10/20/2021 20:21:37,2966.8
10/20/2021 20:21:38,2854
10/20/2021 20:21:39,2960.32
10/20/2021 20:21:40,2843.55
10/20/2021 20:21:41,2958.36
10/20/2021 20:21:42,2642.22
10/20/2021 20:21:43,2654.16
10/20/2021 20:21:44,2928.25
10/20/2021 20:21:45,2840.28
10/20/2021 20:21:46,2841.98
10/20/2021 20:21:47,2847.43
10/20/2021 20:21:48,2855.53
10/20/2021 20:21:49,2974.28
10/20/2021 20:21:50,2969.44
10/20/2021 20:21:51,2553.59
10/20/2021 20:21:53,2844
10/20/2021 20:21:54,2825
10/20/2021 20:21:55,2928.1
10/20/2021 20:21:56,2929.51
10/20/2021 20:21:57,2825
10/20/2021 20:21:58,2965.79
10/20/2021 20:21:59,2981.05
10/20/2021 20:22:00,2922.16
10/20/2021 20:22:01,2829
10/20/2021 20:22:02,2640.59
10/20/2021 20:22:03,2947.56
10/20/2021 20:22:04,2848.42
10/20/2021 20:22:05,2651.79
10/20/2021 20:22:06,2962.7
10/20/2021 20:22:07,2851.7
10/20/2021 20:22:09,2655.05
10/20/2021 20:22:10,2652.3
10/20/2021 20:22:11,2645.23
10/20/2021 20:22:12,2845.33
10/20/2021 20:22:13,2852.62
10/20/2021 20:22:15,2844.1
10/20/2021 20:22:16,2942.03
10/20/2021 20:22:17,2845.3
10/20/2021 20:22:18,2843.41
10/20/2021 20:22:19,2835.52
10/20/2021 20:22:20,2826.42
10/20/2021 20:22:21,2851.42
10/20/2021 20:22:22,2650.72
10/20/2021 20:22:23,2666.4
10/20/2021 20:22:24,2941.5
10/20/2021 20:22:25,2941.59
10/20/2021 20:22:26,2838.84
10/20/2021 20:22:27,2960.94
10/20/2021 20:22:28,2836
10/20/2021 20:22:29,2915.26
10/20/2021 20:22:30,2822.8
10/20/2021 20:22:31,2640.9
10/20/2021 20:22:32,2850.02
10/20/2021 20:22:33,2608.53
10/20/2021 20:22:34,2918.89
10/20/2021 20:22:35,2827
10/20/2021 20:22:36,2929.19
10/20/2021 20:22:38,2642
10/20/2021 20:22:39,2849.01
10/20/2021 20:22:40,2986.47
10/20/2021 20:22:41,2922.16
10/20/2021 20:22:42,2814
10/20/2021 20:22:43,2829.38
10/20/2021 20:22:44,2980.02
10/20/2021 20:22:45,2948.61
10/20/2021 20:22:46,2866.03
10/20/2021 20:22:47,2846.68
10/20/2021 20:22:48,2839.13
10/20/2021 20:22:49,2649.3
10/20/2021 20:22:50,2853.62
10/20/2021 20:22:51,2882.34
10/20/2021 20:22:52,2632.91
10/20/2021 20:22:53,2823
10/20/2021 20:22:54,2860
10/20/2021 20:22:55,2948.42
10/20/2021 20:22:56,2650.5
10/20/2021 20:22:57,2961.5
10/20/2021 20:22:58,2857.21
10/20/2021 20:22:59,2822
10/20/2021 20:23:00,2837
10/20/2021 20:23:01,2853
10/20/2021 20:23:02,2648.96
10/20/2021 20:23:03,2941.65
10/20/2021 20:23:04,2837
10/20/2021 20:23:05,2862.54
10/20/2021 20:23:06,2848.78
10/20/2021 20:23:07,2658.61
10/20/2021 20:23:08,2653.36
10/20/2021 20:23:09,2800
10/20/2021 20:23:10,2928.38
10/20/2021 20:23:11,2927.34
10/20/2021 20:23:12,2988.72
10/20/2021 20:23:13,2936.68
10/20/2021 20:23:14,2915.67
10/20/2021 20:23:15,2923.01
10/20/2021 20:23:16,2981.16
10/20/2021 20:23:17,2920.91
10/20/2021 20:23:18,2956.63
10/20/2021 20:23:19,2829.92
10/20/2021 20:23:20,2984.01
10/20/2021 20:23:21,2846.66
10/20/2021 20:23:22,2846.31
10/20/2021 20:23:23,2952.4
10/20/2021 20:23:24,2964.8
10/20/2021 20:23:25,2855.03
10/20/2021 20:23:26,2846.78
10/20/2021 20:23:27,2646.13
10/20/2021 20:23:28,2853.93
10/20/2021 20:23:29,2846.74
10/20/2021 20:23:30,2942.38
10/20/2021 20:23:31,2650.23
10/20/2021 20:23:32,2647.38
10/20/2021 20:23:33,2843.99
10/20/2021 20:23:34,2989.88
10/20/2021 20:23:35,2946.94
10/20/2021 20:23:36,2644.55
10/20/2021 20:23:37,2826
10/20/2021 20:23:38,2925.94
10/20/2021 20:23:39,2634.04
10/20/2021 20:23:40,2831.81
10/20/2021 20:23:41,2956.23
10/20/2021 20:23:42,2637.83
10/20/2021 20:23:43,2940.54
10/20/2021 20:23:44,2988.71
10/20/2021 20:23:45,2936.22
10/20/2021 20:23:46,2649.3
10/20/2021 20:23:47,2857.21
10/20/2021 20:23:48,2849.17
10/20/2021 20:23:49,2645.3
10/20/2021 20:23:50,2856.72
10/20/2021 20:23:51,2942.51
10/20/2021 20:23:52,2864.65
10/20/2021 20:23:53,2842.25
10/20/2021 20:23:54,2833
10/20/2021 20:23:55,2621.16
10/20/2021 20:23:56,2617.73
10/20/2021 20:23:57,2866.64
10/20/2021 20:23:58,2618.71
10/20/2021 20:23:59,2830
10/20/2021 20:24:00,2641.21
10/20/2021 20:24:01,2957.19
10/20/2021 20:24:02,2831.95
10/20/2021 20:24:03,2831.78
10/20/2021 20:24:04,2829.69
10/20/2021 20:24:05,2623.22
10/20/2021 20:24:07,2615.92
10/20/2021 20:24:08,2938.82
10/20/2021 20:24:09,2939.66
10/20/2021 20:24:10,2648.13
10/20/2021 20:24:11,2982.41
10/20/2021 20:24:13,2865.82
10/20/2021 20:24:14,2923.74
10/20/2021 20:24:15,2850.25
10/20/2021 20:24:16,2823
10/20/2021 20:24:18,2841.36
10/20/2021 20:24:19,2640.07
10/20/2021 20:24:20,2831.45
10/20/2021 20:24:21,2846.22
10/20/2021 20:24:22,2848.05
10/20/2021 20:24:23,2831.78
10/20/2021 20:24:24,2922.68
10/20/2021 20:24:25,2014.78
10/20/2021 20:24:26,2630.19
10/20/2021 20:24:27,2633.25
10/20/2021 20:24:28,2639.31
10/20/2021 20:24:29,2845.46
10/20/2021 20:24:30,2945.83
10/20/2021 20:24:31,2804.44
10/20/2021 20:24:32,2809
10/20/2021 20:24:33,2865.33
10/20/2021 20:24:34,2900.27
10/20/2021 20:24:35,2968.03
10/20/2021 20:24:37,2914.52
10/20/2021 20:24:38,2798
10/20/2021 20:24:39,2919.9
10/20/2021 20:24:40,2814
10/20/2021 20:24:41,2860.65
10/20/2021 20:24:42,2913.59
10/20/2021 20:24:43,2934.78
10/20/2021 20:24:45,2817.69
10/20/2021 20:24:46,2916.32
10/20/2021 20:24:47,2916.52
10/20/2021 20:24:48,2966.13
10/20/2021 20:24:49,2612.25
10/20/2021 20:24:50,2910.29
10/20/2021 20:24:51,2926.07
10/20/2021 20:24:52,2912.99
10/20/2021 20:24:53,2913
10/20/2021 20:24:54,2821
10/20/2021 20:24:55,2920.33
10/20/2021 20:24:56,2916.21
10/20/2021 20:24:57,2916.95
10/20/2021 20:24:58,2826
10/20/2021 20:24:59,2844.02
10/20/2021 20:25:00,2643.55
10/20/2021 20:25:01,2929.02
10/20/2021 20:25:02,2829.37
10/20/2021 20:25:03,2815.32
10/20/2021 20:25:04,2841.13
10/20/2021 20:25:05,2842.3
10/20/2021 20:25:06,2612.09
10/20/2021 20:25:07,2798.96
10/20/2021 20:25:08,2505.82
10/20/2021 20:25:09,2965.84
10/20/2021 20:25:10,2661.47
10/20/2021 20:25:11,2860
10/20/2021 20:25:12,2822.25
10/20/2021 20:25:14,2810.26
10/20/2021 20:25:15,2864.37
10/20/2021 20:25:16,2819
10/20/2021 20:25:17,2818.58
10/20/2021 20:25:18,2669.96
10/20/2021 20:25:19,2822.5
10/20/2021 20:25:20,2638.67
10/20/2021 20:25:21,2625.18
10/20/2021 20:25:22,2018.39
10/20/2021 20:25:23,2862.06
10/20/2021 20:25:24,2920.88
10/20/2021 20:25:25,2814
10/20/2021 20:25:26,2930.43
10/20/2021 20:25:27,2913.51
10/20/2021 20:25:28,2818.32
10/20/2021 20:25:29,2800
10/20/2021 20:25:30,2846.43
10/20/2021 20:25:31,2938.31
10/20/2021 20:25:32,2834.86
10/20/2021 20:25:33,2926.68
10/20/2021 20:25:34,2830.21
10/20/2021 20:25:35,2823.74
10/20/2021 20:25:36,2955.31
10/20/2021 20:25:37,2828.4
10/20/2021 20:25:39,2827.13
10/20/2021 20:25:40,2931.88
10/20/2021 20:25:41,2927.4
10/20/2021 20:25:42,2019.11
10/20/2021 20:25:43,2828.35
10/20/2021 20:25:44,2836.46
10/20/2021 20:25:45,2646.3
10/20/2021 20:25:46,2656.86
10/20/2021 20:25:47,2648.39
10/20/2021 20:25:48,2837
10/20/2021 20:25:49,2884.29
10/20/2021 20:25:50,2617.85
10/20/2021 20:25:51,2822.71
10/20/2021 20:25:52,2838.33
10/20/2021 20:25:53,2828.41
10/20/2021 20:25:54,2934.8
10/20/2021 20:25:55,2681.24
10/20/2021 20:25:56,2829.25
10/20/2021 20:25:57,2634.57
10/20/2021 20:25:58,2845.93
10/20/2021 20:25:59,2837.66
10/20/2021 20:26:00,2834.1
10/20/2021 20:26:01,2918.2
10/20/2021 20:26:02,2804
10/20/2021 20:26:03,2929.19
10/20/2021 20:26:04,2954.33
10/20/2021 20:26:06,2965.39
10/20/2021 20:26:07,2854.18
10/20/2021 20:26:08,2845.12
10/20/2021 20:26:09,2636.97
10/20/2021 20:26:10,2833
10/20/2021 20:26:11,2927.01
10/20/2021 20:26:12,2020.52
10/20/2021 20:26:13,2940.56
10/20/2021 20:26:14,2940.58
10/20/2021 20:26:16,2828.69
10/20/2021 20:26:17,2854.99
10/20/2021 20:26:18,2838.19
10/20/2021 20:26:19,2832.15
10/20/2021 20:26:20,2929
10/20/2021 20:26:21,2033.74
10/20/2021 20:26:22,2920.82
10/20/2021 20:26:23,2835.29
10/20/2021 20:26:24,2837
10/20/2021 20:26:25,2938.93
10/20/2021 20:26:26,2939.48
10/20/2021 20:26:27,2631.76
10/20/2021 20:26:28,2831.81
10/20/2021 20:26:29,2940.61
10/20/2021 20:26:30,2642.09
10/20/2021 20:26:31,2651.06
10/20/2021 20:26:32,2014.54
10/20/2021 20:26:35,2833.51
10/20/2021 20:26:36,2019.95
10/20/2021 20:26:37,2826.18
10/20/2021 20:26:38,2826.28
10/20/2021 20:26:39,2921.45
10/20/2021 20:26:40,2012.97
10/20/2021 20:26:41,2923.76
10/20/2021 20:26:42,2824
10/20/2021 20:26:43,2885.43
10/20/2021 20:26:44,2622.77
10/20/2021 20:26:45,2023.21
10/20/2021 20:26:46,2822.5
10/20/2021 20:26:47,2836.2
10/20/2021 20:26:48,2838.66
10/20/2021 20:26:49,2955.68
10/20/2021 20:26:50,2831
10/20/2021 20:26:51,2814
10/20/2021 20:26:52,2624.29
10/20/2021 20:26:53,2929.54
10/20/2021 20:26:54,2923
10/20/2021 20:26:55,2622.69
10/20/2021 20:26:56,2834
10/20/2021 20:26:57,2614.78
10/20/2021 20:26:58,2610.34
10/20/2021 20:26:59,2828.39
10/20/2021 20:27:00,2821.41
10/20/2021 20:27:01,2926.49
10/20/2021 20:27:02,2835.32
10/20/2021 20:27:03,2918.49
10/20/2021 20:27:04,2926.28
10/20/2021 20:27:05,2835
10/20/2021 20:27:06,2871
10/20/2021 20:27:07,2850.25
10/20/2021 20:27:08,2833.65
10/20/2021 20:27:10,2836.95
10/20/2021 20:27:11,2625.95
10/20/2021 20:27:12,2614.76
10/20/2021 20:27:13,2922.85
10/20/2021 20:27:14,2918.29
10/20/2021 20:27:15,2612.36
10/20/2021 20:27:16,2017.44
10/20/2021 20:27:17,2914.48
10/20/2021 20:27:18,2910.02
10/20/2021 20:27:19,2922.13
10/20/2021 20:27:20,2832.73
10/20/2021 20:27:21,2934.03
10/20/2021 20:27:22,2922.92
10/20/2021 20:27:23,2838
10/20/2021 20:27:24,2918.91
10/20/2021 20:27:25,2662.81
10/20/2021 20:27:26,2626.17
10/20/2021 20:27:27,2812
10/20/2021 20:27:28,2914.89
10/20/2021 20:27:29,2812.52
10/20/2021 20:27:30,2912.52
10/20/2021 20:27:31,2824.36
10/20/2021 20:27:33,2813.18
10/20/2021 20:27:34,2812.84
10/20/2021 20:27:35,2799.79
10/20/2021 20:27:36,2602.18
10/20/2021 20:27:37,2917.73
10/20/2021 20:27:38,2810.58
10/20/2021 20:27:39,2819.95
10/20/2021 20:27:40,2641.75
10/20/2021 20:27:41,2917.3
10/20/2021 20:27:42,2916.63
10/20/2021 20:27:43,2917.36
10/20/2021 20:27:44,2917.3
10/20/2021 20:27:45,2915.49
10/20/2021 20:27:46,2901.75
10/20/2021 20:27:47,2914.98
10/20/2021 20:27:49,2912.23
10/20/2021 20:27:51,2825
10/20/2021 20:27:52,2919.54
10/20/2021 20:27:53,2981.72
10/20/2021 20:27:54,2927.37
10/20/2021 20:27:55,2931.44
10/20/2021 20:27:56,2831.44
10/20/2021 20:27:57,2867.52
10/20/2021 20:27:58,2662.53
10/20/2021 20:27:59,2925.53
10/20/2021 20:28:00,2807.13
10/20/2021 20:28:01,2796.8
10/20/2021 20:28:02,2906.92
10/20/2021 20:28:03,2911.38
10/20/2021 20:28:04,2819
10/20/2021 20:28:05,2754.41
10/20/2021 20:28:06,2790.8
10/20/2021 20:28:07,2797.32
10/20/2021 20:28:08,2916.88
10/20/2021 20:28:09,2806
10/20/2021 20:28:10,2962.85
10/20/2021 20:28:11,2610.07
10/20/2021 20:28:12,2966.84
10/20/2021 20:28:13,2813
10/20/2021 20:28:14,2911.55
10/20/2021 20:28:15,2810.47
10/20/2021 20:28:16,2668.64
10/20/2021 20:28:17,2913.57
10/20/2021 20:28:18,2806.82
10/20/2021 20:28:19,2753.53
10/20/2021 20:28:20,2362.25
10/20/2021 20:28:21,2368.58
10/20/2021 20:28:22,2615.12
10/20/2021 20:28:23,2628.04
10/20/2021 20:28:24,2980.92
10/20/2021 20:28:25,2981.76
10/20/2021 20:28:26,2820
10/20/2021 20:28:27,2816
10/20/2021 20:28:28,2915.45
10/20/2021 20:28:29,2811
10/20/2021 20:28:30,2615.87
10/20/2021 20:28:31,2910.88
10/20/2021 20:28:32,2744.05
10/20/2021 20:28:33,2823.99
10/20/2021 20:28:34,2813.57
10/20/2021 20:28:35,2916.1
10/20/2021 20:28:36,2968.74
10/20/2021 20:28:37,2863.98
10/20/2021 20:28:38,2908.14
10/20/2021 20:28:39,2869.47
10/20/2021 20:28:40,2756
10/20/2021 20:28:41,2834
10/20/2021 20:28:42,2918.02
10/20/2021 20:28:43,2913.24
10/20/2021 20:28:45,2626.51
10/20/2021 20:28:46,2607.41
10/20/2021 20:28:47,2863.07
10/20/2021 20:28:48,2751.31
10/20/2021 20:28:49,2766.59
10/20/2021 20:28:50,2612
10/20/2021 20:28:51,2797.79
10/20/2021 20:28:52,2745.65
10/20/2021 20:28:53,2758.39
10/20/2021 20:28:54,2916.45
10/20/2021 20:28:55,2824.08
10/20/2021 20:28:56,2916.82
10/20/2021 20:28:57,2924.67
10/20/2021 20:28:58,2950.35
10/20/2021 20:28:59,2814.73
10/20/2021 20:29:00,2962.84
10/20/2021 20:29:01,2367.08
10/20/2021 20:29:02,2758.19
10/20/2021 20:29:03,2766.49
10/20/2021 20:29:04,2762.42
10/20/2021 20:29:05,2750.93
10/20/2021 20:29:06,2767.84
10/20/2021 20:29:07,2805.73
10/20/2021 20:29:08,2927.95
10/20/2021 20:29:09,2864.17
10/20/2021 20:29:10,2806.63
10/20/2021 20:29:11,2905.53
10/20/2021 20:29:12,2795.62
10/20/2021 20:29:13,2799.83
10/20/2021 20:29:14,2790.51
10/20/2021 20:29:15,2768
10/20/2021 20:29:16,2769.21
10/20/2021 20:29:17,2756.55
10/20/2021 20:29:18,2306.9
10/20/2021 20:29:19,2753.24
10/20/2021 20:29:20,2601.72
10/20/2021 20:29:21,2356
10/20/2021 20:29:22,2765.09
10/20/2021 20:29:23,2763.98
10/20/2021 20:29:24,2760.3
10/20/2021 20:29:25,2761.1
10/20/2021 20:29:27,2754.89
10/20/2021 20:29:28,2600.44
10/20/2021 20:29:29,2910.87
10/20/2021 20:29:31,2661.25
10/20/2021 20:29:32,2200.5
10/20/2021 20:29:33,2911.82
10/20/2021 20:29:34,2357.79
10/20/2021 20:29:35,2765.51
10/20/2021 20:29:37,2794.8
10/20/2021 20:29:38,2746.8
10/20/2021 20:29:39,2761.47
10/20/2021 20:29:40,2779
10/20/2021 20:29:41,2778.4
10/20/2021 20:29:42,2754.85
10/20/2021 20:29:43,2768.22
10/20/2021 20:29:44,2769.16
10/20/2021 20:29:45,2769.9
10/20/2021 20:29:46,2765.34
10/20/2021 20:29:47,2763.99
10/20/2021 20:29:48,2775
10/20/2021 20:29:49,2755.26
10/20/2021 20:29:50,2790.51
10/20/2021 20:29:51,2911.12
10/20/2021 20:29:53,2861.49
10/20/2021 20:29:54,2294.39
10/20/2021 20:29:55,2860.93
10/20/2021 20:29:56,2860.67
10/20/2021 20:29:57,2799.66
10/20/2021 20:29:58,2846.77
10/20/2021 20:29:59,2799.19
10/20/2021 20:30:00,2767.72
10/20/2021 20:30:01,2791.86
10/20/2021 20:30:02,2367.15
10/20/2021 20:30:03,2963.99
10/20/2021 20:30:04,2779.06
10/20/2021 20:30:05,2760.38
10/20/2021 20:30:06,2780
10/20/2021 20:30:07,2764.62
10/20/2021 20:30:08,2794.06
10/20/2021 20:30:09,2768.56
10/20/2021 20:30:10,2752.43
10/20/2021 20:30:11,2764.26
10/20/2021 20:30:13,2362.99
10/20/2021 20:30:14,2916.62
10/20/2021 20:30:15,2965.76
10/20/2021 20:30:16,2792.02
10/20/2021 20:30:17,2797.76
10/20/2021 20:30:18,2800.4
10/20/2021 20:30:19,2785.29
10/20/2021 20:30:20,2755.3
10/20/2021 20:30:21,2799.51
10/20/2021 20:30:22,2756.53
10/20/2021 20:30:23,2754.46
10/20/2021 20:30:24,2756.04
10/20/2021 20:30:25,2776
10/20/2021 20:30:26,2766.93
10/20/2021 20:30:27,2369.56
10/20/2021 20:30:28,2765.81
10/20/2021 20:30:29,2768.32
10/20/2021 20:30:31,2752.94
10/20/2021 20:30:32,2761.91
10/20/2021 20:30:33,2774.3
10/20/2021 20:30:34,2772.86
10/20/2021 20:30:35,2776.39
10/20/2021 20:30:36,2776.48
10/20/2021 20:30:37,2765.68
10/20/2021 20:30:38,2767.57
10/20/2021 20:30:39,2771.82
10/20/2021 20:30:41,2777
10/20/2021 20:30:42,2774
10/20/2021 20:30:43,2773
10/20/2021 20:30:45,2776.16
10/20/2021 20:30:46,2791.35
10/20/2021 20:30:47,2794.86
10/20/2021 20:30:48,2754.86
10/20/2021 20:30:49,2754.68
10/20/2021 20:30:50,2960.22
10/20/2021 20:30:52,2796.13
10/20/2021 20:30:53,2798.79
10/20/2021 20:30:54,2758.86
10/20/2021 20:30:55,2765.72
10/20/2021 20:30:56,2756.75
10/20/2021 20:30:57,2866.23
10/20/2021 20:30:58,2753.26
10/20/2021 20:30:59,2760.14
10/20/2021 20:31:00,2761.29
10/20/2021 20:31:01,2770
10/20/2021 20:31:02,2761.6
10/20/2021 20:31:03,2777.76
10/20/2021 20:31:04,2779.07
10/20/2021 20:31:05,2714
10/20/2021 20:31:06,2759.82
10/20/2021 20:31:07,2818.62
10/20/2021 20:31:08,2759.7
10/20/2021 20:31:09,2783.71
10/20/2021 20:31:11,2960.34
10/20/2021 20:31:12,2763.76
10/20/2021 20:31:13,2760.77
10/20/2021 20:31:14,2360.8
10/20/2021 20:31:15,2765.19
10/20/2021 20:31:16,2752.4
10/20/2021 20:31:17,2914.22
10/20/2021 20:31:18,2777.22
10/20/2021 20:31:19,2773.71
10/20/2021 20:31:20,2769.92
10/20/2021 20:31:21,2768.65
10/20/2021 20:31:22,2751.81
10/20/2021 20:31:24,2905.94
10/20/2021 20:31:25,2742.76
10/20/2021 20:31:26,2764.89
10/20/2021 20:31:28,2776.03
10/20/2021 20:31:29,2758.95
10/20/2021 20:31:30,2661.61
10/20/2021 20:31:31,2758.19
10/20/2021 20:31:32,2797
10/20/2021 20:31:33,2762.03
10/20/2021 20:31:34,2763.42
10/20/2021 20:31:35,2963.69
10/20/2021 20:31:36,2907.25
10/20/2021 20:31:37,2796.61
10/20/2021 20:31:38,2791.18
10/20/2021 20:31:39,2761.83
10/20/2021 20:31:40,2765.59
10/20/2021 20:31:41,2793
10/20/2021 20:31:43,2915.3
10/20/2021 20:31:44,2864.71
10/20/2021 20:31:45,2790.35
10/20/2021 20:31:46,2797.17
10/20/2021 20:31:47,2966.87
10/20/2021 20:31:48,2815.07
10/20/2021 20:31:49,2862.96
10/20/2021 20:31:50,2756.29
10/20/2021 20:31:51,2961.22
10/20/2021 20:31:52,2764.84
10/20/2021 20:31:53,2761.51
10/20/2021 20:31:54,2763.72
10/20/2021 20:31:55,2766.87
10/20/2021 20:31:57,2778.47
10/20/2021 20:31:58,2764.55
10/20/2021 20:31:59,2766.89
10/20/2021 20:32:00,2762.04
10/20/2021 20:32:01,2779.84
10/20/2021 20:32:02,2761.45
10/20/2021 20:32:03,2751.29
10/20/2021 20:32:04,2666.92
10/20/2021 20:32:05,2796.77
10/20/2021 20:32:06,2755.76
10/20/2021 20:32:07,2762.46
10/20/2021 20:32:09,2764.18
10/20/2021 20:32:10,2773
10/20/2021 20:32:11,2779.8
10/20/2021 20:32:12,2761.76
10/20/2021 20:32:13,2306.28
10/20/2021 20:32:14,2963.41
10/20/2021 20:32:15,2864.61
10/20/2021 20:32:16,2791.97
10/20/2021 20:32:17,2765.1
10/20/2021 20:32:18,2755.91
10/20/2021 20:32:19,2752.39
10/20/2021 20:32:20,2664.54
10/20/2021 20:32:21,2796.18
10/20/2021 20:32:22,2752.99
10/20/2021 20:32:23,2562.56
10/20/2021 20:32:24,2765.22
10/20/2021 20:32:25,2761.05
10/20/2021 20:32:26,2779
10/20/2021 20:32:27,2756.62
10/20/2021 20:32:28,2755.34
10/20/2021 20:32:29,2761.03
10/20/2021 20:32:30,2867.16
10/20/2021 20:32:31,2838
10/20/2021 20:32:32,2811
10/20/2021 20:32:33,2617.14
10/20/2021 20:32:34,2924.63
10/20/2021 20:32:35,2798.69
10/20/2021 20:32:36,2790.83
10/20/2021 20:32:37,2789.4
10/20/2021 20:32:38,2763.77
10/20/2021 20:32:39,2762.72
10/20/2021 20:32:40,2813
10/20/2021 20:32:41,2905.64
10/20/2021 20:32:42,2752.96
10/20/2021 20:32:43,2799.39
10/20/2021 20:32:44,2811
10/20/2021 20:32:45,2903.83
10/20/2021 20:32:46,2756.18
10/20/2021 20:32:47,2911.97
10/20/2021 20:32:48,2868.2
10/20/2021 20:32:49,2800
10/20/2021 20:32:50,2769.01
10/20/2021 20:32:51,2759.45
10/20/2021 20:32:52,2758.5
10/20/2021 20:32:53,2811
10/20/2021 20:32:54,2651.65
10/20/2021 20:32:55,2625.71
10/20/2021 20:32:56,2961.18
10/20/2021 20:32:57,2754.47
10/20/2021 20:32:58,2268.55
10/20/2021 20:32:59,2802.64
10/20/2021 20:33:00,2963.16
10/20/2021 20:33:01,2861.59
10/20/2021 20:33:02,2012.32
10/20/2021 20:33:03,2864.35
10/20/2021 20:33:04,2918.49
10/20/2021 20:33:05,2986.31
10/20/2021 20:33:06,2917.49
10/20/2021 20:33:07,2819
10/20/2021 20:33:08,2619.42
10/20/2021 20:33:09,2815.85
10/20/2021 20:33:10,2613.34
10/20/2021 20:33:11,2750.45
10/20/2021 20:33:12,2755.18
10/20/2021 20:33:13,2911.76
10/20/2021 20:33:14,2613.82
10/20/2021 20:33:15,2918.2
10/20/2021 20:33:16,2802
10/20/2021 20:33:17,2860.34
10/20/2021 20:33:18,2861.38
10/20/2021 20:33:19,2669.62
10/20/2021 20:33:20,2667.19
10/20/2021 20:33:21,2901.82
10/20/2021 20:33:22,2962.7
10/20/2021 20:33:23,2915.04
10/20/2021 20:33:24,2923.68
10/20/2021 20:33:25,2616
10/20/2021 20:33:26,2623.16
10/20/2021 20:33:27,2569.5
10/20/2021 20:33:28,2667.9
10/20/2021 20:33:29,2968.67
10/20/2021 20:33:30,2822
10/20/2021 20:33:31,2617.77
10/20/2021 20:33:32,2826.06
10/20/2021 20:33:33,2867.16
10/20/2021 20:33:34,2797
10/20/2021 20:33:35,2300.06
10/20/2021 20:33:36,2393.48
10/20/2021 20:33:37,2863.53
10/20/2021 20:33:38,2014.16
10/20/2021 20:33:39,2800
10/20/2021 20:33:40,2811.84
10/20/2021 20:33:41,2769.48
10/20/2021 20:33:42,2900.38
10/20/2021 20:33:43,2793
10/20/2021 20:33:44,2750.56
10/20/2021 20:33:45,2862.46
10/20/2021 20:33:46,2918.2
10/20/2021 20:33:47,2914.65
10/20/2021 20:33:48,2922.05
10/20/2021 20:33:49,2813
10/20/2021 20:33:50,2919.92
10/20/2021 20:33:51,2914.71
10/20/2021 20:33:52,2911.4
10/20/2021 20:33:53,2860.23
10/20/2021 20:33:54,2057.51
10/20/2021 20:33:56,2917.61
10/20/2021 20:33:57,2816
10/20/2021 20:33:58,2965.6
10/20/2021 20:33:59,2932
10/20/2021 20:34:00,2911.55
10/20/2021 20:34:01,2906.09
10/20/2021 20:34:02,2022.06
10/20/2021 20:34:03,2818
10/20/2021 20:34:04,2920.15
10/20/2021 20:34:05,2917.09
10/20/2021 20:34:06,2824
10/20/2021 20:34:07,2983.76
10/20/2021 20:34:08,2921.2
10/20/2021 20:34:09,2940.49
10/20/2021 20:34:10,2917.57
10/20/2021 20:34:11,2909.92
10/20/2021 20:34:12,2967.26
10/20/2021 20:34:13,2913.22
10/20/2021 20:34:14,2920.97
10/20/2021 20:34:16,2908.69
10/20/2021 20:34:17,2966.83
10/20/2021 20:34:18,2968.11
10/20/2021 20:34:19,2961.85
10/20/2021 20:34:20,2798.8
10/20/2021 20:34:21,2787.94
10/20/2021 20:34:22,2767.94
10/20/2021 20:34:23,2911.06
10/20/2021 20:34:25,2618.63
10/20/2021 20:34:26,2911.6
10/20/2021 20:34:27,2792.3
10/20/2021 20:34:28,2794
10/20/2021 20:34:29,2800
10/20/2021 20:34:30,2906.52
10/20/2021 20:34:31,2911.86
10/20/2021 20:34:32,2909.69
10/20/2021 20:34:33,2911.07
10/20/2021 20:34:34,2915.29
10/20/2021 20:34:35,2962.45
10/20/2021 20:34:36,2983.28
10/20/2021 20:34:37,2966.74
10/20/2021 20:34:38,2711
10/20/2021 20:34:39,2762.03
10/20/2021 20:34:40,2796.8
10/20/2021 20:34:41,2661.09
10/20/2021 20:34:42,2603.13
10/20/2021 20:34:43,2305.99
10/20/2021 20:34:44,2960.09
10/20/2021 20:34:45,2910.44
10/20/2021 20:34:46,2799.29
10/20/2021 20:34:47,2809.34
10/20/2021 20:34:48,2915.2
10/20/2021 20:34:49,2796.52
10/20/2021 20:34:50,2962.84
10/20/2021 20:34:51,2766.48
10/20/2021 20:34:52,2766.78
10/20/2021 20:34:53,2793.92
10/20/2021 20:34:54,2962.37
10/20/2021 20:34:55,2792.84
10/20/2021 20:34:56,2790
10/20/2021 20:34:57,2795.01
10/20/2021 20:34:58,2767.26
10/20/2021 20:34:59,2967.45
10/20/2021 20:35:00,2792.05
10/20/2021 20:35:01,2917.79
10/20/2021 20:35:02,2907.18
10/20/2021 20:35:03,2758.63
10/20/2021 20:35:06,2769.32
10/20/2021 20:35:07,2765.14
10/20/2021 20:35:08,2766.14
10/20/2021 20:35:09,2777
10/20/2021 20:35:10,2792
10/20/2021 20:35:11,2761.98
10/20/2021 20:35:12,2763.76
10/20/2021 20:35:13,2761.15
10/20/2021 20:35:14,2776.31
10/20/2021 20:35:15,2779.88
10/20/2021 20:35:16,2762.68
10/20/2021 20:35:17,2778.48
10/20/2021 20:35:18,2764.93
10/20/2021 20:35:19,2773
10/20/2021 20:35:20,2764.85
10/20/2021 20:35:21,2963.64
10/20/2021 20:35:22,2791.83
10/20/2021 20:35:23,2795.55
10/20/2021 20:35:24,2769.9
10/20/2021 20:35:25,2760.33
10/20/2021 20:35:26,2769.39
10/20/2021 20:35:27,2760.02
10/20/2021 20:35:28,2756.6
10/20/2021 20:35:29,2767.07
10/20/2021 20:35:30,2765.64
10/20/2021 20:35:32,2757
10/20/2021 20:35:33,2768.62
10/20/2021 20:35:34,2775
10/20/2021 20:35:35,2760.49
10/20/2021 20:35:36,2780.77
10/20/2021 20:35:37,2765.93
10/20/2021 20:35:38,2774.75
10/20/2021 20:35:39,2765
10/20/2021 20:35:40,2367.27
10/20/2021 20:35:41,2733
10/20/2021 20:35:42,2766.01
10/20/2021 20:35:43,2769.08
10/20/2021 20:35:44,2769.95
10/20/2021 20:35:45,2248.68
10/20/2021 20:35:46,2761.03
10/20/2021 20:35:47,2761.71
10/20/2021 20:35:48,2779.23
10/20/2021 20:35:49,2778.94
10/20/2021 20:35:50,2770.46
10/20/2021 20:35:51,2360.24
10/20/2021 20:35:52,2263.35
10/20/2021 20:35:53,2746.59
10/20/2021 20:35:54,2768.82
10/20/2021 20:35:56,2922.01
10/20/2021 20:35:57,3419.86
10/20/2021 20:35:58,3946.23
10/20/2021 20:36:00,5150.97
10/20/2021 20:36:01,5918.91
10/20/2021 20:36:02,5961.49
10/20/2021 20:36:03,6037.5
10/20/2021 20:36:04,6103
10/20/2021 20:36:05,6165.82
10/20/2021 20:36:06,6169.41
10/20/2021 20:36:07,6191.28
10/20/2021 20:36:08,6210
10/20/2021 20:36:09,6214.1
10/20/2021 20:36:10,6167.02
10/20/2021 20:36:11,6178.33
10/20/2021 20:36:12,6160.55
10/20/2021 20:36:13,6167.86
10/20/2021 20:36:15,6261.46
10/20/2021 20:36:16,6262.62
10/20/2021 20:36:18,6164
10/20/2021 20:36:19,6175.72
10/20/2021 20:36:20,6197.62
10/20/2021 20:36:21,6189.27
10/20/2021 20:36:22,6174
10/20/2021 20:36:23,6168.67
10/20/2021 20:36:24,6176
10/20/2021 20:36:25,6184.38
10/20/2021 20:36:26,6195.96
10/20/2021 20:36:27,6182.94
10/20/2021 20:36:28,6187.26
10/20/2021 20:36:29,6176.88
10/20/2021 20:36:30,6186.71
10/20/2021 20:36:31,6176
10/20/2021 20:36:32,6178.44
10/20/2021 20:36:33,6177.6
10/20/2021 20:36:34,6168.41
10/20/2021 20:36:35,6166.9
10/20/2021 20:36:36,6175
10/20/2021 20:36:37,6175.13
10/20/2021 20:36:38,6174.72
10/20/2021 20:36:40,6155.3
10/20/2021 20:36:41,6156.62
10/20/2021 20:36:42,6268.27
10/20/2021 20:36:43,6262.35
10/20/2021 20:36:44,6169.86
10/20/2021 20:36:45,6956.09
10/20/2021 20:36:46,7578.26
10/20/2021 20:36:47,7967.23
10/20/2021 20:36:48,8110.96
10/20/2021 20:36:49,8157
10/20/2021 20:36:50,8270
10/20/2021 20:36:51,8258.22
10/20/2021 20:36:52,8259.07
10/20/2021 20:36:53,8255.8
10/20/2021 20:36:54,8317
10/20/2021 20:36:55,8313.64
10/20/2021 20:36:56,8336.92
10/20/2021 20:36:57,8363.93
10/20/2021 20:36:58,13336
10/20/2021 20:36:59,13181.61
10/20/2021 20:37:01,20806.01
10/20/2021 20:37:02,21672.95
10/20/2021 20:37:03,21577.65
10/20/2021 20:37:04,15635.92
10/20/2021 20:37:05,14299.54
10/20/2021 20:37:07,12198
10/20/2021 20:37:08,11290
10/20/2021 20:37:09,11117.17
10/20/2021 20:37:10,11666.91
10/20/2021 20:37:11,11624.75
10/20/2021 20:37:12,10993.87
10/20/2021 20:37:13,10932.41
10/20/2021 20:37:14,10930.09
10/20/2021 20:37:15,10923
10/20/2021 20:37:16,10930
10/20/2021 20:37:17,10936.78
10/20/2021 20:37:18,10957.26
10/20/2021 20:37:19,10578.49
10/20/2021 20:37:20,10577.19
10/20/2021 20:37:21,10991
10/20/2021 20:37:22,10983.37
10/20/2021 20:37:23,10966.29
10/20/2021 20:37:24,10989.58
10/20/2021 20:37:25,10989.64
10/20/2021 20:37:26,10572.65
10/20/2021 20:37:27,10962.48
10/20/2021 20:37:28,10551.91
10/20/2021 20:37:29,10547.22
10/20/2021 20:37:31,10924.87
10/20/2021 20:37:32,10886.02
10/20/2021 20:37:33,10876.33
10/20/2021 20:37:34,10676.16
10/20/2021 20:37:36,10817.76
10/20/2021 20:37:37,10617.45
10/20/2021 20:37:39,10700
10/20/2021 20:37:40,10783
10/20/2021 20:37:41,10181.79
10/20/2021 20:37:45,10675.54
10/20/2021 20:37:46,10674.54
10/20/2021 20:37:47,10664.93
10/20/2021 20:37:49,10787.24
10/20/2021 20:37:50,10601.91
10/20/2021 20:37:51,10842.22
10/20/2021 20:37:52,10868
10/20/2021 20:37:53,10863.37
10/20/2021 20:37:54,10871.59
10/20/2021 20:37:55,10662.79
10/20/2021 20:37:56,10839.57
10/20/2021 20:37:57,10833.13
10/20/2021 20:37:58,10808.05
10/20/2021 20:37:59,10785.01
10/20/2021 20:38:00,10604.95
10/20/2021 20:38:01,10613.87
10/20/2021 20:38:02,10602.13
10/20/2021 20:38:03,10795
10/20/2021 20:38:04,10797.82
10/20/2021 20:38:05,10797.71
10/20/2021 20:38:06,10778
10/20/2021 20:38:08,10746.92
10/20/2021 20:38:10,10751.89
10/20/2021 20:38:11,10730
10/20/2021 20:38:12,10732
10/20/2021 20:38:13,10738.2
10/20/2021 20:38:14,10744.79
10/20/2021 20:38:15,10773
10/20/2021 20:38:16,10773
10/20/2021 20:38:17,10775.69
10/20/2021 20:38:19,10771.81
10/20/2021 20:38:21,10772.27
10/20/2021 20:38:22,10769.14
10/20/2021 20:38:23,10736.32
10/20/2021 20:38:24,10722
10/20/2021 20:38:25,10742.95
10/20/2021 20:38:26,10736
10/20/2021 20:38:28,10758
10/20/2021 20:38:31,10754
10/20/2021 20:38:32,10765
10/20/2021 20:38:33,10743
10/20/2021 20:38:34,10660.52
10/20/2021 20:38:35,10712
10/20/2021 20:38:36,10693.3
10/20/2021 20:38:37,10654.95
10/20/2021 20:38:38,10651.44
10/20/2021 20:38:39,10623.4
10/20/2021 20:38:40,10646
10/20/2021 20:38:41,10654.48
10/20/2021 20:38:42,10646.13
10/20/2021 20:38:43,10681.86
10/20/2021 20:38:44,10695.94
10/20/2021 20:38:45,10682.96
10/20/2021 20:38:46,10675.82
10/20/2021 20:38:47,10654.61
10/20/2021 20:38:48,10697.67
10/20/2021 20:38:49,10709
10/20/2021 20:38:50,10635.75
10/20/2021 20:38:51,10650.31
10/20/2021 20:38:52,10623.63
10/20/2021 20:38:54,10690.36
10/20/2021 20:38:55,10715
10/20/2021 20:38:56,10651.2
10/20/2021 20:38:57,10657.37
10/20/2021 20:38:58,10725
10/20/2021 20:39:01,10710
10/20/2021 20:39:03,10742.63
10/20/2021 20:39:05,10635.53
10/20/2021 20:39:06,10688.46
10/20/2021 20:39:07,10719
10/20/2021 20:39:08,10737
10/20/2021 20:39:09,10745.18
10/20/2021 20:39:10,10765.02
10/20/2021 20:39:11,10736.24
10/20/2021 20:39:12,10761.38
10/20/2021 20:39:14,10736
10/20/2021 20:39:15,10731.01
10/20/2021 20:39:19,10780
10/20/2021 20:39:21,10752.97
10/20/2021 20:39:22,10779
10/20/2021 20:39:24,10745
10/20/2021 20:39:25,10759
10/20/2021 20:39:26,10725.24
10/20/2021 20:39:29,10722.39
10/20/2021 20:39:30,10740.24
10/20/2021 20:39:33,10763.47
10/20/2021 20:39:36,10777.15
10/20/2021 20:39:37,10776
10/20/2021 20:39:39,10786.07
10/20/2021 20:39:41,10759.91
10/20/2021 20:39:44,10754
10/20/2021 20:39:45,10776.92
10/20/2021 20:39:46,10743
10/20/2021 20:39:47,10772
10/20/2021 20:39:48,10737
10/20/2021 20:39:49,10784.6
10/20/2021 20:39:50,10602.82
10/20/2021 20:39:51,10703
10/20/2021 20:39:52,10768.85
10/20/2021 20:39:53,10763.06
10/20/2021 20:39:54,10739.88
10/20/2021 20:39:55,10779.3
10/20/2021 20:39:56,10757.12
10/20/2021 20:39:59,10784
10/20/2021 20:40:00,10745.47
10/20/2021 20:40:01,10796
10/20/2021 20:40:02,10613.41
10/20/2021 20:40:03,10786.01
10/20/2021 20:40:05,10763.9
10/20/2021 20:40:06,10780.46
10/20/2021 20:40:08,10606.24
10/20/2021 20:40:09,10650.66
10/20/2021 20:40:10,10839.9
10/20/2021 20:40:11,10804.71
10/20/2021 20:40:12,10612.16
10/20/2021 20:40:13,10831.41
10/20/2021 20:40:14,10607.63
10/20/2021 20:40:17,10816.86
10/20/2021 20:40:18,10651.86
10/20/2021 20:40:19,10813.43
10/20/2021 20:40:20,10803.27
10/20/2021 20:40:21,10800.65
10/20/2021 20:40:22,10572.35
10/20/2021 20:40:24,10807.03
10/20/2021 20:40:25,10852.24
10/20/2021 20:40:26,10812.72
10/20/2021 20:40:27,10795
10/20/2021 20:40:28,10624.86
10/20/2021 20:40:29,10632.23
10/20/2021 20:40:30,10794
10/20/2021 20:40:31,10828.76
10/20/2021 20:40:32,10620.41
10/20/2021 20:40:34,10610.8
10/20/2021 20:40:35,10821.1
10/20/2021 20:40:37,10876.17
10/20/2021 20:40:38,10652.07
10/20/2021 20:40:39,10661.11
10/20/2021 20:40:40,10639.6
10/20/2021 20:40:41,10621.14
10/20/2021 20:40:42,10796
10/20/2021 20:40:43,10808.34
10/20/2021 20:40:44,10789.44
10/20/2021 20:40:45,10791
10/20/2021 20:40:46,10180.95
10/20/2021 20:40:47,10771
10/20/2021 20:40:48,10780.38
10/20/2021 20:40:49,10757
10/20/2021 20:40:50,10772
10/20/2021 20:40:51,10610.44
10/20/2021 20:40:52,10796.27
10/20/2021 20:40:53,10601.69
10/20/2021 20:40:54,10822.56
10/20/2021 20:40:55,10809.8
10/20/2021 20:40:57,10831.99
10/20/2021 20:40:58,10636
10/20/2021 20:41:00,10839.68
10/20/2021 20:41:01,10834
10/20/2021 20:41:02,10618.67
10/20/2021 20:41:03,10811
10/20/2021 20:41:04,10810
10/20/2021 20:41:05,10829
10/20/2021 20:41:06,10843.37
10/20/2021 20:41:07,10626.97
10/20/2021 20:41:08,10614.49
10/20/2021 20:41:09,10811.14
10/20/2021 20:41:10,10788
10/20/2021 20:41:12,10782
10/20/2021 20:41:13,10732
10/20/2021 20:41:14,10776.29
10/20/2021 20:41:15,10785.72
10/20/2021 20:41:16,10617.99
10/20/2021 20:41:17,10641.54
10/20/2021 20:41:18,10779.76
10/20/2021 20:41:19,10761.67
10/20/2021 20:41:20,10797.59
10/20/2021 20:41:22,10789
10/20/2021 20:41:23,10626.42
10/20/2021 20:41:24,10829.32
10/20/2021 20:41:25,10611.88
10/20/2021 20:41:26,10651.28
10/20/2021 20:41:27,10615.95
10/20/2021 20:41:28,10630.34
10/20/2021 20:41:29,10653.54
10/20/2021 20:41:31,10620.11
10/20/2021 20:41:32,10818.44
10/20/2021 20:41:33,10620.76
10/20/2021 20:41:34,10844.42
10/20/2021 20:41:36,10820.7
10/20/2021 20:41:38,10817.86
10/20/2021 20:41:39,10809
10/20/2021 20:41:40,10826.19
10/20/2021 20:41:41,10532.28
10/20/2021 20:41:42,10820.77
10/20/2021 20:41:43,10818.72
10/20/2021 20:41:44,10639
10/20/2021 20:41:45,10623.38
10/20/2021 20:41:46,10841.01
10/20/2021 20:41:47,10844
10/20/2021 20:41:48,10817.36
10/20/2021 20:41:49,10817.41
10/20/2021 20:41:50,10817.18
10/20/2021 20:41:51,10815.32
10/20/2021 20:41:52,10818.54
10/20/2021 20:41:53,10620.03
10/20/2021 20:41:56,10784.68
10/20/2021 20:41:57,10833.71
10/20/2021 20:41:58,10872.21
10/20/2021 20:41:59,10884.37
10/20/2021 20:42:00,10887.01
10/20/2021 20:42:01,10863.24
10/20/2021 20:42:04,10796
10/20/2021 20:42:05,10617.35
10/20/2021 20:42:06,10639.6
10/20/2021 20:42:08,10657.27
10/20/2021 20:42:09,10637.09
10/20/2021 20:42:10,10624.02
10/20/2021 20:42:11,10626.96
10/20/2021 20:42:12,10610.89
10/20/2021 20:42:13,10826.28
10/20/2021 20:42:14,10833.68
10/20/2021 20:42:15,10865.29
10/20/2021 20:42:16,10816.45
10/20/2021 20:42:17,10844.96
10/20/2021 20:42:19,10824.64
10/20/2021 20:42:20,10821
10/20/2021 20:42:21,10839.86
10/20/2021 20:42:23,10864.54
10/20/2021 20:42:24,10865.63
10/20/2021 20:42:25,10663.94
10/20/2021 20:42:26,10839.33
10/20/2021 20:42:27,10509.01
10/20/2021 20:42:29,10643.05
10/20/2021 20:42:30,10846.35
10/20/2021 20:42:31,10831
10/20/2021 20:42:32,10663.61
10/20/2021 20:42:33,10862.96
10/20/2021 20:42:35,10631.81
10/20/2021 20:42:36,10648.38
10/20/2021 20:42:37,10847.37
10/20/2021 20:42:38,10653.95
10/20/2021 20:42:39,10860
10/20/2021 20:42:40,10863.3
10/20/2021 20:42:41,10667.4
10/20/2021 20:42:42,10865.03
10/20/2021 20:42:44,10838.05
10/20/2021 20:42:45,10641.31
10/20/2021 20:42:46,10633.87
10/20/2021 20:42:47,10817.62
10/20/2021 20:42:48,10816.19
10/20/2021 20:42:49,10821.8
10/20/2021 20:42:50,10849
10/20/2021 20:42:51,10856.56
10/20/2021 20:42:53,10860.6
10/20/2021 20:42:54,10840
10/20/2021 20:42:55,10840.8
10/20/2021 20:42:56,10657.22
10/20/2021 20:42:57,10621.53
10/20/2021 20:42:58,10621.61
10/20/2021 20:42:59,10637.51
10/20/2021 20:43:00,10649.01
10/20/2021 20:43:01,10840.87
10/20/2021 20:43:02,10846.57
10/20/2021 20:43:03,10672.57
10/20/2021 20:43:04,10670.5
10/20/2021 20:43:05,10853.58
10/20/2021 20:43:07,10646.37
10/20/2021 20:43:08,10861
10/20/2021 20:43:09,10651.56
10/20/2021 20:43:10,10555.95
10/20/2021 20:43:11,10855.9
10/20/2021 20:43:12,10838.81
10/20/2021 20:43:13,10649.31
10/20/2021 20:43:14,10844.56
10/20/2021 20:43:16,10879.27
10/20/2021 20:43:17,10648.38
10/20/2021 20:43:18,10859.56
10/20/2021 20:43:19,10665.07
10/20/2021 20:43:20,10643.32
10/20/2021 20:43:21,10833.92
10/20/2021 20:43:22,10612.96
10/20/2021 20:43:23,10827.09
10/20/2021 20:43:24,10826.81
10/20/2021 20:43:25,10831
10/20/2021 20:43:26,10660.56
10/20/2021 20:43:29,10853
10/20/2021 20:43:30,10842.93
10/20/2021 20:43:31,10838.3
10/20/2021 20:43:32,10855.06
10/20/2021 20:43:34,10635.39
10/20/2021 20:43:35,10836
10/20/2021 20:43:36,10841.7
10/20/2021 20:43:38,10857
10/20/2021 20:43:39,10857.12
10/20/2021 20:43:40,10836.23
10/20/2021 20:43:41,10619.1
10/20/2021 20:43:42,10822.47
10/20/2021 20:43:43,10840.34
10/20/2021 20:43:44,10623.93
10/20/2021 20:43:45,10832.46
10/20/2021 20:43:46,10832.35
10/20/2021 20:43:47,10846.86
10/20/2021 20:43:48,10796.49
10/20/2021 20:43:49,10608.57
10/20/2021 20:43:50,10635.96
10/20/2021 20:43:51,10805.31
10/20/2021 20:43:52,10575.22
10/20/2021 20:43:53,10682.97
10/20/2021 20:43:54,10857.04
10/20/2021 20:43:55,10640.34
10/20/2021 20:43:56,10859
10/20/2021 20:43:57,10843
10/20/2021 20:43:58,10837.98
10/20/2021 20:43:59,10836
10/20/2021 20:44:00,10634
10/20/2021 20:44:01,10831
10/20/2021 20:44:02,10616.25
10/20/2021 20:44:03,10615.68
10/20/2021 20:44:04,10820
10/20/2021 20:44:05,10617
10/20/2021 20:44:06,10820.84
10/20/2021 20:44:07,10601.41
10/20/2021 20:44:09,10654.37
10/20/2021 20:44:11,10655.51
10/20/2021 20:44:12,10639.94
10/20/2021 20:44:13,10627.66
10/20/2021 20:44:15,10847.83
10/20/2021 20:44:16,10829.6
10/20/2021 20:44:17,10646.8
10/20/2021 20:44:18,10859.35
10/20/2021 20:44:19,10634.15
10/20/2021 20:44:20,10839.01
10/20/2021 20:44:21,10654.61
10/20/2021 20:44:22,10634.29
10/20/2021 20:44:24,10844.79
10/20/2021 20:44:25,10678.21
10/20/2021 20:44:28,10657.83
10/20/2021 20:44:29,10655.24
10/20/2021 20:44:30,10833.02
10/20/2021 20:44:31,10839.45
10/20/2021 20:44:32,10856.24
10/20/2021 20:44:33,10648.23
10/20/2021 20:44:34,10618.79
10/20/2021 20:44:36,10861
10/20/2021 20:44:37,10618.98
10/20/2021 20:44:38,10625.36
10/20/2021 20:44:39,10839.89
10/20/2021 20:44:40,10861.87
10/20/2021 20:44:41,10630.84
10/20/2021 20:44:42,10649.17
10/20/2021 20:44:43,10680.48
10/20/2021 20:44:44,10886.53
10/20/2021 20:44:46,10642.86
10/20/2021 20:44:47,10831.92
10/20/2021 20:44:48,10833.14
10/20/2021 20:44:49,10843.17
10/20/2021 20:44:50,10607.96
10/20/2021 20:44:51,10628.99
10/20/2021 20:44:52,10623.33
10/20/2021 20:44:54,10642.71
10/20/2021 20:44:55,10612.63
10/20/2021 20:44:56,10807
10/20/2021 20:44:57,10614.79
10/20/2021 20:44:58,10812.46
10/20/2021 20:44:59,10826.39
10/20/2021 20:45:00,10813.61
10/20/2021 20:45:01,10825
10/20/2021 20:45:02,10833
10/20/2021 20:45:03,10805
10/20/2021 20:45:04,10505.69
10/20/2021 20:45:05,10790
10/20/2021 20:45:06,10617.13
10/20/2021 20:45:07,10811
10/20/2021 20:45:09,10633.69
10/20/2021 20:45:10,10628.01
10/20/2021 20:45:11,10794
10/20/2021 20:45:13,10617.79
10/20/2021 20:45:14,10829.67
10/20/2021 20:45:15,10621.02
10/20/2021 20:45:16,10850.15
10/20/2021 20:45:18,10800.17
10/20/2021 20:45:19,10812
10/20/2021 20:45:20,10795.99
10/20/2021 20:45:22,10183.56
10/20/2021 20:45:23,10600.29
10/20/2021 20:45:24,10199.68
10/20/2021 20:45:25,10806.01
10/20/2021 20:45:27,10794.15
10/20/2021 20:45:28,10787.91
10/20/2021 20:45:29,10798.41
10/20/2021 20:45:30,10731.1
10/20/2021 20:45:31,10613.95
10/20/2021 20:45:32,10843.96
10/20/2021 20:45:33,10667.18
10/20/2021 20:45:35,10643.3
10/20/2021 20:45:36,10611.84
10/20/2021 20:45:37,10760.16
10/20/2021 20:45:38,10784.95
10/20/2021 20:45:39,10759.53
10/20/2021 20:45:40,10799.76
10/20/2021 20:45:41,10609.97
10/20/2021 20:45:42,10818.04
10/20/2021 20:45:43,10822.27
10/20/2021 20:45:44,10789.6
10/20/2021 20:45:45,10611.91
10/20/2021 20:45:46,10797.89
10/20/2021 20:45:47,10791.3
10/20/2021 20:45:48,10606.66
10/20/2021 20:45:49,10507.74
10/20/2021 20:45:50,10795.21
10/20/2021 20:45:51,10611.36
10/20/2021 20:45:52,10835.72
10/20/2021 20:45:53,10512.07
10/20/2021 20:45:54,10789.84
10/20/2021 20:45:55,10601.96
10/20/2021 20:45:56,10796.05
10/20/2021 20:45:57,10810.16
10/20/2021 20:45:58,10793.53
10/20/2021 20:45:59,10611.34
10/20/2021 20:46:00,10835.88
10/20/2021 20:46:01,10797.82
10/20/2021 20:46:04,10778.89
10/20/2021 20:46:07,10616.78
10/20/2021 20:46:09,10795.17
10/20/2021 20:46:10,10767.95
10/20/2021 20:46:11,10792.32
10/20/2021 20:46:12,10791
10/20/2021 20:46:13,10791.38
10/20/2021 20:46:14,10779.01
10/20/2021 20:46:15,10770.65
10/20/2021 20:46:16,10779.4
10/20/2021 20:46:17,10789.59
10/20/2021 20:46:18,10568.44
10/20/2021 20:46:19,10793.24
10/20/2021 20:46:20,10854.8
10/20/2021 20:46:21,10868.24
10/20/2021 20:46:22,10618.89
10/20/2021 20:46:23,10610.53
10/20/2021 20:46:24,10786.76
10/20/2021 20:46:25,10607.34
10/20/2021 20:46:26,10622.89
10/20/2021 20:46:27,10811.59
10/20/2021 20:46:28,10790.41
10/20/2021 20:46:29,10773.47
10/20/2021 20:46:30,10766.01
10/20/2021 20:46:31,10763.89
10/20/2021 20:46:32,10786.63
10/20/2021 20:46:33,10182.37
10/20/2021 20:46:34,10730.55
10/20/2021 20:46:35,10663.53
10/20/2021 20:46:36,10796.83
10/20/2021 20:46:37,10798.58
10/20/2021 20:46:38,10753.12
10/20/2021 20:46:39,10793.25
10/20/2021 20:46:40,10774.27
10/20/2021 20:46:41,10775.43
10/20/2021 20:46:42,10762.4
10/20/2021 20:46:43,10753.3
10/20/2021 20:46:44,10753.1
10/20/2021 20:46:45,10767.76
10/20/2021 20:46:46,10777
10/20/2021 20:46:47,10753
10/20/2021 20:46:48,10761.8
10/20/2021 20:46:49,10774.19
10/20/2021 20:46:50,10785.97
10/20/2021 20:46:51,10761.42
10/20/2021 20:46:53,10621.96
10/20/2021 20:46:54,10605.82
10/20/2021 20:46:55,10605.42
10/20/2021 20:46:56,10793.41
10/20/2021 20:46:57,10794.34
10/20/2021 20:46:58,10783.35
10/20/2021 20:46:59,10750.96
10/20/2021 20:47:00,10773.89
10/20/2021 20:47:01,10764
10/20/2021 20:47:02,10744.04
10/20/2021 20:47:03,10749.41
10/20/2021 20:47:04,10740.1
10/20/2021 20:47:05,10752.61
10/20/2021 20:47:06,10769.02
10/20/2021 20:47:07,10767.39
10/20/2021 20:47:08,10766.07
10/20/2021 20:47:09,10768.82
10/20/2021 20:47:10,10781.13
10/20/2021 20:47:11,10799.49
10/20/2021 20:47:12,10802.49
10/20/2021 20:47:13,10792.96
10/20/2021 20:47:14,10611.35
10/20/2021 20:47:15,10776.06
10/20/2021 20:47:16,10768.5
10/20/2021 20:47:17,10607.15
10/20/2021 20:47:18,10796.3
10/20/2021 20:47:20,10763.54
10/20/2021 20:47:21,10756.81
10/20/2021 20:47:22,10771.93
10/20/2021 20:47:23,10779.96
10/20/2021 20:47:24,10762.2
10/20/2021 20:47:25,10764.82
10/20/2021 20:47:26,10764.44
10/20/2021 20:47:27,10774.49
10/20/2021 20:47:28,10758.41
10/20/2021 20:47:30,10749.04
10/20/2021 20:47:31,10767.22
10/20/2021 20:47:33,10566.85
10/20/2021 20:47:34,10757.39
10/20/2021 20:47:35,10794.06
10/20/2021 20:47:36,10176.13
10/20/2021 20:47:37,10743.34
10/20/2021 20:47:39,10750.97
10/20/2021 20:47:40,10748
10/20/2021 20:47:41,10765.27
10/20/2021 20:47:42,10767.28
10/20/2021 20:47:43,10761
10/20/2021 20:47:44,10766.5
10/20/2021 20:47:46,10755.43
10/20/2021 20:47:47,10736.33
10/20/2021 20:47:48,10729.3
10/20/2021 20:47:51,10728.48
10/20/2021 20:47:52,10744.78
10/20/2021 20:47:53,10748.52
10/20/2021 20:47:54,10766.96
10/20/2021 20:47:55,10765.99
10/20/2021 20:47:56,10752.5
10/20/2021 20:47:57,10749.29
10/20/2021 20:47:58,10765.3
10/20/2021 20:47:59,10752.56
10/20/2021 20:48:00,10772.32
10/20/2021 20:48:01,10767.45
10/20/2021 20:48:02,10769.06
10/20/2021 20:48:03,10767.94
10/20/2021 20:48:04,10751
10/20/2021 20:48:05,10730.84
10/20/2021 20:48:06,10773.06
10/20/2021 20:48:07,10767.5
10/20/2021 20:48:10,10704
10/20/2021 20:48:11,10708.58
10/20/2021 20:48:12,10706
10/20/2021 20:48:13,10711.43
10/20/2021 20:48:15,10720.9
10/20/2021 20:48:16,10703.52
10/20/2021 20:48:17,10732
10/20/2021 20:48:18,10736.33
10/20/2021 20:48:19,10723
10/20/2021 20:48:20,10735.15
10/20/2021 20:48:21,10729.26
10/20/2021 20:48:22,10746.92
10/20/2021 20:48:23,10745
10/20/2021 20:48:24,10755.26
10/20/2021 20:48:25,10745.95
10/20/2021 20:48:26,10762.35
10/20/2021 20:48:27,10733.5
10/20/2021 20:48:28,10782.58
10/20/2021 20:48:29,10748.78
10/20/2021 20:48:30,10740.87
10/20/2021 20:48:31,10735.35
10/20/2021 20:48:32,10769.31
10/20/2021 20:48:33,10752
10/20/2021 20:48:34,10775.96
10/20/2021 20:48:35,10749.56
10/20/2021 20:48:36,10743.47
10/20/2021 20:48:37,10730
10/20/2021 20:48:38,10744.13
10/20/2021 20:48:39,10757
10/20/2021 20:48:40,10747.5
10/20/2021 20:48:41,10726.54
10/20/2021 20:48:42,10734.44
10/20/2021 20:48:43,10710.54
10/20/2021 20:48:44,10726.74
10/20/2021 20:48:45,10747.35
10/20/2021 20:48:47,10713.51
10/20/2021 20:48:51,10723.08
10/20/2021 20:48:52,10729.1
10/20/2021 20:48:53,10699.8
10/20/2021 20:48:54,10538.5
10/20/2021 20:48:55,10730
10/20/2021 20:48:56,10713
10/20/2021 20:48:57,10741.65
10/20/2021 20:48:58,10749.96
10/20/2021 20:48:59,10746.23
10/20/2021 20:49:00,10760.5
10/20/2021 20:49:01,10739.36
10/20/2021 20:49:02,10758.35
10/20/2021 20:49:03,10776.55
10/20/2021 20:49:05,10729.72
10/20/2021 20:49:06,10705.95
10/20/2021 20:49:07,10721.28
10/20/2021 20:49:08,10707
10/20/2021 20:49:09,10730.95
10/20/2021 20:49:10,10752.01
10/20/2021 20:49:11,10740.64
10/20/2021 20:49:12,10734.72
10/20/2021 20:49:13,10746.87
10/20/2021 20:49:15,10751.28
10/20/2021 20:49:16,10733.78
10/20/2021 20:49:18,10751.77
10/20/2021 20:49:19,10753.66
10/20/2021 20:49:20,10765.03
10/20/2021 20:49:21,10760.97
10/20/2021 20:49:22,10721.51
10/20/2021 20:49:23,10732.94
10/20/2021 20:49:24,10730.15
10/20/2021 20:49:25,10731.78
10/20/2021 20:49:26,10741.56
10/20/2021 20:49:27,10719.96
10/20/2021 20:49:28,10732
10/20/2021 20:49:29,10727.63
10/20/2021 20:49:31,10746.21
10/20/2021 20:49:32,10731.83
10/20/2021 20:49:33,10731.43
10/20/2021 20:49:34,10704.32
10/20/2021 20:49:36,10697.95
10/20/2021 20:49:39,10730
10/20/2021 20:49:40,10726.45
10/20/2021 20:49:41,10734.81
10/20/2021 20:49:42,10735.33
10/20/2021 20:49:43,10729.39
10/20/2021 20:49:44,10732.45
10/20/2021 20:49:46,10719.05
10/20/2021 20:49:47,10762.85
10/20/2021 20:49:48,10665.28
10/20/2021 20:49:49,10671.08
10/20/2021 20:49:50,10685.91
10/20/2021 20:49:51,10673.99
10/20/2021 20:49:52,10685.77
10/20/2021 20:49:56,10745.92
10/20/2021 20:50:00,10682.46
10/20/2021 20:50:01,10682.02
10/20/2021 20:50:02,10590.51
10/20/2021 20:50:04,10696.75
10/20/2021 20:50:06,10714
10/20/2021 20:50:07,10710
10/20/2021 20:50:08,10731
10/20/2021 20:50:09,10734.49
10/20/2021 20:50:10,10717.29
10/20/2021 20:50:11,10701.91
10/20/2021 20:50:12,10605.49
10/20/2021 20:50:14,10674.01
10/20/2021 20:50:16,10713
10/20/2021 20:50:17,10684.56
10/20/2021 20:50:18,10697
10/20/2021 20:50:19,10711
10/20/2021 20:50:20,10708.82
10/20/2021 20:50:21,10726.92
10/20/2021 20:50:22,10760.15
10/20/2021 20:50:23,10719
10/20/2021 20:50:25,10729.45
10/20/2021 20:50:28,10721.04
10/20/2021 20:50:29,10731.35
10/20/2021 20:50:30,10717
10/20/2021 20:50:31,10721.62
10/20/2021 20:50:32,10728.77
10/20/2021 20:50:33,10723.06
10/20/2021 20:50:35,10682.19
10/20/2021 20:50:36,10682.85
10/20/2021 20:50:37,10697.32
10/20/2021 20:50:38,10675.97
10/20/2021 20:50:39,10676.72
10/20/2021 20:50:40,10699.32
10/20/2021 20:50:41,10687.17
10/20/2021 20:50:42,10681.08
10/20/2021 20:50:44,10717.66
10/20/2021 20:50:46,10745.43
10/20/2021 20:50:47,10701.9
10/20/2021 20:50:48,10583.56
10/20/2021 20:50:49,10679.57
10/20/2021 20:50:51,10685.94
10/20/2021 20:50:52,10692.32
10/20/2021 20:50:54,10657.64
10/20/2021 20:50:55,10680.12
10/20/2021 20:50:58,10700.15
10/20/2021 20:51:00,10702.65
10/20/2021 20:51:02,10685.98
10/20/2021 20:51:03,10707.15
10/20/2021 20:51:04,10712.95
10/20/2021 20:51:05,10696.33
10/20/2021 20:51:07,10697.51
10/20/2021 20:51:08,10685.26
10/20/2021 20:51:09,10065.76
10/20/2021 20:51:10,10699.13
10/20/2021 20:51:11,10674.54
10/20/2021 20:51:12,10651.99
10/20/2021 20:51:13,10639.45
10/20/2021 20:51:15,10682.55
10/20/2021 20:51:16,10676.51
10/20/2021 20:51:17,10683.41
10/20/2021 20:51:18,10667.16
10/20/2021 20:51:19,10669.66
10/20/2021 20:51:20,10685.37
10/20/2021 20:51:21,10696.75
10/20/2021 20:51:22,10686.64
10/20/2021 20:51:23,10678.73
10/20/2021 20:51:24,10621.2
10/20/2021 20:51:25,10674
10/20/2021 20:51:26,10665.94
10/20/2021 20:51:27,10690.15
10/20/2021 20:51:28,10668.07
10/20/2021 20:51:29,10680.98
10/20/2021 20:51:30,10673.39
10/20/2021 20:51:31,10681.25
10/20/2021 20:51:32,10685.8
10/20/2021 20:51:33,10673.3
10/20/2021 20:51:34,10681.29
10/20/2021 20:51:35,10698.36
10/20/2021 20:51:36,10670.77
10/20/2021 20:51:37,10664
10/20/2021 20:51:38,10658.84
10/20/2021 20:51:39,10679.65
10/20/2021 20:51:40,10692.22
10/20/2021 20:51:42,10683.8
10/20/2021 20:51:43,10681.95
10/20/2021 20:51:44,10690.28
10/20/2021 20:51:46,10700.94
10/20/2021 20:51:48,10694.07
10/20/2021 20:51:49,10697.38
10/20/2021 20:51:50,10684.78
10/20/2021 20:51:52,10699.59
10/20/2021 20:51:56,10662
10/20/2021 20:51:57,10667.39
10/20/2021 20:51:58,10665.68
10/20/2021 20:51:59,10687.35
10/20/2021 20:52:00,10639.5
10/20/2021 20:52:01,10681.88
10/20/2021 20:52:02,10688.57
10/20/2021 20:52:03,10685.56
10/20/2021 20:52:04,10693.57
10/20/2021 20:52:05,10679.75
10/20/2021 20:52:06,10683.01
10/20/2021 20:52:07,10674
10/20/2021 20:52:08,10684.75
10/20/2021 20:52:09,10687.22
10/20/2021 20:52:10,10683.91
10/20/2021 20:52:11,10685.92
10/20/2021 20:52:12,10694.92
10/20/2021 20:52:13,10675.06
10/20/2021 20:52:14,10657.13
10/20/2021 20:52:15,10678.66
10/20/2021 20:52:16,10693.55
10/20/2021 20:52:17,10686.73
10/20/2021 20:52:18,10679.44
10/20/2021 20:52:20,10649.33
10/20/2021 20:52:21,10649.8
10/20/2021 20:52:22,10690
10/20/2021 20:52:24,10683.15
10/20/2021 20:52:25,10662.37
10/20/2021 20:52:26,10675.65
10/20/2021 20:52:27,10654.35
10/20/2021 20:52:28,10656.95
10/20/2021 20:52:29,10687.94
10/20/2021 20:52:31,10644.98
10/20/2021 20:52:32,10655.15
10/20/2021 20:52:33,10658.91
10/20/2021 20:52:34,10647.2
10/20/2021 20:52:35,10667.18
10/20/2021 20:52:37,10663.61
10/20/2021 20:52:38,10658.76
10/20/2021 20:52:39,10662.2
10/20/2021 20:52:40,10652.21
10/20/2021 20:52:41,10673.55
10/20/2021 20:52:42,10672.82
10/20/2021 20:52:43,10671.66
10/20/2021 20:52:44,10665.34
10/20/2021 20:52:45,10623.16
10/20/2021 20:52:46,10657.32
10/20/2021 20:52:47,10623.18
10/20/2021 20:52:48,10637.14
10/20/2021 20:52:49,10656.9
10/20/2021 20:52:50,10652
10/20/2021 20:52:51,10654.05
10/20/2021 20:52:52,10671.39
10/20/2021 20:52:53,10685.15
10/20/2021 20:52:54,10688.97
10/20/2021 20:52:55,10665.54
10/20/2021 20:52:56,10675
10/20/2021 20:52:57,10667.25
10/20/2021 20:52:58,10671.96
10/20/2021 20:52:59,10664.9
10/20/2021 20:53:00,10656.61
10/20/2021 20:53:01,10658.59
10/20/2021 20:53:02,10664.71
10/20/2021 20:53:03,10637.92
10/20/2021 20:53:04,10653.49
10/20/2021 20:53:05,10655.27
10/20/2021 20:53:06,10668.17
10/20/2021 20:53:07,10659.91
10/20/2021 20:53:08,10663.58
10/20/2021 20:53:09,10621.82
10/20/2021 20:53:10,10621.82
10/20/2021 20:53:11,10652.24
10/20/2021 20:53:12,10622.18
10/20/2021 20:53:13,10619.38
10/20/2021 20:53:14,10638.9
10/20/2021 20:53:15,10745
10/20/2021 20:53:16,10645.58
10/20/2021 20:53:17,10658.75
10/20/2021 20:53:18,10667.15
10/20/2021 20:53:19,10657.15
10/20/2021 20:53:21,10620.3
10/20/2021 20:53:22,10628.18
10/20/2021 20:53:23,10630.75
10/20/2021 20:53:24,10605.38
10/20/2021 20:53:25,10604.65
10/20/2021 20:53:27,10661.61
10/20/2021 20:53:28,10640.28
10/20/2021 20:53:29,10633.36
10/20/2021 20:53:30,10626.94
10/20/2021 20:53:31,10669.33
10/20/2021 20:53:33,10638.03
10/20/2021 20:53:34,10636.96
10/20/2021 20:53:35,10656.47
10/20/2021 20:53:36,10616.42
10/20/2021 20:53:37,10636.44
10/20/2021 20:53:38,10639.16
10/20/2021 20:53:40,10650.57
10/20/2021 20:53:42,10658.46
10/20/2021 20:53:43,10663.88
10/20/2021 20:53:44,10662.35
10/20/2021 20:53:45,10659.43
10/20/2021 20:53:46,10659
10/20/2021 20:53:47,10663.24
10/20/2021 20:53:48,10658.23
10/20/2021 20:53:49,10671.91
10/20/2021 20:53:50,10673.11
10/20/2021 20:53:51,10644.02
10/20/2021 20:53:52,10640.14
10/20/2021 20:53:53,10640.9
10/20/2021 20:53:54,10641.31
10/20/2021 20:53:55,10633.23
10/20/2021 20:53:56,10636.91
10/20/2021 20:53:57,10678.1
10/20/2021 20:53:58,10800
10/20/2021 20:53:59,10655.44
10/20/2021 20:54:00,10650.02
10/20/2021 20:54:01,10644.3
10/20/2021 20:54:02,10624.35
10/20/2021 20:54:03,10613.25
10/20/2021 20:54:04,10612.25
10/20/2021 20:54:05,10621.04
10/20/2021 20:54:06,10587.1
10/20/2021 20:54:07,10663.95
10/20/2021 20:54:08,10639.59
10/20/2021 20:54:09,10606.75
10/20/2021 20:54:11,10642.56
10/20/2021 20:54:13,10633.04
10/20/2021 20:54:14,10626.8
10/20/2021 20:54:15,10637.03
10/20/2021 20:54:16,10611.11
10/20/2021 20:54:17,10622.72
10/20/2021 20:54:18,10637.95
10/20/2021 20:54:19,10649.1
10/20/2021 20:54:20,10646.16
10/20/2021 20:54:21,10649.05
10/20/2021 20:54:22,10649.05
10/20/2021 20:54:23,10602.38
10/20/2021 20:54:24,10635.4
10/20/2021 20:54:26,10644.69
10/20/2021 20:54:27,10668.84
10/20/2021 20:54:28,10666.67
10/20/2021 20:54:29,10626.17
10/20/2021 20:54:30,10630.86
10/20/2021 20:54:31,10655.75
10/20/2021 20:54:32,10655
10/20/2021 20:54:33,10639.97
10/20/2021 20:54:34,10643.2
10/20/2021 20:54:37,1982.73
10/20/2021 20:54:38,1163.73
10/20/2021 20:54:39,366
10/20/2021 20:54:40,363.44
10/20/2021 20:54:43,0.6
10/20/2021 20:54:44,0
10/20/2021 20:54:45,0
10/20/2021 20:54:46,0.6
10/20/2021 20:54:47,0
10/20/2021 20:54:48,0.6
10/20/2021 20:54:49,0
10/20/2021 20:54:50,0
10/20/2021 20:54:51,0
10/20/2021 20:54:52,0
10/20/2021 20:54:53,0
10/20/2021 20:54:54,0
10/20/2021 20:54:55,0
10/20/2021 20:54:56,0
10/20/2021 20:54:57,0
10/20/2021 20:54:58,0
10/20/2021 20:54:59,0
10/20/2021 20:55:00,0
10/20/2021 20:55:01,0
10/20/2021 20:55:02,0
10/20/2021 20:55:03,0
10/20/2021 20:55:04,0
10/20/2021 20:55:05,0
10/20/2021 20:55:06,0
10/20/2021 20:55:07,0
10/20/2021 20:55:08,0
10/20/2021 20:55:09,0
10/20/2021 20:55:10,0
10/20/2021 20:55:11,0
10/20/2021 20:55:12,0
10/20/2021 20:55:13,0
10/20/2021 20:55:14,0
10/20/2021 20:55:15,0
10/20/2021 20:55:16,0
10/20/2021 20:55:17,0
10/20/2021 20:55:18,0
10/20/2021 20:55:19,0
10/20/2021 20:55:20,0
10/20/2021 20:55:21,0
10/20/2021 20:55:22,0
10/20/2021 20:55:23,0
10/20/2021 20:55:24,0
10/20/2021 20:55:25,0
10/20/2021 20:55:26,0
10/20/2021 20:55:27,0
10/20/2021 20:55:28,0
10/20/2021 20:55:29,0
10/20/2021 20:55:30,0
10/20/2021 20:55:31,0
10/20/2021 20:55:32,0
10/20/2021 20:55:33,0
10/20/2021 20:55:34,0
10/20/2021 20:55:35,0
10/20/2021 20:55:36,0
10/20/2021 20:55:37,0
10/20/2021 20:55:38,0
10/20/2021 20:55:39,0
10/20/2021 20:55:40,0
10/20/2021 20:55:41,0
10/20/2021 20:55:42,0
10/20/2021 20:55:43,0
10/20/2021 20:55:44,0
10/20/2021 20:55:45,0
10/20/2021 20:55:46,0
10/20/2021 20:55:47,0
10/20/2021 20:55:48,0
10/20/2021 20:55:49,0
10/20/2021 20:55:50,0
10/20/2021 20:55:51,0
10/20/2021 20:55:52,0
10/20/2021 20:55:53,0
10/20/2021 20:55:54,0
10/20/2021 20:55:55,0
10/20/2021 20:55:56,0
10/20/2021 20:55:57,0
10/20/2021 20:55:58,0
10/20/2021 20:55:59,0
10/20/2021 20:56:00,0
10/20/2021 20:56:01,0
10/20/2021 20:56:02,0
10/20/2021 20:56:03,0
10/20/2021 20:56:04,0
10/20/2021 20:56:05,0
10/20/2021 20:56:06,0
10/20/2021 20:56:07,0
10/20/2021 20:56:08,0
10/20/2021 20:56:09,0
10/20/2021 20:56:10,0
10/20/2021 20:56:11,0
10/20/2021 20:56:12,0
10/20/2021 20:56:13,0
10/20/2021 20:56:14,0
10/20/2021 20:56:15,0
10/20/2021 20:56:16,0
10/20/2021 20:56:17,0
10/20/2021 20:56:18,0
10/20/2021 20:56:19,0
10/20/2021 20:56:20,0
10/20/2021 20:56:21,0
10/20/2021 20:56:22,0
10/20/2021 20:56:23,0
10/20/2021 20:56:24,0
10/20/2021 20:56:25,0
10/20/2021 20:56:26,0
10/20/2021 20:56:27,0
10/20/2021 20:56:28,0
10/20/2021 20:56:29,0
10/20/2021 20:56:30,0
10/20/2021 20:56:31,0
10/20/2021 20:56:32,0
10/20/2021 20:56:33,0
10/20/2021 20:56:34,0
10/20/2021 20:56:35,0
10/20/2021 20:56:36,0
10/20/2021 20:56:37,0
10/20/2021 20:56:38,0
10/20/2021 20:56:39,0
10/20/2021 20:56:40,0
10/20/2021 20:56:41,0
10/20/2021 20:56:42,0
10/20/2021 20:56:43,0
10/20/2021 20:56:44,0
10/20/2021 20:56:45,0
10/20/2021 20:56:46,0
10/20/2021 20:56:47,0
10/20/2021 20:56:48,0
10/20/2021 20:56:49,0
10/20/2021 20:56:50,0
10/20/2021 20:56:51,0
10/20/2021 20:56:52,0
10/20/2021 20:56:53,0
10/20/2021 20:56:54,0
10/20/2021 20:56:55,0
10/20/2021 20:56:56,0
10/20/2021 20:56:57,0
10/20/2021 20:56:58,0
10/20/2021 20:56:59,0
10/20/2021 20:57:00,0
10/20/2021 20:57:01,0
10/20/2021 20:57:02,0
10/20/2021 20:57:03,0
10/20/2021 20:57:04,0
10/20/2021 20:57:05,0
10/20/2021 20:57:06,0
10/20/2021 20:57:07,0
10/20/2021 20:57:08,0
10/20/2021 20:57:09,0
10/20/2021 20:57:10,0
10/20/2021 20:57:11,0
10/20/2021 20:57:12,0
10/20/2021 20:57:13,0
10/20/2021 20:57:14,0
10/20/2021 20:57:15,0
10/20/2021 20:57:16,0
10/20/2021 20:57:17,0
10/20/2021 20:57:18,0
10/20/2021 20:57:19,0
10/20/2021 20:57:20,0
10/20/2021 20:57:21,0
10/20/2021 20:57:22,0
10/20/2021 20:57:23,0
10/20/2021 20:57:24,0
10/20/2021 20:57:25,0
10/20/2021 20:57:26,0
10/20/2021 20:57:27,0
10/20/2021 20:57:28,0
10/20/2021 20:57:29,0
10/20/2021 20:57:30,0
10/20/2021 20:57:31,0
10/20/2021 20:57:32,0
10/20/2021 20:57:33,0
10/20/2021 20:57:34,0
10/20/2021 20:57:35,0
10/20/2021 20:57:36,0
