timestamp,SCFH
10/18/2021 16:55:46,0
10/18/2021 16:55:47,0
10/18/2021 16:55:48,0
10/18/2021 16:55:49,0
10/18/2021 16:55:50,0
10/18/2021 16:55:51,0
10/18/2021 16:55:52,0
10/18/2021 16:55:53,0
10/18/2021 16:55:54,0
10/18/2021 16:55:55,0
10/18/2021 16:55:56,0
10/18/2021 16:55:57,0
10/18/2021 16:55:58,0
10/18/2021 16:55:59,0
10/18/2021 16:56:00,0
10/18/2021 16:56:01,0
10/18/2021 16:56:02,0
10/18/2021 16:56:03,0
10/18/2021 16:56:04,0
10/18/2021 16:56:05,0
10/18/2021 16:56:06,0
10/18/2021 16:56:07,0
10/18/2021 16:56:08,0
10/18/2021 16:56:09,0
10/18/2021 16:56:10,0
10/18/2021 16:56:11,0
10/18/2021 16:56:12,0
10/18/2021 16:56:13,0
10/18/2021 16:56:14,0
10/18/2021 16:56:15,0
10/18/2021 16:56:16,0
10/18/2021 16:56:17,0
10/18/2021 16:56:18,0
10/18/2021 16:56:19,0
10/18/2021 16:56:20,0
10/18/2021 16:56:21,0
10/18/2021 16:56:22,0
10/18/2021 16:56:23,0
10/18/2021 16:56:24,0
10/18/2021 16:56:25,0
10/18/2021 16:56:26,0
10/18/2021 16:56:27,0
10/18/2021 16:56:28,0
10/18/2021 16:56:29,0
10/18/2021 16:56:30,0
10/18/2021 16:56:31,0
10/18/2021 16:56:32,0
10/18/2021 16:56:33,0
10/18/2021 16:56:34,0
10/18/2021 16:56:35,0
10/18/2021 16:56:36,0
10/18/2021 16:56:37,0
10/18/2021 16:56:38,0
10/18/2021 16:56:39,0
10/18/2021 16:56:40,0
10/18/2021 16:56:41,0
10/18/2021 16:56:42,0
10/18/2021 16:56:43,0
10/18/2021 16:56:44,0
10/18/2021 16:56:45,0
10/18/2021 16:56:46,0
10/18/2021 16:56:47,0
10/18/2021 16:56:48,0
10/18/2021 16:56:49,0
10/18/2021 16:56:50,0
10/18/2021 16:56:51,0
10/18/2021 16:56:52,0
10/18/2021 16:56:53,0
10/18/2021 16:56:54,0
10/18/2021 16:56:55,0
10/18/2021 16:56:56,0
10/18/2021 16:56:57,0
10/18/2021 16:56:58,0
10/18/2021 16:56:59,0
10/18/2021 16:57:00,0
10/18/2021 16:57:01,0
10/18/2021 16:57:02,0
10/18/2021 16:57:03,0
10/18/2021 16:57:04,0
10/18/2021 16:57:05,0
10/18/2021 16:57:06,0
10/18/2021 16:57:07,0
10/18/2021 16:57:08,0
10/18/2021 16:57:09,0
10/18/2021 16:57:10,0
10/18/2021 16:57:11,0
10/18/2021 16:57:12,0
10/18/2021 16:57:13,0
10/18/2021 16:57:14,0
10/18/2021 16:57:15,0
10/18/2021 16:57:16,0
10/18/2021 16:57:17,0
10/18/2021 16:57:18,0
10/18/2021 16:57:19,0
10/18/2021 16:57:20,0
10/18/2021 16:57:21,0
10/18/2021 16:57:22,0
10/18/2021 16:57:23,0
10/18/2021 16:57:24,0
10/18/2021 16:57:25,0
10/18/2021 16:57:26,0
10/18/2021 16:57:27,0
10/18/2021 16:57:28,0
10/18/2021 16:57:29,0
10/18/2021 16:57:30,0
10/18/2021 16:57:31,0
10/18/2021 16:57:32,0
10/18/2021 16:57:33,0
10/18/2021 16:57:34,0
10/18/2021 16:57:35,0
10/18/2021 16:57:36,0
10/18/2021 16:57:37,0
10/18/2021 16:57:38,0
10/18/2021 16:57:39,0
10/18/2021 16:57:40,0
10/18/2021 16:57:41,0
10/18/2021 16:57:42,0
10/18/2021 16:57:43,0
10/18/2021 16:57:44,0
10/18/2021 16:57:45,0
10/18/2021 16:57:46,0
10/18/2021 16:57:47,0
10/18/2021 16:57:48,0
10/18/2021 16:57:49,0
10/18/2021 16:57:50,0
10/18/2021 16:57:51,0
10/18/2021 16:57:52,0
10/18/2021 16:57:53,0
10/18/2021 16:57:54,0
10/18/2021 16:57:55,0
10/18/2021 16:57:56,0
10/18/2021 16:57:57,0
10/18/2021 16:57:58,0
10/18/2021 16:57:59,0
10/18/2021 16:58:00,0
10/18/2021 16:58:01,0
10/18/2021 16:58:02,0
10/18/2021 16:58:03,0
10/18/2021 16:58:04,0
10/18/2021 16:58:05,0
10/18/2021 16:58:06,0
10/18/2021 16:58:07,0
10/18/2021 16:58:08,0
10/18/2021 16:58:09,0
10/18/2021 16:58:10,0
10/18/2021 16:58:11,0
10/18/2021 16:58:12,0
10/18/2021 16:58:13,0
10/18/2021 16:58:14,0
10/18/2021 16:58:15,0
10/18/2021 16:58:16,0
10/18/2021 16:58:17,0
10/18/2021 16:58:18,0
10/18/2021 16:58:19,0
10/18/2021 16:58:20,0
10/18/2021 16:58:21,0
10/18/2021 16:58:22,0
10/18/2021 16:58:23,0
10/18/2021 16:58:24,0
10/18/2021 16:58:25,0
10/18/2021 16:58:26,0
10/18/2021 16:58:27,0
10/18/2021 16:58:28,0
10/18/2021 16:58:29,0
10/18/2021 16:58:30,0
10/18/2021 16:58:31,0
10/18/2021 16:58:32,0
10/18/2021 16:58:33,0
10/18/2021 16:58:34,0
10/18/2021 16:58:35,0
10/18/2021 16:58:36,0
10/18/2021 16:58:37,0
10/18/2021 16:58:38,0
10/18/2021 16:58:39,0
10/18/2021 16:58:40,0
10/18/2021 16:58:41,0
10/18/2021 16:58:42,0
10/18/2021 16:58:43,0
10/18/2021 16:58:44,0
10/18/2021 16:58:45,0
10/18/2021 16:58:46,0
10/18/2021 16:58:47,0
10/18/2021 16:58:48,0
10/18/2021 16:58:49,0
10/18/2021 16:58:50,0
10/18/2021 16:58:51,0
10/18/2021 16:58:52,0
10/18/2021 16:58:53,0
10/18/2021 16:58:54,0
10/18/2021 16:58:55,0
10/18/2021 16:58:56,0
10/18/2021 16:58:57,0
10/18/2021 16:58:58,0
10/18/2021 16:58:59,0
10/18/2021 16:59:00,0
10/18/2021 16:59:01,0
10/18/2021 16:59:02,0
10/18/2021 16:59:03,0
10/18/2021 16:59:04,0
10/18/2021 16:59:05,0
10/18/2021 16:59:06,0
10/18/2021 16:59:07,0
10/18/2021 16:59:08,0
10/18/2021 16:59:09,0
10/18/2021 16:59:10,0
10/18/2021 16:59:11,0
10/18/2021 16:59:12,0
10/18/2021 16:59:13,0
10/18/2021 16:59:14,0
10/18/2021 16:59:15,0
10/18/2021 16:59:16,0
10/18/2021 16:59:17,0
10/18/2021 16:59:18,0
10/18/2021 16:59:19,0
10/18/2021 16:59:20,0
10/18/2021 16:59:21,0
10/18/2021 16:59:22,0
10/18/2021 16:59:23,0
10/18/2021 16:59:24,0
10/18/2021 16:59:25,0
10/18/2021 16:59:26,0
10/18/2021 16:59:27,0
10/18/2021 16:59:28,0
10/18/2021 16:59:29,0
10/18/2021 16:59:30,0
10/18/2021 16:59:31,0
10/18/2021 16:59:32,0
10/18/2021 16:59:33,0
10/18/2021 16:59:34,0
10/18/2021 16:59:35,0
10/18/2021 16:59:36,0
10/18/2021 16:59:37,0
10/18/2021 16:59:38,0
10/18/2021 16:59:39,0
10/18/2021 16:59:40,0
10/18/2021 16:59:41,0
10/18/2021 16:59:42,0
10/18/2021 16:59:43,0
10/18/2021 16:59:44,0
10/18/2021 16:59:45,0
10/18/2021 16:59:46,0
10/18/2021 16:59:47,0
10/18/2021 16:59:48,0
10/18/2021 16:59:49,0
10/18/2021 16:59:50,0
10/18/2021 16:59:51,0
10/18/2021 16:59:52,0
10/18/2021 16:59:53,0
10/18/2021 16:59:54,0
10/18/2021 16:59:55,0
10/18/2021 16:59:56,0
10/18/2021 16:59:57,0
10/18/2021 16:59:58,0
10/18/2021 16:59:59,0
10/18/2021 17:00:00,0
10/18/2021 17:00:01,0
10/18/2021 17:00:02,0
10/18/2021 17:00:03,0
10/18/2021 17:00:04,0
10/18/2021 17:00:05,0
10/18/2021 17:00:06,0
10/18/2021 17:00:07,0
10/18/2021 17:00:08,0
10/18/2021 17:00:09,0
10/18/2021 17:00:10,0
10/18/2021 17:00:11,0
10/18/2021 17:00:12,0
10/18/2021 17:00:13,0
10/18/2021 17:00:14,0
10/18/2021 17:00:15,0
10/18/2021 17:00:16,0
10/18/2021 17:00:17,0
10/18/2021 17:00:18,0
10/18/2021 17:00:19,0
10/18/2021 17:00:20,0
10/18/2021 17:00:21,0
10/18/2021 17:00:22,0
10/18/2021 17:00:23,0
10/18/2021 17:00:24,0
10/18/2021 17:00:25,0
10/18/2021 17:00:26,0
10/18/2021 17:00:27,0
10/18/2021 17:00:28,0
10/18/2021 17:00:29,0
10/18/2021 17:00:30,0
10/18/2021 17:00:31,0
10/18/2021 17:00:32,0
10/18/2021 17:00:33,0
10/18/2021 17:00:34,0
10/18/2021 17:00:35,0
10/18/2021 17:00:36,0
10/18/2021 17:00:37,0
10/18/2021 17:00:38,0
10/18/2021 17:00:39,0
10/18/2021 17:00:40,0
10/18/2021 17:00:41,0
10/18/2021 17:00:42,0
10/18/2021 17:00:43,0
10/18/2021 17:00:44,0
10/18/2021 17:00:45,0
10/18/2021 17:00:46,0
10/18/2021 17:00:47,0
10/18/2021 17:00:48,0
10/18/2021 17:00:49,0
10/18/2021 17:00:50,0
10/18/2021 17:00:51,0
10/18/2021 17:00:52,0
10/18/2021 17:00:53,0
10/18/2021 17:00:54,0
10/18/2021 17:00:55,0
10/18/2021 17:00:56,0
10/18/2021 17:00:57,0
10/18/2021 17:00:58,0
10/18/2021 17:00:59,0
10/18/2021 17:01:00,0
10/18/2021 17:01:01,0
10/18/2021 17:01:02,0
10/18/2021 17:01:03,0
10/18/2021 17:01:04,0
10/18/2021 17:01:05,0
10/18/2021 17:01:06,0
10/18/2021 17:01:07,0
10/18/2021 17:01:08,0
10/18/2021 17:01:09,0
10/18/2021 17:01:10,0
10/18/2021 17:01:11,0
10/18/2021 17:01:12,0
10/18/2021 17:01:13,0
10/18/2021 17:01:14,0
10/18/2021 17:01:15,0
10/18/2021 17:01:16,0
10/18/2021 17:01:17,0
10/18/2021 17:01:18,0
10/18/2021 17:01:19,0
10/18/2021 17:01:20,0
10/18/2021 17:01:21,0
10/18/2021 17:01:22,0
10/18/2021 17:01:23,0
10/18/2021 17:01:24,0
10/18/2021 17:01:25,0
10/18/2021 17:01:26,0
10/18/2021 17:01:27,0
10/18/2021 17:01:28,0
10/18/2021 17:01:29,0
10/18/2021 17:01:30,0
10/18/2021 17:01:31,0
10/18/2021 17:01:32,0
10/18/2021 17:01:33,0
10/18/2021 17:01:34,0
10/18/2021 17:01:35,0
10/18/2021 17:01:36,0
10/18/2021 17:01:37,0
10/18/2021 17:01:38,0
10/18/2021 17:01:39,0
10/18/2021 17:01:40,0
10/18/2021 17:01:41,0
10/18/2021 17:01:42,0
10/18/2021 17:01:43,0
10/18/2021 17:01:44,0
10/18/2021 17:01:45,0
10/18/2021 17:01:46,0
10/18/2021 17:01:47,0
10/18/2021 17:01:48,0
10/18/2021 17:01:49,0
10/18/2021 17:01:50,0
10/18/2021 17:01:51,0
10/18/2021 17:01:52,0
10/18/2021 17:01:53,0
10/18/2021 17:01:54,0
10/18/2021 17:01:55,0
10/18/2021 17:01:56,0
10/18/2021 17:01:57,0
10/18/2021 17:01:58,0
10/18/2021 17:01:59,0
10/18/2021 17:02:00,0
10/18/2021 17:02:01,0
10/18/2021 17:02:02,0
10/18/2021 17:02:03,0
10/18/2021 17:02:04,0
10/18/2021 17:02:05,0
10/18/2021 17:02:06,0
10/18/2021 17:02:07,0
10/18/2021 17:02:08,0
10/18/2021 17:02:09,0
10/18/2021 17:02:10,0
10/18/2021 17:02:11,0
10/18/2021 17:02:12,0
10/18/2021 17:02:13,0
10/18/2021 17:02:14,0
10/18/2021 17:02:15,0
10/18/2021 17:02:16,0
10/18/2021 17:02:17,0
10/18/2021 17:02:18,0
10/18/2021 17:02:19,0
10/18/2021 17:02:20,0
10/18/2021 17:02:21,0
10/18/2021 17:02:22,0
10/18/2021 17:02:23,0
10/18/2021 17:02:24,0
10/18/2021 17:02:25,0
10/18/2021 17:02:26,0
10/18/2021 17:02:27,0
10/18/2021 17:02:28,0
10/18/2021 17:02:29,0
10/18/2021 17:02:30,0
10/18/2021 17:02:31,0
10/18/2021 17:02:32,0
10/18/2021 17:02:33,0
10/18/2021 17:02:34,0
10/18/2021 17:02:35,0
10/18/2021 17:02:36,0
10/18/2021 17:02:37,0
10/18/2021 17:02:38,0
10/18/2021 17:02:39,0
10/18/2021 17:02:40,0
10/18/2021 17:02:41,0
10/18/2021 17:02:42,0
10/18/2021 17:02:43,0
10/18/2021 17:02:44,0
10/18/2021 17:02:45,0
10/18/2021 17:02:46,0
10/18/2021 17:02:47,0
10/18/2021 17:02:48,0
10/18/2021 17:02:49,0
10/18/2021 17:02:50,0
10/18/2021 17:02:51,0
10/18/2021 17:02:52,0
10/18/2021 17:02:53,0
10/18/2021 17:02:54,0
10/18/2021 17:02:55,0
10/18/2021 17:02:56,0
10/18/2021 17:02:57,0
10/18/2021 17:02:58,0
10/18/2021 17:02:59,0
10/18/2021 17:03:00,0
10/18/2021 17:03:01,0
10/18/2021 17:03:02,0
10/18/2021 17:03:03,0
10/18/2021 17:03:04,0
10/18/2021 17:03:05,0
10/18/2021 17:03:06,0
10/18/2021 17:03:07,0
10/18/2021 17:03:08,0
10/18/2021 17:03:09,0
10/18/2021 17:03:10,0
10/18/2021 17:03:11,0
10/18/2021 17:03:12,0
10/18/2021 17:03:13,0
10/18/2021 17:03:14,0
10/18/2021 17:03:15,0
10/18/2021 17:03:16,0
10/18/2021 17:03:17,0
10/18/2021 17:03:18,0
10/18/2021 17:03:19,0
10/18/2021 17:03:20,0
10/18/2021 17:03:21,0
10/18/2021 17:03:22,0
10/18/2021 17:03:23,0
10/18/2021 17:03:24,0
10/18/2021 17:03:25,0
10/18/2021 17:03:26,0
10/18/2021 17:03:27,0
10/18/2021 17:03:28,0
10/18/2021 17:03:29,0
10/18/2021 17:03:30,0
10/18/2021 17:03:31,0
10/18/2021 17:03:32,0
10/18/2021 17:03:33,0
10/18/2021 17:03:34,0
10/18/2021 17:03:35,0
10/18/2021 17:03:36,0
10/18/2021 17:03:37,0
10/18/2021 17:03:38,0
10/18/2021 17:03:39,0
10/18/2021 17:03:40,0
10/18/2021 17:03:41,0
10/18/2021 17:03:42,0
10/18/2021 17:03:43,0
10/18/2021 17:03:44,0
10/18/2021 17:03:45,0
10/18/2021 17:03:46,0
10/18/2021 17:03:47,0
10/18/2021 17:03:48,0
10/18/2021 17:03:49,0
10/18/2021 17:03:50,0
10/18/2021 17:03:51,0
10/18/2021 17:03:52,0
10/18/2021 17:03:53,0
10/18/2021 17:03:54,0
10/18/2021 17:03:55,0
10/18/2021 17:03:56,0
10/18/2021 17:03:57,0
10/18/2021 17:03:58,0
10/18/2021 17:03:59,0
10/18/2021 17:04:00,0
10/18/2021 17:04:01,0
10/18/2021 17:04:02,0
10/18/2021 17:04:03,0
10/18/2021 17:04:04,0
10/18/2021 17:04:05,0
10/18/2021 17:04:06,0
10/18/2021 17:04:07,0
10/18/2021 17:04:08,0
10/18/2021 17:04:09,0
10/18/2021 17:04:10,0
10/18/2021 17:04:11,0
10/18/2021 17:04:12,0
10/18/2021 17:04:13,0
10/18/2021 17:04:14,0
10/18/2021 17:04:15,0
10/18/2021 17:04:16,0
10/18/2021 17:04:17,0
10/18/2021 17:04:18,0
10/18/2021 17:04:19,0
10/18/2021 17:04:20,0
10/18/2021 17:04:21,0
10/18/2021 17:04:22,0
10/18/2021 17:04:23,0
10/18/2021 17:04:24,0
10/18/2021 17:04:25,0
10/18/2021 17:04:26,0
10/18/2021 17:04:27,0
10/18/2021 17:04:28,0
10/18/2021 17:04:29,0
10/18/2021 17:04:30,0
10/18/2021 17:04:31,0
10/18/2021 17:04:32,0
10/18/2021 17:04:33,0
10/18/2021 17:04:34,0
10/18/2021 17:04:35,0
10/18/2021 17:04:36,0
10/18/2021 17:04:37,0
10/18/2021 17:04:38,0
10/18/2021 17:04:39,0
10/18/2021 17:04:40,0
10/18/2021 17:04:41,0
10/18/2021 17:04:42,0
10/18/2021 17:04:43,0
10/18/2021 17:04:44,0
10/18/2021 17:04:45,0
10/18/2021 17:04:46,0
10/18/2021 17:04:47,0
10/18/2021 17:04:48,0
10/18/2021 17:04:49,0
10/18/2021 17:04:50,0
10/18/2021 17:04:51,0
10/18/2021 17:04:52,0
10/18/2021 17:04:53,0
10/18/2021 17:04:54,0
10/18/2021 17:04:55,0
10/18/2021 17:04:56,0
10/18/2021 17:04:57,0
10/18/2021 17:04:58,0
10/18/2021 17:04:59,0
10/18/2021 17:05:00,0
10/18/2021 17:05:01,0
10/18/2021 17:05:02,0
10/18/2021 17:05:03,0
10/18/2021 17:05:04,0
10/18/2021 17:05:05,0
10/18/2021 17:05:06,0
10/18/2021 17:05:07,0
10/18/2021 17:05:08,0
10/18/2021 17:05:09,0
10/18/2021 17:05:10,0
10/18/2021 17:05:11,0
10/18/2021 17:05:12,0
10/18/2021 17:05:13,0
10/18/2021 17:05:14,0
10/18/2021 17:05:15,0
10/18/2021 17:05:16,0
10/18/2021 17:05:17,0
10/18/2021 17:05:18,0
10/18/2021 17:05:19,0
10/18/2021 17:05:20,0
10/18/2021 17:05:21,0
10/18/2021 17:05:22,0
10/18/2021 17:05:23,0
10/18/2021 17:05:24,0
10/18/2021 17:05:25,0
10/18/2021 17:05:26,0
10/18/2021 17:05:27,0
10/18/2021 17:05:28,0
10/18/2021 17:05:29,0
10/18/2021 17:05:30,0
10/18/2021 17:05:31,0
10/18/2021 17:05:32,0
10/18/2021 17:05:33,0
10/18/2021 17:05:34,0
10/18/2021 17:05:35,0
10/18/2021 17:05:36,0
10/18/2021 17:05:37,0
10/18/2021 17:05:38,0
10/18/2021 17:05:39,0
10/18/2021 17:05:40,0
10/18/2021 17:05:41,0
10/18/2021 17:05:42,0
10/18/2021 17:05:43,0
10/18/2021 17:05:44,0
10/18/2021 17:05:45,0
10/18/2021 17:05:46,0
10/18/2021 17:05:47,0
10/18/2021 17:05:48,0
10/18/2021 17:05:49,0
10/18/2021 17:05:50,0
10/18/2021 17:05:51,0
10/18/2021 17:05:52,0
10/18/2021 17:05:53,0
10/18/2021 17:05:54,0
10/18/2021 17:05:55,0
10/18/2021 17:05:56,0
10/18/2021 17:05:57,0
10/18/2021 17:05:58,0
10/18/2021 17:05:59,0
10/18/2021 17:06:00,0
10/18/2021 17:06:01,0
10/18/2021 17:06:02,0
10/18/2021 17:06:03,0
10/18/2021 17:06:04,0
10/18/2021 17:06:05,0
10/18/2021 17:06:06,0
10/18/2021 17:06:07,0
10/18/2021 17:06:08,0
10/18/2021 17:06:09,0
10/18/2021 17:06:10,0
10/18/2021 17:06:11,0
10/18/2021 17:06:12,0
10/18/2021 17:06:13,0
10/18/2021 17:06:14,0
10/18/2021 17:06:15,0
10/18/2021 17:06:16,0
10/18/2021 17:06:17,0
10/18/2021 17:06:18,0
10/18/2021 17:06:19,0
10/18/2021 17:06:20,0
10/18/2021 17:06:21,0
10/18/2021 17:06:22,0
10/18/2021 17:06:23,0
10/18/2021 17:06:24,0
10/18/2021 17:06:25,0
10/18/2021 17:06:26,0
10/18/2021 17:06:27,0
10/18/2021 17:06:28,0
10/18/2021 17:06:29,0
10/18/2021 17:06:30,0
10/18/2021 17:06:31,0
10/18/2021 17:06:32,0
10/18/2021 17:06:33,0
10/18/2021 17:06:34,0
10/18/2021 17:06:35,0
10/18/2021 17:06:36,0
10/18/2021 17:06:37,0
10/18/2021 17:06:38,0
10/18/2021 17:06:39,0
10/18/2021 17:06:40,0
10/18/2021 17:06:41,0
10/18/2021 17:06:42,0
10/18/2021 17:06:43,0
10/18/2021 17:06:44,0
10/18/2021 17:06:45,0
10/18/2021 17:06:46,0
10/18/2021 17:06:47,0
10/18/2021 17:06:48,0
10/18/2021 17:06:49,0
10/18/2021 17:06:50,0
10/18/2021 17:06:51,0
10/18/2021 17:06:52,0
10/18/2021 17:06:53,0
10/18/2021 17:06:54,0
10/18/2021 17:06:55,0
10/18/2021 17:06:56,0
10/18/2021 17:06:57,0
10/18/2021 17:06:58,0
10/18/2021 17:06:59,0
10/18/2021 17:07:00,0
10/18/2021 17:07:01,0
10/18/2021 17:07:02,0
10/18/2021 17:07:03,0
10/18/2021 17:07:04,0
10/18/2021 17:07:05,0
10/18/2021 17:07:06,0
10/18/2021 17:07:07,0
10/18/2021 17:07:08,0
10/18/2021 17:07:09,0
10/18/2021 17:07:10,0
10/18/2021 17:07:11,0
10/18/2021 17:07:12,0
10/18/2021 17:07:13,0
10/18/2021 17:07:14,0
10/18/2021 17:07:15,0
10/18/2021 17:07:16,0
10/18/2021 17:07:17,0
10/18/2021 17:07:18,0
10/18/2021 17:07:19,0
10/18/2021 17:07:20,0
10/18/2021 17:07:21,0
10/18/2021 17:07:22,0
10/18/2021 17:07:23,0
10/18/2021 17:07:24,0
10/18/2021 17:07:25,0
10/18/2021 17:07:26,0
10/18/2021 17:07:27,0
10/18/2021 17:07:28,0
10/18/2021 17:07:29,0
10/18/2021 17:07:30,0
10/18/2021 17:07:31,0
10/18/2021 17:07:32,0
10/18/2021 17:07:33,0
10/18/2021 17:07:34,0
10/18/2021 17:07:35,0
10/18/2021 17:07:36,0
10/18/2021 17:07:37,0
10/18/2021 17:07:38,0
10/18/2021 17:07:39,0
10/18/2021 17:07:40,0
10/18/2021 17:07:41,0
10/18/2021 17:07:42,0
10/18/2021 17:07:43,0
10/18/2021 17:07:44,0
10/18/2021 17:07:45,0
10/18/2021 17:07:46,0
10/18/2021 17:07:47,0
10/18/2021 17:07:48,0
10/18/2021 17:07:49,0
10/18/2021 17:07:50,0
10/18/2021 17:07:51,0
10/18/2021 17:07:52,0
10/18/2021 17:07:53,0
10/18/2021 17:07:54,0
10/18/2021 17:07:55,0
10/18/2021 17:07:56,0
10/18/2021 17:07:57,0
10/18/2021 17:07:58,0
10/18/2021 17:07:59,0
10/18/2021 17:08:00,0
10/18/2021 17:08:01,0
10/18/2021 17:08:02,0
10/18/2021 17:08:03,0
10/18/2021 17:08:04,0
10/18/2021 17:08:05,0
10/18/2021 17:08:06,0
10/18/2021 17:08:07,0
10/18/2021 17:08:08,0
10/18/2021 17:08:09,0
10/18/2021 17:08:10,0
10/18/2021 17:08:11,0
10/18/2021 17:08:12,0
10/18/2021 17:08:13,0
10/18/2021 17:08:14,0
10/18/2021 17:08:15,0
10/18/2021 17:08:16,0
10/18/2021 17:08:17,0
10/18/2021 17:08:18,0
10/18/2021 17:08:19,0
10/18/2021 17:08:20,0
10/18/2021 17:08:21,0
10/18/2021 17:08:22,0
10/18/2021 17:08:23,0
10/18/2021 17:08:24,0
10/18/2021 17:08:25,0
10/18/2021 17:08:26,0
10/18/2021 17:08:27,0
10/18/2021 17:08:28,0
10/18/2021 17:08:29,0
10/18/2021 17:08:30,0
10/18/2021 17:08:31,0
10/18/2021 17:08:32,0
10/18/2021 17:08:33,0
10/18/2021 17:08:34,0
10/18/2021 17:08:35,0
10/18/2021 17:08:36,0
10/18/2021 17:08:37,0
10/18/2021 17:08:38,0
10/18/2021 17:08:39,0
10/18/2021 17:08:40,0
10/18/2021 17:08:41,0
10/18/2021 17:08:42,0
10/18/2021 17:08:43,0
10/18/2021 17:08:44,0
10/18/2021 17:08:45,0
10/18/2021 17:08:46,0
10/18/2021 17:08:47,0
10/18/2021 17:08:48,0
10/18/2021 17:08:49,0
10/18/2021 17:08:50,0
10/18/2021 17:08:51,0
10/18/2021 17:08:52,0
10/18/2021 17:08:53,0
10/18/2021 17:08:54,0
10/18/2021 17:08:55,0
10/18/2021 17:08:56,0
10/18/2021 17:08:57,0
10/18/2021 17:08:58,0
10/18/2021 17:08:59,0
10/18/2021 17:09:00,0
10/18/2021 17:09:01,0
10/18/2021 17:09:02,0
10/18/2021 17:09:03,0
10/18/2021 17:09:04,0
10/18/2021 17:09:05,0
10/18/2021 17:09:06,0
10/18/2021 17:09:07,0
10/18/2021 17:09:08,0
10/18/2021 17:09:09,0
10/18/2021 17:09:10,0
10/18/2021 17:09:11,0
10/18/2021 17:09:12,0
10/18/2021 17:09:13,0
10/18/2021 17:09:14,0
10/18/2021 17:09:15,0
10/18/2021 17:09:16,0
10/18/2021 17:09:17,0
10/18/2021 17:09:18,0
10/18/2021 17:09:19,0
10/18/2021 17:09:20,0
10/18/2021 17:09:21,0
10/18/2021 17:09:22,0
10/18/2021 17:09:23,0
10/18/2021 17:09:24,0
10/18/2021 17:09:25,0
10/18/2021 17:09:26,0
10/18/2021 17:09:27,0
10/18/2021 17:09:28,0
10/18/2021 17:09:29,0
10/18/2021 17:09:30,0
10/18/2021 17:09:31,0
10/18/2021 17:09:32,0
10/18/2021 17:09:33,0
10/18/2021 17:09:34,0
10/18/2021 17:09:35,0
10/18/2021 17:09:36,0
10/18/2021 17:09:37,0
10/18/2021 17:09:38,0
10/18/2021 17:09:39,0
10/18/2021 17:09:40,0
10/18/2021 17:09:41,0
10/18/2021 17:09:42,0
10/18/2021 17:09:43,0
10/18/2021 17:09:44,0
10/18/2021 17:09:45,0
10/18/2021 17:09:46,0
10/18/2021 17:09:47,0
10/18/2021 17:09:48,0
10/18/2021 17:09:49,0
10/18/2021 17:09:50,0
10/18/2021 17:09:51,0
10/18/2021 17:09:52,0
10/18/2021 17:09:53,0
10/18/2021 17:09:54,0
10/18/2021 17:09:55,0
10/18/2021 17:09:56,0
10/18/2021 17:09:57,0
10/18/2021 17:09:58,0
10/18/2021 17:09:59,0
10/18/2021 17:10:00,0
10/18/2021 17:10:01,0
10/18/2021 17:10:02,0
10/18/2021 17:10:03,0
10/18/2021 17:10:04,0
10/18/2021 17:10:05,0
10/18/2021 17:10:06,0
10/18/2021 17:10:07,0
10/18/2021 17:10:08,0
10/18/2021 17:10:09,0
10/18/2021 17:10:10,0
10/18/2021 17:10:11,0
10/18/2021 17:10:12,0
10/18/2021 17:10:13,0
10/18/2021 17:10:14,0
10/18/2021 17:10:15,0
10/18/2021 17:10:16,0
10/18/2021 17:10:17,0
10/18/2021 17:10:18,0
10/18/2021 17:10:19,0
10/18/2021 17:10:20,0
10/18/2021 17:10:21,0
10/18/2021 17:10:22,0
10/18/2021 17:10:23,0
10/18/2021 17:10:24,0
10/18/2021 17:10:25,0
10/18/2021 17:10:26,0
10/18/2021 17:10:27,0
10/18/2021 17:10:28,0
10/18/2021 17:10:29,0
10/18/2021 17:10:30,0
10/18/2021 17:10:31,0
10/18/2021 17:10:32,0
10/18/2021 17:10:33,0
10/18/2021 17:10:34,0
10/18/2021 17:10:35,0
10/18/2021 17:10:36,0
10/18/2021 17:10:37,0
10/18/2021 17:10:38,0
10/18/2021 17:10:39,0
10/18/2021 17:10:40,0
10/18/2021 17:10:41,0
10/18/2021 17:10:42,0
10/18/2021 17:10:43,0
10/18/2021 17:10:44,0
10/18/2021 17:10:45,0
10/18/2021 17:10:46,0
10/18/2021 17:10:47,0
10/18/2021 17:10:48,0
10/18/2021 17:10:49,0
10/18/2021 17:10:50,0
10/18/2021 17:10:51,0
10/18/2021 17:10:52,0
10/18/2021 17:10:53,0
10/18/2021 17:10:54,0
10/18/2021 17:10:55,0
10/18/2021 17:10:56,0
10/18/2021 17:10:57,0
10/18/2021 17:10:58,0
10/18/2021 17:10:59,0
10/18/2021 17:11:00,0
10/18/2021 17:11:01,0
10/18/2021 17:11:02,0
10/18/2021 17:11:03,0
10/18/2021 17:11:04,0
10/18/2021 17:11:05,0
10/18/2021 17:11:06,0
10/18/2021 17:11:07,0
10/18/2021 17:11:08,0
10/18/2021 17:11:09,0
10/18/2021 17:11:10,0
10/18/2021 17:11:11,0
10/18/2021 17:11:12,0
10/18/2021 17:11:13,0
10/18/2021 17:11:14,0
10/18/2021 17:11:15,0
10/18/2021 17:11:16,0
10/18/2021 17:11:17,0
10/18/2021 17:11:18,0
10/18/2021 17:11:19,0
10/18/2021 17:11:20,0
10/18/2021 17:11:21,0
10/18/2021 17:11:22,0
10/18/2021 17:11:23,0
10/18/2021 17:11:24,0
10/18/2021 17:11:25,0
10/18/2021 17:11:26,0
10/18/2021 17:11:27,0
10/18/2021 17:11:28,0
10/18/2021 17:11:29,0
10/18/2021 17:11:30,0
10/18/2021 17:11:31,0
10/18/2021 17:11:32,0
10/18/2021 17:11:33,0
10/18/2021 17:11:34,0
10/18/2021 17:11:35,0
10/18/2021 17:11:36,0
10/18/2021 17:11:37,0
10/18/2021 17:11:38,0
10/18/2021 17:11:39,0
10/18/2021 17:11:40,0
10/18/2021 17:11:41,0
10/18/2021 17:11:42,0
10/18/2021 17:11:43,0
10/18/2021 17:11:44,0
10/18/2021 17:11:45,0
10/18/2021 17:11:46,0
10/18/2021 17:11:47,0
10/18/2021 17:11:48,0
10/18/2021 17:11:49,0
10/18/2021 17:11:50,0
10/18/2021 17:11:51,0
10/18/2021 17:11:52,0
10/18/2021 17:11:53,0
10/18/2021 17:11:54,0
10/18/2021 17:11:55,0
10/18/2021 17:11:56,0
10/18/2021 17:11:57,0
10/18/2021 17:11:58,0
10/18/2021 17:11:59,0
10/18/2021 17:12:00,0
10/18/2021 17:12:01,0
10/18/2021 17:12:02,0
10/18/2021 17:12:03,0
10/18/2021 17:12:04,0
10/18/2021 17:12:05,0
10/18/2021 17:12:06,0
10/18/2021 17:12:07,0
10/18/2021 17:12:08,0
10/18/2021 17:12:09,0
10/18/2021 17:12:10,0
10/18/2021 17:12:11,0
10/18/2021 17:12:12,0
10/18/2021 17:12:13,0
10/18/2021 17:12:14,0
10/18/2021 17:12:15,0
10/18/2021 17:12:16,0
10/18/2021 17:12:17,0
10/18/2021 17:12:18,0
10/18/2021 17:12:19,0
10/18/2021 17:12:20,0
10/18/2021 17:12:21,0
10/18/2021 17:12:22,0
10/18/2021 17:12:23,0
10/18/2021 17:12:24,0
10/18/2021 17:12:25,0
10/18/2021 17:12:26,0
10/18/2021 17:12:27,0
10/18/2021 17:12:28,0
10/18/2021 17:12:29,0
10/18/2021 17:12:30,0
10/18/2021 17:12:31,0
10/18/2021 17:12:32,0
10/18/2021 17:12:33,0
10/18/2021 17:12:34,0
10/18/2021 17:12:35,0
10/18/2021 17:12:36,0
10/18/2021 17:12:37,0
10/18/2021 17:12:38,0
10/18/2021 17:12:39,0
10/18/2021 17:12:40,0
10/18/2021 17:12:41,0
10/18/2021 17:12:42,0
10/18/2021 17:12:43,0
10/18/2021 17:12:44,0
10/18/2021 17:12:45,0
10/18/2021 17:12:46,0
10/18/2021 17:12:47,0
10/18/2021 17:12:48,0
10/18/2021 17:12:49,0
10/18/2021 17:12:50,0
10/18/2021 17:12:51,0
10/18/2021 17:12:52,0
10/18/2021 17:12:53,0
10/18/2021 17:12:54,0
10/18/2021 17:12:55,0
10/18/2021 17:12:56,0
10/18/2021 17:12:57,0
10/18/2021 17:12:58,0
10/18/2021 17:12:59,0
10/18/2021 17:13:00,0
10/18/2021 17:13:01,0
10/18/2021 17:13:02,0
10/18/2021 17:13:03,0
10/18/2021 17:13:04,0
10/18/2021 17:13:05,0
10/18/2021 17:13:06,0
10/18/2021 17:13:07,0
10/18/2021 17:13:08,0
10/18/2021 17:13:09,0
10/18/2021 17:13:10,0
10/18/2021 17:13:11,0
10/18/2021 17:13:12,0
10/18/2021 17:13:13,0
10/18/2021 17:13:14,0
10/18/2021 17:13:15,0
10/18/2021 17:13:16,0
10/18/2021 17:13:17,0
10/18/2021 17:13:18,0
10/18/2021 17:13:19,0
10/18/2021 17:13:20,0
10/18/2021 17:13:21,0
10/18/2021 17:13:22,0
10/18/2021 17:13:23,0
10/18/2021 17:13:24,0
10/18/2021 17:13:25,0
10/18/2021 17:13:26,0
10/18/2021 17:13:27,0
10/18/2021 17:13:28,0
10/18/2021 17:13:29,0
10/18/2021 17:13:30,0
10/18/2021 17:13:31,0
10/18/2021 17:13:32,0
10/18/2021 17:13:33,0
10/18/2021 17:13:34,0
10/18/2021 17:13:35,0
10/18/2021 17:13:36,0
10/18/2021 17:13:37,0
10/18/2021 17:13:38,0
10/18/2021 17:13:39,0
10/18/2021 17:13:40,0
10/18/2021 17:13:41,0
10/18/2021 17:13:42,0
10/18/2021 17:13:43,0
10/18/2021 17:13:44,0
10/18/2021 17:13:45,0
10/18/2021 17:13:46,0
10/18/2021 17:13:47,0
10/18/2021 17:13:48,0
10/18/2021 17:13:49,0
10/18/2021 17:13:50,0
10/18/2021 17:13:51,0
10/18/2021 17:13:52,0
10/18/2021 17:13:53,0
10/18/2021 17:13:54,0
10/18/2021 17:13:55,0
10/18/2021 17:13:56,0
10/18/2021 17:13:57,0
10/18/2021 17:13:58,0
10/18/2021 17:13:59,0
10/18/2021 17:14:00,0
10/18/2021 17:14:01,0
10/18/2021 17:14:02,0
10/18/2021 17:14:03,0
10/18/2021 17:14:04,0
10/18/2021 17:14:05,0
10/18/2021 17:14:06,0
10/18/2021 17:14:07,0
10/18/2021 17:14:08,0
10/18/2021 17:14:09,0
10/18/2021 17:14:10,0
10/18/2021 17:14:11,0
10/18/2021 17:14:12,0
10/18/2021 17:14:13,0
10/18/2021 17:14:14,0
10/18/2021 17:14:15,0
10/18/2021 17:14:16,0
10/18/2021 17:14:17,0
10/18/2021 17:14:18,0
10/18/2021 17:14:19,0
10/18/2021 17:14:20,0
10/18/2021 17:14:21,0
10/18/2021 17:14:22,0
10/18/2021 17:14:23,0
10/18/2021 17:14:24,0
10/18/2021 17:14:25,0
10/18/2021 17:14:26,0
10/18/2021 17:14:27,0
10/18/2021 17:14:28,0
10/18/2021 17:14:29,0
10/18/2021 17:14:30,0
10/18/2021 17:14:31,0
10/18/2021 17:14:32,0
10/18/2021 17:14:33,0
10/18/2021 17:14:34,0
10/18/2021 17:14:35,0
10/18/2021 17:14:36,0
10/18/2021 17:14:37,0
10/18/2021 17:14:38,0
10/18/2021 17:14:39,0
10/18/2021 17:14:40,0
10/18/2021 17:14:41,0
10/18/2021 17:14:42,0
10/18/2021 17:14:43,0
10/18/2021 17:14:44,0
10/18/2021 17:14:45,0
10/18/2021 17:14:46,0
10/18/2021 17:14:50,6991.45
10/18/2021 17:14:51,8972.51
10/18/2021 17:14:53,14390.78
10/18/2021 17:14:54,16049.99
10/18/2021 17:14:55,17575.59
10/18/2021 17:14:56,21499.53
10/18/2021 17:15:03,38987.32
10/18/2021 17:15:05,42822.54
10/18/2021 17:15:07,44160.91
10/18/2021 17:15:08,44652.73
10/18/2021 17:15:09,44912.77
10/18/2021 17:15:10,29896.57
10/18/2021 17:15:11,19928.44
10/18/2021 17:15:20,2764.3
10/18/2021 17:15:23,5532.02
10/18/2021 17:15:25,5973.23
10/18/2021 17:15:26,6194
10/18/2021 17:15:27,6377.21
10/18/2021 17:15:28,6496.88
10/18/2021 17:15:29,6798.07
10/18/2021 17:15:30,7120.58
10/18/2021 17:15:34,8149.57
10/18/2021 17:15:39,8449.8
10/18/2021 17:15:40,9573.67
10/18/2021 17:15:41,13066.17
10/18/2021 17:15:43,15040.04
10/18/2021 17:15:52,15766.89
10/18/2021 17:15:53,16054.32
10/18/2021 17:16:00,24091.85
10/18/2021 17:16:01,24072.77
10/18/2021 17:16:02,24174.53
10/18/2021 17:16:08,24677
10/18/2021 17:16:15,24517.96
10/18/2021 17:16:16,24471.98
10/18/2021 17:16:23,24512.02
10/18/2021 17:16:24,24428.99
10/18/2021 17:16:28,24562.67
10/18/2021 17:16:31,24507.75
10/18/2021 17:16:33,24425.78
10/18/2021 17:16:37,24272.8
10/18/2021 17:16:41,24217.76
10/18/2021 17:16:48,24204.36
10/18/2021 17:16:56,24305.98
10/18/2021 17:16:59,24131.49
10/18/2021 17:17:03,24264.9
10/18/2021 17:17:12,24089.25
10/18/2021 17:17:13,24095.82
10/18/2021 17:17:14,23987.71
10/18/2021 17:17:18,24102.1
10/18/2021 17:17:19,24204.43
10/18/2021 17:17:21,24294
10/18/2021 17:17:27,24243.37
10/18/2021 17:17:29,24155.57
10/18/2021 17:17:30,24205.73
10/18/2021 17:17:31,24142.83
10/18/2021 17:17:32,24185.27
10/18/2021 17:17:33,24193.11
10/18/2021 17:17:37,24129.61
10/18/2021 17:17:40,24074.64
10/18/2021 17:17:47,24197.21
10/18/2021 17:17:50,24198.86
10/18/2021 17:17:53,24041.2
10/18/2021 17:17:54,24030.09
10/18/2021 17:17:59,24037.15
10/18/2021 17:18:00,24115.21
10/18/2021 17:18:01,24124.42
10/18/2021 17:18:02,24023.7
10/18/2021 17:18:03,23979.64
10/18/2021 17:18:04,24054.99
10/18/2021 17:18:05,24043.67
10/18/2021 17:18:06,24092.28
10/18/2021 17:18:08,24166.76
10/18/2021 17:18:11,24332.07
10/18/2021 17:18:12,24412.91
10/18/2021 17:18:15,24311.54
10/18/2021 17:18:16,24194.19
10/18/2021 17:18:19,24277.34
10/18/2021 17:18:20,24293.09
10/18/2021 17:18:21,24331
10/18/2021 17:18:24,24431.65
10/18/2021 17:18:25,24306.7
10/18/2021 17:18:27,24307.62
10/18/2021 17:18:29,24227.71
10/18/2021 17:18:30,24201.06
10/18/2021 17:18:32,24285.54
10/18/2021 17:18:33,24299.56
10/18/2021 17:18:34,24086.54
10/18/2021 17:18:35,24100.45
10/18/2021 17:18:36,24078.28
10/18/2021 17:18:37,24059.83
10/18/2021 17:18:38,24162.9
10/18/2021 17:18:39,24074.18
10/18/2021 17:18:40,24071.64
10/18/2021 17:18:42,24109.93
10/18/2021 17:18:43,24095.03
10/18/2021 17:18:44,24027.21
10/18/2021 17:18:45,23961.44
10/18/2021 17:18:47,24148.29
10/18/2021 17:18:48,24255.13
10/18/2021 17:18:49,24192.96
10/18/2021 17:18:50,24175.77
10/18/2021 17:18:51,24211.96
10/18/2021 17:18:53,24150.69
10/18/2021 17:18:54,24318.53
10/18/2021 17:18:55,24332.85
10/18/2021 17:18:57,24218.79
10/18/2021 17:19:00,24117.17
10/18/2021 17:19:05,24153.67
10/18/2021 17:19:06,24186.61
10/18/2021 17:19:07,24200.35
10/18/2021 17:19:09,24314.93
10/18/2021 17:19:10,24293.71
10/18/2021 17:19:11,24299.23
10/18/2021 17:19:12,24215.98
10/18/2021 17:19:14,24257.33
10/18/2021 17:19:19,24247.2
10/18/2021 17:19:22,24084.9
10/18/2021 17:19:24,24053.69
10/18/2021 17:19:25,24088.78
10/18/2021 17:19:29,24209.36
10/18/2021 17:19:31,24312.3
10/18/2021 17:19:33,24325.5
10/18/2021 17:19:34,24249.87
10/18/2021 17:19:42,24111.04
10/18/2021 17:19:43,24015.6
10/18/2021 17:19:46,24151.51
10/18/2021 17:19:47,24131.11
10/18/2021 17:19:48,24209.17
10/18/2021 17:19:49,24280.76
10/18/2021 17:19:50,24260.08
10/18/2021 17:19:52,24001.39
10/18/2021 17:19:57,23960
10/18/2021 17:19:58,23916.6
10/18/2021 17:20:12,23972.93
10/18/2021 17:20:18,23835.06
10/18/2021 17:20:21,23905.32
10/18/2021 17:20:24,23851.05
10/18/2021 17:20:25,23934
10/18/2021 17:20:30,23973.75
10/18/2021 17:20:33,23802.59
10/18/2021 17:20:35,23923.49
10/18/2021 17:20:42,23800.79
10/18/2021 17:20:43,23818.1
10/18/2021 17:20:48,23871.94
10/18/2021 17:20:59,23744
10/18/2021 17:21:00,23738.57
10/18/2021 17:21:03,23555.03
10/18/2021 17:21:06,23095.33
10/18/2021 17:21:11,23598.54
10/18/2021 17:21:15,23711
10/18/2021 17:21:21,23731.61
10/18/2021 17:21:25,23785.8
10/18/2021 17:21:49,23648.99
10/18/2021 17:21:53,23528.23
10/18/2021 17:21:54,23540.69
10/18/2021 17:22:07,23456.59
10/18/2021 17:22:09,23431
10/18/2021 17:22:14,23123.19
10/18/2021 17:22:18,23518.46
10/18/2021 17:22:23,23592.3
10/18/2021 17:22:26,23620.09
10/18/2021 17:22:29,23699.28
10/18/2021 17:22:31,23727.23
10/18/2021 17:22:41,23801.4
10/18/2021 17:22:42,23881.7
10/18/2021 17:22:44,23807.1
10/18/2021 17:22:50,23749.81
10/18/2021 17:23:00,23894.53
10/18/2021 17:23:01,23704.53
10/18/2021 17:23:05,23770.86
10/18/2021 17:23:08,23762.89
10/18/2021 17:23:09,23776.07
10/18/2021 17:23:10,23743
10/18/2021 17:23:15,23680.65
10/18/2021 17:23:21,23435.36
10/18/2021 17:23:22,23538.17
10/18/2021 17:23:31,23317.19
10/18/2021 17:23:34,23478.88
10/18/2021 17:23:35,23500.5
10/18/2021 17:23:37,23577
10/18/2021 17:23:38,23492.86
10/18/2021 17:23:40,23115.17
10/18/2021 17:23:45,23397.1
10/18/2021 17:23:46,23506.39
10/18/2021 17:23:49,23325.32
10/18/2021 17:24:00,23382.02
10/18/2021 17:24:02,23327.85
10/18/2021 17:24:04,23258.57
10/18/2021 17:24:07,23409.36
10/18/2021 17:24:44,23493
10/18/2021 17:25:10,23320
10/18/2021 17:25:19,23304.29
10/18/2021 17:25:41,23338.79
10/18/2021 17:25:43,23324.13
10/18/2021 17:25:47,23310.45
10/18/2021 17:25:51,23418.51
10/18/2021 17:25:57,23253.07
10/18/2021 17:26:04,23240.89
10/18/2021 17:26:08,23180.97
10/18/2021 17:26:12,23295.3
10/18/2021 17:26:27,23411.5
10/18/2021 17:26:37,23334.1
10/18/2021 17:26:38,23423.57
10/18/2021 17:26:44,23340.03
10/18/2021 17:26:56,23423.28
10/18/2021 17:27:06,23433.92
10/18/2021 17:27:08,23501.06
10/18/2021 17:27:16,23394.27
10/18/2021 17:27:21,23503.6
10/18/2021 17:27:22,23406.16
10/18/2021 17:27:25,23425.68
10/18/2021 17:27:26,23420.97
10/18/2021 17:27:33,23338
10/18/2021 17:27:55,23253.47
10/18/2021 17:28:00,23295.4
10/18/2021 17:28:08,23176.33
10/18/2021 17:28:11,23148.7
10/18/2021 17:28:13,23120.25
10/18/2021 17:28:15,23094.96
10/18/2021 17:28:18,23148.78
10/18/2021 17:28:19,23060.8
10/18/2021 17:28:26,23014.15
10/18/2021 17:28:28,22991.89
10/18/2021 17:28:32,22890.44
10/18/2021 17:28:34,22916.26
10/18/2021 17:28:35,22934
10/18/2021 17:29:05,22878.66
10/18/2021 17:29:13,23126.57
10/18/2021 17:29:37,23024.45
10/18/2021 17:29:57,22937.22
10/18/2021 17:30:02,23027.2
10/18/2021 17:30:11,23066.35
10/18/2021 17:30:12,23021.95
10/18/2021 17:30:13,23051.45
10/18/2021 17:30:23,23922.05
10/18/2021 17:30:28,23015.96
10/18/2021 17:30:29,23069.93
10/18/2021 17:30:30,23084.17
10/18/2021 17:30:35,23030.87
10/18/2021 17:30:36,22990.16
10/18/2021 17:30:39,23038.96
10/18/2021 17:30:43,23124.99
10/18/2021 17:30:46,23101.03
10/18/2021 17:31:03,23221.26
10/18/2021 17:31:05,23190.77
10/18/2021 17:31:11,23249.04
10/18/2021 17:31:22,23136
10/18/2021 17:31:28,23197.9
10/18/2021 17:31:44,23055.13
10/18/2021 17:31:55,22990.4
10/18/2021 17:31:57,22910.44
10/18/2021 17:32:29,22892.38
10/18/2021 17:32:31,22910.19
10/18/2021 17:32:33,22760
10/18/2021 17:32:36,22808.3
10/18/2021 17:32:39,22947.07
10/18/2021 17:32:40,22936.4
10/18/2021 17:32:49,22753.73
10/18/2021 17:32:50,22825.22
10/18/2021 17:32:54,22740.67
10/18/2021 17:33:08,22777.2
10/18/2021 17:33:13,22783.67
10/18/2021 17:33:22,22765.17
10/18/2021 17:33:24,22933
10/18/2021 17:33:25,22764.2
10/18/2021 17:33:31,22830.12
10/18/2021 17:33:36,22722
10/18/2021 17:34:10,22732
10/18/2021 17:34:22,22752.25
10/18/2021 17:34:44,22717.69
10/18/2021 17:34:49,22684.51
10/18/2021 17:34:52,22700.09
10/18/2021 17:34:57,22603.6
10/18/2021 17:35:01,22674.39
10/18/2021 17:35:10,22517.25
10/18/2021 17:35:17,22662.66
10/18/2021 17:35:24,22620.35
10/18/2021 17:35:25,22625.62
10/18/2021 17:35:27,22679.06
10/18/2021 17:35:30,22529.02
10/18/2021 17:35:32,22614.37
10/18/2021 17:35:37,22717.85
10/18/2021 17:35:38,22664.1
10/18/2021 17:35:47,22683.57
10/18/2021 17:36:09,22723.73
10/18/2021 17:36:11,22706.3
10/18/2021 17:36:12,22854
10/18/2021 17:36:32,22663.33
10/18/2021 17:36:47,22658.98
10/18/2021 17:36:50,22615.43
10/18/2021 17:36:53,22753
10/18/2021 17:37:10,22816.38
10/18/2021 17:37:11,22728.81
10/18/2021 17:37:13,22773.37
10/18/2021 17:37:15,22636.9
10/18/2021 17:37:33,22725.21
10/18/2021 17:37:34,22669.6
10/18/2021 17:37:37,22694.73
10/18/2021 17:37:40,22739.61
10/18/2021 17:37:43,22734.06
10/18/2021 17:37:46,22787.53
10/18/2021 17:37:54,22653.1
10/18/2021 17:37:56,22615.83
10/18/2021 17:38:00,22742.16
10/18/2021 17:38:02,22724.65
10/18/2021 17:38:08,22691.21
10/18/2021 17:38:12,22579.82
10/18/2021 17:38:13,22603.36
10/18/2021 17:38:16,22573.23
10/18/2021 17:38:25,22501.63
10/18/2021 17:38:31,22507.96
10/18/2021 17:38:37,22518.1
10/18/2021 17:38:42,22524.22
10/18/2021 17:38:46,22539.4
10/18/2021 17:39:04,22440.04
10/18/2021 17:39:07,22462
10/18/2021 17:39:12,22515.1
10/18/2021 17:39:13,22471.75
10/18/2021 17:39:55,22123.53
10/18/2021 17:40:00,22285.63
10/18/2021 17:40:02,22330.59
10/18/2021 17:40:07,22301.07
10/18/2021 17:40:17,22241.66
10/18/2021 17:40:18,22228.37
10/18/2021 17:40:31,22288.48
10/18/2021 17:40:33,22201.51
10/18/2021 17:40:35,22231.21
10/18/2021 17:40:41,22371.52
10/18/2021 17:40:53,47982.94
10/18/2021 17:41:03,69728.53
10/18/2021 17:41:04,69728
10/18/2021 17:41:05,78185.72
10/18/2021 17:41:12,86445.28
10/18/2021 17:41:14,87277.88
10/18/2021 17:41:52,86277.24
10/18/2021 17:41:57,84984.12
10/18/2021 17:41:59,85250.96
10/18/2021 17:42:03,84526.2
10/18/2021 17:42:11,84345.92
10/18/2021 17:42:12,81300
10/18/2021 17:42:13,85118.36
10/18/2021 17:42:16,84618
10/18/2021 17:42:17,85270.3
10/18/2021 17:42:20,85678.16
10/18/2021 17:42:31,84642.14
10/18/2021 17:42:38,84342.22
10/18/2021 17:42:58,84310.3
10/18/2021 17:42:59,84274.46
10/18/2021 17:43:00,83568.93
10/18/2021 17:43:12,82917.41
10/18/2021 17:43:19,83195.22
10/18/2021 17:43:24,83778.43
10/18/2021 17:43:38,83389
10/18/2021 17:43:39,84010.96
10/18/2021 17:43:41,81357.78
10/18/2021 17:43:52,83970.7
10/18/2021 17:43:55,83156.62
10/18/2021 17:43:59,83713.04
10/18/2021 17:44:13,83701.12
10/18/2021 17:44:14,82788.86
10/18/2021 17:44:16,84153.62
10/18/2021 17:44:20,83347.96
10/18/2021 17:44:27,83414
10/18/2021 17:44:32,82815.5
10/18/2021 17:44:39,82616.75
10/18/2021 17:44:46,82633.05
10/18/2021 17:44:51,82572.8
10/18/2021 17:44:53,82664.01
10/18/2021 17:44:55,83043.93
10/18/2021 17:45:01,82769.66
10/18/2021 17:45:03,82784.55
10/18/2021 17:45:07,83161.86
10/18/2021 17:45:10,83277.08
10/18/2021 17:45:13,82650.3
10/18/2021 17:45:20,82914.89
10/18/2021 17:45:21,82665.2
10/18/2021 17:45:34,83128.7
10/18/2021 17:45:36,82932.23
10/18/2021 17:45:40,82246.79
10/18/2021 17:45:41,82754.55
10/18/2021 17:45:43,82264.87
10/18/2021 17:45:44,82875.21
10/18/2021 17:45:50,81727.23
10/18/2021 17:45:53,82839.53
10/18/2021 17:45:54,82977.78
10/18/2021 17:45:55,82156.38
10/18/2021 17:45:58,82920.1
10/18/2021 17:46:00,81897.89
10/18/2021 17:46:01,82246
10/18/2021 17:46:02,81686.78
10/18/2021 17:46:05,81864.13
10/18/2021 17:46:10,82420
10/18/2021 17:46:12,81921.35
10/18/2021 17:46:13,82464.03
10/18/2021 17:46:16,81991.55
10/18/2021 17:46:20,81271
10/18/2021 17:46:26,81925.57
10/18/2021 17:46:28,82819.13
10/18/2021 17:46:29,81728.98
10/18/2021 17:46:33,81913.85
10/18/2021 17:46:42,81809.57
10/18/2021 17:46:43,82405.41
10/18/2021 17:46:49,81567.73
10/18/2021 17:46:52,81873.35
10/18/2021 17:47:01,81098.19
10/18/2021 17:47:03,82145.78
10/18/2021 17:47:06,81132.12
10/18/2021 17:47:10,81400
10/18/2021 17:47:12,81958.6
10/18/2021 17:47:13,82221.31
10/18/2021 17:47:15,81594.66
10/18/2021 17:47:21,81471.79
10/18/2021 17:47:22,82124.5
10/18/2021 17:47:28,81391.38
10/18/2021 17:47:34,81139.35
10/18/2021 17:47:41,80600.63
10/18/2021 17:47:43,80989.38
10/18/2021 17:47:44,81556.79
10/18/2021 17:47:46,81515.38
10/18/2021 17:47:47,81710.33
10/18/2021 17:47:53,81056.35
10/18/2021 17:47:57,81706.18
10/18/2021 17:47:58,81278.93
10/18/2021 17:48:03,80816.64
10/18/2021 17:48:04,81276.58
10/18/2021 17:48:08,81178.39
10/18/2021 17:48:09,81182.41
10/18/2021 17:48:11,81562
10/18/2021 17:48:14,81272.38
10/18/2021 17:48:16,82107.7
10/18/2021 17:48:17,81551
10/18/2021 17:48:19,81158.35
10/18/2021 17:48:23,81424.01
10/18/2021 17:48:29,80947.13
10/18/2021 17:48:31,81323.73
10/18/2021 17:48:32,80685.56
10/18/2021 17:48:35,80972.23
10/18/2021 17:48:36,81993.6
10/18/2021 17:48:37,81335.35
10/18/2021 17:48:41,81434.6
10/18/2021 17:48:49,81729.73
10/18/2021 17:48:58,80771
10/18/2021 17:48:59,80951.05
10/18/2021 17:49:02,80403.28
10/18/2021 17:49:07,79783.23
10/18/2021 17:49:12,80642.59
10/18/2021 17:49:17,80572.73
10/18/2021 17:49:20,80562
10/18/2021 17:49:21,80747.33
10/18/2021 17:49:27,80111.65
10/18/2021 17:49:28,80700.39
10/18/2021 17:49:34,81336.15
10/18/2021 17:49:41,80279.36
10/18/2021 17:49:51,80678.6
10/18/2021 17:49:54,80794.87
10/18/2021 17:49:55,81284.05
10/18/2021 17:49:56,79998.35
10/18/2021 17:49:57,80102.36
10/18/2021 17:50:00,80946.87
10/18/2021 17:50:01,80486.2
10/18/2021 17:50:02,80417
10/18/2021 17:50:06,80337.22
10/18/2021 17:50:07,81151.08
10/18/2021 17:50:08,80714.15
10/18/2021 17:50:20,81293.55
10/18/2021 17:50:22,81040.29
10/18/2021 17:50:28,80638.35
10/18/2021 17:50:29,81542.23
10/18/2021 17:50:34,81011.7
10/18/2021 17:50:37,80314.91
10/18/2021 17:50:40,80665.18
10/18/2021 17:50:42,80568.1
10/18/2021 17:50:50,80805.4
10/18/2021 17:51:01,79455.4
10/18/2021 17:51:03,79780.45
10/18/2021 17:51:06,80073.5
10/18/2021 17:51:14,80231.68
10/18/2021 17:51:17,80355
10/18/2021 17:51:18,79882.61
10/18/2021 17:51:20,80248.1
10/18/2021 17:51:22,80776.69
10/18/2021 17:51:24,81586.73
10/18/2021 17:51:26,80238.93
10/18/2021 17:51:28,80455.32
10/18/2021 17:51:29,80987.75
10/18/2021 17:51:32,80170.51
10/18/2021 17:51:33,79531.63
10/18/2021 17:51:35,80270.03
10/18/2021 17:51:36,79709.85
10/18/2021 17:51:38,80470.69
10/18/2021 17:51:41,80167.05
10/18/2021 17:51:42,79932.01
10/18/2021 17:51:43,79913.75
10/18/2021 17:51:49,80412.38
10/18/2021 17:51:55,80167.63
10/18/2021 17:51:59,80443
10/18/2021 17:52:02,80274.53
10/18/2021 17:52:04,80597.1
10/18/2021 17:52:06,80206.79
10/18/2021 17:52:10,79387.8
10/18/2021 17:52:11,79996.39
10/18/2021 17:52:12,79788.64
10/18/2021 17:52:15,79776.85
10/18/2021 17:52:16,80226.13
10/18/2021 17:52:20,79604.93
10/18/2021 17:52:21,79794.5
10/18/2021 17:52:24,81028.2
10/18/2021 17:52:27,79927.75
10/18/2021 17:52:31,80038.21
10/18/2021 17:52:35,80274.63
10/18/2021 17:52:36,80138.51
10/18/2021 17:52:37,80141.41
10/18/2021 17:52:41,80182.41
10/18/2021 17:52:43,79749.75
10/18/2021 17:52:44,80359.53
10/18/2021 17:52:45,79058.37
10/18/2021 17:52:46,79971.91
10/18/2021 17:52:47,79928.86
10/18/2021 17:52:48,79158.43
10/18/2021 17:52:50,80002.41
10/18/2021 17:52:51,79312.81
10/18/2021 17:52:52,79629.87
10/18/2021 17:52:54,80147.5
10/18/2021 17:52:55,79179.68
10/18/2021 17:52:59,80609.97
10/18/2021 17:53:00,79918.7
10/18/2021 17:53:03,79169.8
10/18/2021 17:53:04,80942.95
10/18/2021 17:53:05,80124.98
10/18/2021 17:53:07,79497.85
10/18/2021 17:53:18,78475.66
10/18/2021 17:53:19,80235.72
10/18/2021 17:53:21,79341.8
10/18/2021 17:53:22,79799.6
10/18/2021 17:53:26,79934.45
10/18/2021 17:53:31,79424.28
10/18/2021 17:53:32,79696.79
10/18/2021 17:53:34,79954.86
10/18/2021 17:53:35,79789
10/18/2021 17:53:36,79243.07
10/18/2021 17:53:38,79295.78
10/18/2021 17:53:39,79745.47
10/18/2021 17:53:40,80574
10/18/2021 17:53:41,79364.41
10/18/2021 17:53:42,79772.98
10/18/2021 17:53:47,80051.05
10/18/2021 17:53:48,79385.55
10/18/2021 17:53:49,80255.54
10/18/2021 17:53:50,79955.43
10/18/2021 17:53:51,79102.89
10/18/2021 17:53:56,79398.16
10/18/2021 17:54:03,79552.47
10/18/2021 17:54:06,79796.6
10/18/2021 17:54:07,79613.75
10/18/2021 17:54:10,80461.12
10/18/2021 17:54:11,79724.35
10/18/2021 17:54:12,79990.63
10/18/2021 17:54:13,79452.25
10/18/2021 17:54:16,79221.3
10/18/2021 17:54:17,79538.69
10/18/2021 17:54:18,79142.76
10/18/2021 17:54:19,79715.28
10/18/2021 17:54:20,80923.25
10/18/2021 17:54:21,79191.16
10/18/2021 17:54:22,79930.03
10/18/2021 17:54:23,79684.44
10/18/2021 17:54:27,79987.82
10/18/2021 17:54:29,80419.43
10/18/2021 17:54:30,79726.91
10/18/2021 17:54:35,79964.08
10/18/2021 17:54:42,79625.63
10/18/2021 17:54:44,79908.23
10/18/2021 17:54:46,79292.1
10/18/2021 17:54:49,80551
10/18/2021 17:54:50,79820.35
10/18/2021 17:54:53,79346.75
10/18/2021 17:55:01,79351.82
10/18/2021 17:55:07,79421.64
10/18/2021 17:55:08,79017.62
10/18/2021 17:55:10,78957.6
10/18/2021 17:55:12,79260.73
10/18/2021 17:55:13,78918.03
10/18/2021 17:55:17,79235.56
10/18/2021 17:55:18,78905.04
10/18/2021 17:55:19,80049
10/18/2021 17:55:20,78531.03
10/18/2021 17:55:22,78932.22
10/18/2021 17:55:31,79263.68
10/18/2021 17:55:34,79961.68
10/18/2021 17:55:36,79026.76
10/18/2021 17:55:37,78823.4
10/18/2021 17:55:38,78823.44
10/18/2021 17:55:40,79225.07
10/18/2021 17:55:42,78919.56
10/18/2021 17:55:46,78798.36
10/18/2021 17:55:51,78980.86
10/18/2021 17:55:52,79911.53
10/18/2021 17:55:53,78847.75
10/18/2021 17:55:54,79823.23
10/18/2021 17:55:59,79954.54
10/18/2021 17:56:00,79933.57
10/18/2021 17:56:07,79329.41
10/18/2021 17:56:09,79341.76
10/18/2021 17:56:10,79150.95
10/18/2021 17:56:14,79125.05
10/18/2021 17:56:19,79540.5
10/18/2021 17:56:23,78729.26
10/18/2021 17:56:25,79647.98
10/18/2021 17:56:26,78334.35
10/18/2021 17:56:27,79262.48
10/18/2021 17:56:29,79350.58
10/18/2021 17:56:31,78946.18
10/18/2021 17:56:33,79034.78
10/18/2021 17:56:34,79201.78
10/18/2021 17:56:46,78644.69
10/18/2021 17:56:51,78675.03
10/18/2021 17:56:54,78107.32
10/18/2021 17:57:01,78964.46
10/18/2021 17:57:02,78561.6
10/18/2021 17:57:05,79346.63
10/18/2021 17:57:07,78222.03
10/18/2021 17:57:12,78572.88
10/18/2021 17:57:14,79013.5
10/18/2021 17:57:17,79853.95
10/18/2021 17:57:21,79327.43
10/18/2021 17:57:22,78815.71
10/18/2021 17:57:24,78577.75
10/18/2021 17:57:25,78830
10/18/2021 17:57:26,78620.41
10/18/2021 17:57:30,79694
10/18/2021 17:57:33,78909.6
10/18/2021 17:57:34,78783.76
10/18/2021 17:57:43,78793.75
10/18/2021 17:57:44,78535.66
10/18/2021 17:57:46,79348.88
10/18/2021 17:57:50,78528
10/18/2021 17:57:56,79628.56
10/18/2021 17:58:01,79147.93
10/18/2021 17:58:04,78370.37
10/18/2021 17:58:05,78581.57
10/18/2021 17:58:06,79276.04
10/18/2021 17:58:07,78135.13
10/18/2021 17:58:09,78340.08
10/18/2021 17:58:13,78760.35
10/18/2021 17:58:16,78968.25
10/18/2021 17:58:19,78512.08
10/18/2021 17:58:28,78783.71
10/18/2021 17:58:31,79323.73
10/18/2021 17:58:35,79289.79
10/18/2021 17:58:36,79255.94
10/18/2021 17:58:38,78780.38
10/18/2021 17:58:39,78799.98
10/18/2021 17:58:49,77973.76
10/18/2021 17:58:54,77914.54
10/18/2021 17:58:55,78720.9
10/18/2021 17:58:56,79335.33
10/18/2021 17:58:58,78727.03
10/18/2021 17:59:00,78477.66
10/18/2021 17:59:01,78443.03
10/18/2021 17:59:02,78447.68
10/18/2021 17:59:03,79339.8
10/18/2021 17:59:05,79684.8
10/18/2021 17:59:06,79084.8
10/18/2021 17:59:14,78628.79
10/18/2021 17:59:15,78598.51
10/18/2021 17:59:17,78203.95
10/18/2021 17:59:18,78578.47
10/18/2021 17:59:29,78369.34
10/18/2021 17:59:30,78599.43
10/18/2021 17:59:31,78912.6
10/18/2021 17:59:36,79504.89
10/18/2021 17:59:38,78704.23
10/18/2021 17:59:41,78750.22
10/18/2021 17:59:42,78968.14
10/18/2021 17:59:43,79024.72
10/18/2021 17:59:45,78423.55
10/18/2021 18:00:04,78262.79
10/18/2021 18:00:06,78765.46
10/18/2021 18:00:07,78286.16
10/18/2021 18:00:08,77853.85
10/18/2021 18:00:11,78224.4
10/18/2021 18:00:14,78351.78
10/18/2021 18:00:20,77911.43
10/18/2021 18:00:24,78236.54
10/18/2021 18:00:26,78398.93
10/18/2021 18:00:29,78294.45
10/18/2021 18:00:30,78080.1
10/18/2021 18:00:32,78994.68
10/18/2021 18:00:34,78281.26
10/18/2021 18:00:40,77102.41
10/18/2021 18:00:42,79206.6
10/18/2021 18:00:46,77885.53
10/18/2021 18:00:48,77794.41
10/18/2021 18:00:52,79310.38
10/18/2021 18:00:53,77984.43
10/18/2021 18:01:02,78475.36
10/18/2021 18:01:15,77753.26
10/18/2021 18:01:16,77165.95
10/18/2021 18:01:17,78544.33
10/18/2021 18:01:19,77914.66
10/18/2021 18:01:20,78092.23
10/18/2021 18:01:22,78718.63
10/18/2021 18:01:23,77514.88
10/18/2021 18:01:24,77452.29
10/18/2021 18:01:27,78518.35
10/18/2021 18:01:28,77857.94
10/18/2021 18:01:29,77532.96
10/18/2021 18:01:31,78200.98
10/18/2021 18:01:32,78395.63
10/18/2021 18:01:36,77847.98
10/18/2021 18:01:42,78370.53
10/18/2021 18:01:49,77570.78
10/18/2021 18:01:50,77679.28
10/18/2021 18:01:52,79178.61
10/18/2021 18:01:56,78015.63
10/18/2021 18:01:59,79013.33
10/18/2021 18:02:00,77492.1
10/18/2021 18:02:01,77616.53
10/18/2021 18:02:09,77982.79
10/18/2021 18:02:17,78196.36
10/18/2021 18:02:25,77874.95
10/18/2021 18:02:28,77484.39
10/18/2021 18:02:35,77134.26
10/18/2021 18:02:37,78736.71
10/18/2021 18:02:38,77764.83
10/18/2021 18:02:41,77853.6
10/18/2021 18:02:44,77921.83
10/18/2021 18:02:51,77893.28
10/18/2021 18:02:52,77777.31
10/18/2021 18:02:54,77967.01
10/18/2021 18:02:56,77818.94
10/18/2021 18:02:57,77444.13
10/18/2021 18:03:00,77267.96
10/18/2021 18:03:03,77344.53
10/18/2021 18:03:09,77680.2
10/18/2021 18:03:11,77606.97
10/18/2021 18:03:19,77717.64
10/18/2021 18:03:20,77765.89
10/18/2021 18:03:27,78247.48
10/18/2021 18:03:31,77847.3
10/18/2021 18:03:32,78245.87
10/18/2021 18:03:44,77621.97
10/18/2021 18:03:45,77302.69
10/18/2021 18:03:46,77489.97
10/18/2021 18:04:00,77367.16
10/18/2021 18:04:04,77656.78
10/18/2021 18:04:14,77595.91
10/18/2021 18:04:16,77931.86
10/18/2021 18:04:17,78163.79
10/18/2021 18:04:18,77049.98
10/18/2021 18:04:19,77685.55
10/18/2021 18:04:27,77834
10/18/2021 18:04:29,77432.3
10/18/2021 18:04:30,77114.26
10/18/2021 18:04:35,77263.14
10/18/2021 18:04:37,77764.7
10/18/2021 18:04:40,77396.06
10/18/2021 18:04:51,77940.88
10/18/2021 18:04:52,77798.1
10/18/2021 18:04:55,77375.16
10/18/2021 18:04:59,77389.49
10/18/2021 18:05:06,72301.73
10/18/2021 18:05:15,64724.64
10/18/2021 18:05:16,64119.38
10/18/2021 18:05:17,68614
10/18/2021 18:05:26,44761.3
10/18/2021 18:05:27,43890.61
10/18/2021 18:05:31,23074
10/18/2021 18:05:35,20564.63
10/18/2021 18:05:37,24771.51
10/18/2021 18:05:39,27861.29
10/18/2021 18:05:41,30142.79
10/18/2021 18:05:46,30714.73
10/18/2021 18:05:48,31127.75
10/18/2021 18:05:51,31052.65
10/18/2021 18:05:53,31151.95
10/18/2021 18:05:57,30678.96
10/18/2021 18:06:03,30435.15
10/18/2021 18:06:05,30429.87
10/18/2021 18:06:09,30422.34
10/18/2021 18:06:17,30471
10/18/2021 18:06:20,30398
10/18/2021 18:06:27,30308.27
10/18/2021 18:06:28,30537.7
10/18/2021 18:06:36,30555.82
10/18/2021 18:06:37,30489.89
10/18/2021 18:06:42,30281.71
10/18/2021 18:06:46,30528.61
10/18/2021 18:06:51,30522.47
10/18/2021 18:06:52,30416.72
10/18/2021 18:06:55,30673.98
10/18/2021 18:06:56,30554.31
10/18/2021 18:07:00,30465.87
10/18/2021 18:07:08,30533.04
10/18/2021 18:07:11,30577.53
10/18/2021 18:07:13,30448.85
10/18/2021 18:07:16,30624.36
10/18/2021 18:07:22,30412.87
10/18/2021 18:07:26,30666
10/18/2021 18:07:38,30517.34
10/18/2021 18:07:39,30486.21
10/18/2021 18:07:47,30564.58
10/18/2021 18:07:49,30435.54
10/18/2021 18:08:07,30551.05
10/18/2021 18:08:27,30562.95
10/18/2021 18:08:32,30653.01
10/18/2021 18:08:37,30493.99
10/18/2021 18:08:43,30704.57
10/18/2021 18:08:49,30631.72
10/18/2021 18:08:57,30424.06
10/18/2021 18:09:15,30674.34
10/18/2021 18:09:17,30700
10/18/2021 18:09:27,30731.79
10/18/2021 18:09:34,30483.32
10/18/2021 18:09:40,30662.76
10/18/2021 18:09:43,30597.15
10/18/2021 18:09:48,30596.91
10/18/2021 18:09:49,30563.49
10/18/2021 18:09:56,30654.48
10/18/2021 18:10:00,30435.29
10/18/2021 18:10:12,30305.23
10/18/2021 18:10:14,30718.89
10/18/2021 18:10:24,30691.86
10/18/2021 18:10:31,30785.46
10/18/2021 18:10:34,30777.39
10/18/2021 18:10:43,30741.58
10/18/2021 18:10:44,30500.47
10/18/2021 18:10:45,30583.85
10/18/2021 18:10:46,30619.21
10/18/2021 18:10:55,30657.36
10/18/2021 18:10:59,30777.41
10/18/2021 18:11:00,30785.79
10/18/2021 18:11:05,30620.01
10/18/2021 18:11:07,30763.93
10/18/2021 18:11:08,30771.38
10/18/2021 18:11:09,30764.5
10/18/2021 18:11:10,30793.41
10/18/2021 18:11:14,30671.37
10/18/2021 18:11:16,30772.06
10/18/2021 18:11:17,30681.83
10/18/2021 18:11:19,30665.87
10/18/2021 18:11:20,30619.2
10/18/2021 18:11:28,30725
10/18/2021 18:11:34,30713.94
10/18/2021 18:11:35,30811.64
10/18/2021 18:11:37,30769.56
10/18/2021 18:11:40,30755.95
10/18/2021 18:11:41,30701.04
10/18/2021 18:11:42,30730.28
10/18/2021 18:11:43,30782.69
10/18/2021 18:11:44,30720.96
10/18/2021 18:11:45,30781.14
10/18/2021 18:11:48,30819.57
10/18/2021 18:11:57,30795.17
10/18/2021 18:11:58,30881
10/18/2021 18:12:04,30732.83
10/18/2021 18:12:10,30771.13
10/18/2021 18:12:11,30766.55
10/18/2021 18:12:12,30691.67
10/18/2021 18:12:13,30851.58
10/18/2021 18:12:26,31015
10/18/2021 18:12:28,30903.29
10/18/2021 18:12:29,31002.46
10/18/2021 18:12:33,31233.37
10/18/2021 18:12:44,31344.42
10/18/2021 18:12:49,31261.46
10/18/2021 18:12:53,31351.9
10/18/2021 18:12:55,31393.66
10/18/2021 18:12:56,31429.56
10/18/2021 18:13:00,31516.3
10/18/2021 18:13:03,31372.5
10/18/2021 18:13:07,31492.9
10/18/2021 18:13:09,31438.75
10/18/2021 18:13:11,31405.03
10/18/2021 18:13:16,31407.83
10/18/2021 18:13:18,31461.86
10/18/2021 18:13:20,31390.23
10/18/2021 18:13:21,31460.41
10/18/2021 18:13:23,31441.32
10/18/2021 18:13:25,31484.43
10/18/2021 18:13:27,31411.78
10/18/2021 18:13:28,31359.42
10/18/2021 18:13:33,31374.63
10/18/2021 18:13:36,31362.38
10/18/2021 18:13:38,31355.41
10/18/2021 18:13:45,31415.43
10/18/2021 18:13:46,31545.29
10/18/2021 18:13:51,31471.59
10/18/2021 18:13:52,31552.59
10/18/2021 18:13:59,31729.72
10/18/2021 18:14:00,31629.72
10/18/2021 18:14:02,31641.86
10/18/2021 18:14:05,31394.08
10/18/2021 18:14:06,31359.25
10/18/2021 18:14:07,31295.17
10/18/2021 18:14:08,31354.7
10/18/2021 18:14:14,31601.41
10/18/2021 18:14:16,31513.62
10/18/2021 18:14:19,31696.97
10/18/2021 18:14:23,31514.52
10/18/2021 18:14:28,31322.86
10/18/2021 18:14:30,31307.76
10/18/2021 18:14:33,31459.37
10/18/2021 18:14:38,31536.79
10/18/2021 18:14:39,31561.43
10/18/2021 18:14:42,31632.84
10/18/2021 18:14:51,31465.94
10/18/2021 18:14:53,31476.67
10/18/2021 18:14:54,31344.31
10/18/2021 18:14:59,31437.91
10/18/2021 18:15:01,31506.54
10/18/2021 18:15:05,31404.14
10/18/2021 18:15:08,31422.93
10/18/2021 18:15:11,31462.85
10/18/2021 18:15:22,31393.76
10/18/2021 18:15:24,31391.95
10/18/2021 18:15:25,31518.92
10/18/2021 18:15:26,31162.37
10/18/2021 18:15:27,31292.16
10/18/2021 18:15:28,31343.97
10/18/2021 18:15:29,31325.6
10/18/2021 18:15:31,31311.64
10/18/2021 18:15:35,31436.44
10/18/2021 18:15:41,31319.01
10/18/2021 18:15:43,31351.25
10/18/2021 18:15:45,31462.77
10/18/2021 18:15:59,31419.27
10/18/2021 18:16:00,31550.64
10/18/2021 18:16:01,31569.42
10/18/2021 18:16:02,31494.63
10/18/2021 18:16:04,31471.33
10/18/2021 18:16:09,31423.73
10/18/2021 18:16:18,31591.66
10/18/2021 18:16:24,31468.55
10/18/2021 18:16:38,31413.3
10/18/2021 18:16:40,31361.79
10/18/2021 18:16:51,31342.95
10/18/2021 18:16:52,31372.61
10/18/2021 18:16:53,31334.44
10/18/2021 18:16:54,31391.46
10/18/2021 18:16:58,31371.49
10/18/2021 18:17:02,31309.5
10/18/2021 18:17:14,31484
10/18/2021 18:17:21,31380.6
10/18/2021 18:17:30,31338.04
10/18/2021 18:17:32,31328.94
10/18/2021 18:17:34,31312.76
10/18/2021 18:17:35,31300.69
10/18/2021 18:17:40,31389.2
10/18/2021 18:17:53,31291.74
10/18/2021 18:17:55,31202.76
10/18/2021 18:18:06,31192.55
10/18/2021 18:18:20,31307
10/18/2021 18:18:33,31442.4
10/18/2021 18:18:38,31170.09
10/18/2021 18:18:40,31203.31
10/18/2021 18:18:43,31243.9
10/18/2021 18:18:44,31176.21
10/18/2021 18:18:55,31241.42
10/18/2021 18:18:58,31305.5
10/18/2021 18:18:59,31267.79
10/18/2021 18:19:01,31191.08
10/18/2021 18:19:03,31243.51
10/18/2021 18:19:10,31317.56
10/18/2021 18:19:13,31372.33
10/18/2021 18:19:15,31230.77
10/18/2021 18:19:18,31233.23
10/18/2021 18:19:19,31184.36
10/18/2021 18:19:20,31341.45
10/18/2021 18:19:21,31276.09
10/18/2021 18:19:22,31219.65
10/18/2021 18:19:28,31387.63
10/18/2021 18:19:32,31380.92
10/18/2021 18:19:39,31216.34
10/18/2021 18:19:40,31418.18
10/18/2021 18:19:45,31406.82
10/18/2021 18:19:46,31291.67
10/18/2021 18:19:48,31411.29
10/18/2021 18:19:55,31600.44
10/18/2021 18:20:07,31476.48
10/18/2021 18:20:08,31509.87
10/18/2021 18:20:12,31591.51
10/18/2021 18:20:14,31474
10/18/2021 18:20:16,31358.75
10/18/2021 18:20:20,31677.43
10/18/2021 18:20:31,31664.79
10/18/2021 18:20:32,31730.47
10/18/2021 18:20:42,31739.5
10/18/2021 18:20:53,31809.64
10/18/2021 18:20:56,31867.85
10/18/2021 18:20:58,31961.89
10/18/2021 18:20:59,31867.09
10/18/2021 18:21:02,31787.52
10/18/2021 18:21:03,31936.45
10/18/2021 18:21:05,31729.48
10/18/2021 18:21:06,31921.68
10/18/2021 18:21:07,31876.51
10/18/2021 18:21:15,31917.71
10/18/2021 18:21:17,31919.95
10/18/2021 18:21:19,31974
10/18/2021 18:21:22,32071.69
10/18/2021 18:21:32,32006
10/18/2021 18:21:34,32190.51
10/18/2021 18:21:37,32240.73
10/18/2021 18:21:39,32134.98
10/18/2021 18:21:49,32231
10/18/2021 18:21:51,32077.65
10/18/2021 18:21:52,32187.04
10/18/2021 18:21:58,32048.77
10/18/2021 18:21:59,32302.78
10/18/2021 18:22:04,32456.71
10/18/2021 18:22:07,32342.92
10/18/2021 18:22:08,32370.03
10/18/2021 18:22:09,32424.83
10/18/2021 18:22:13,32477.88
10/18/2021 18:22:14,32511.05
10/18/2021 18:22:15,32403.79
10/18/2021 18:22:20,32488.34
10/18/2021 18:22:23,32662.21
10/18/2021 18:22:24,32748.32
10/18/2021 18:22:25,32613.3
10/18/2021 18:22:26,32615.85
10/18/2021 18:22:30,32444.38
10/18/2021 18:22:32,32621.65
10/18/2021 18:22:39,32730.5
10/18/2021 18:22:40,32814.2
10/18/2021 18:22:42,32766.95
10/18/2021 18:22:43,32740.21
10/18/2021 18:22:44,32572
10/18/2021 18:22:45,32781.24
10/18/2021 18:22:46,32816.29
10/18/2021 18:22:47,32841.91
10/18/2021 18:22:51,32757.78
10/18/2021 18:23:06,32773.73
10/18/2021 18:23:08,32903.46
10/18/2021 18:23:10,33008.49
10/18/2021 18:23:12,32689.83
10/18/2021 18:23:15,32808.09
10/18/2021 18:23:18,32765.54
10/18/2021 18:23:22,32544.61
10/18/2021 18:23:31,32804.25
10/18/2021 18:23:40,32648.1
10/18/2021 18:23:44,32822.74
10/18/2021 18:23:48,32553.54
10/18/2021 18:23:55,32615.31
10/18/2021 18:23:57,32699.14
10/18/2021 18:24:04,32630.67
10/18/2021 18:24:10,32801.07
10/18/2021 18:24:12,32667.5
10/18/2021 18:24:17,32747.94
10/18/2021 18:24:20,32708.58
10/18/2021 18:24:26,32778.02
10/18/2021 18:24:27,32685.34
10/18/2021 18:24:29,32679.69
10/18/2021 18:24:41,32726.53
10/18/2021 18:24:48,32606.8
10/18/2021 18:24:58,32629.83
10/18/2021 18:25:11,32502.51
10/18/2021 18:25:16,32619.59
10/18/2021 18:25:20,32726.68
10/18/2021 18:25:22,32014
10/18/2021 18:25:24,32647.95
10/18/2021 18:25:32,32660.96
10/18/2021 18:25:38,32662.11
10/18/2021 18:25:39,32502.96
10/18/2021 18:25:48,32732.45
10/18/2021 18:25:49,32490.6
10/18/2021 18:25:53,32632.95
10/18/2021 18:25:55,32674.81
10/18/2021 18:25:59,32457.91
10/18/2021 18:26:06,32476.76
10/18/2021 18:26:08,32757.54
10/18/2021 18:26:24,32670.91
10/18/2021 18:26:26,32743.6
10/18/2021 18:26:39,32303.97
10/18/2021 18:26:41,32604.05
10/18/2021 18:26:45,32602.7
10/18/2021 18:26:47,32660.71
10/18/2021 18:26:48,32719.67
10/18/2021 18:27:10,32572.45
10/18/2021 18:27:27,32696.97
10/18/2021 18:27:29,32652.05
10/18/2021 18:27:30,32609.6
10/18/2021 18:27:34,32646
10/18/2021 18:27:44,32607.64
10/18/2021 18:28:10,32504.2
10/18/2021 18:28:12,32591.54
10/18/2021 18:28:20,32594.98
10/18/2021 18:28:22,32478.53
10/18/2021 18:28:25,32480.59
10/18/2021 18:28:35,32510.87
10/18/2021 18:28:36,32412.52
10/18/2021 18:28:39,32555.64
10/18/2021 18:28:40,32570.89
10/18/2021 18:28:41,32546.07
10/18/2021 18:28:46,32312
10/18/2021 18:28:50,32615.99
10/18/2021 18:28:57,32578.3
10/18/2021 18:29:03,32609.24
10/18/2021 18:29:04,32649.64
10/18/2021 18:29:15,32476.46
10/18/2021 18:29:38,32617.77
10/18/2021 18:29:42,32547.77
10/18/2021 18:29:46,32510.88
10/18/2021 18:29:59,32522.65
10/18/2021 18:30:01,32403.42
10/18/2021 18:30:06,32567.87
10/18/2021 18:30:11,32565.58
10/18/2021 18:30:12,32460
10/18/2021 18:30:23,32459.39
10/18/2021 18:30:37,32473.83
10/18/2021 18:30:55,32642.09
10/18/2021 18:30:57,32103.01
10/18/2021 18:31:16,32599.56
10/18/2021 18:31:19,32497.37
10/18/2021 18:31:20,32389.96
10/18/2021 18:31:22,32583.96
10/18/2021 18:31:24,32437.95
10/18/2021 18:31:27,32410.66
10/18/2021 18:31:32,32463.62
10/18/2021 18:31:51,32018.76
10/18/2021 18:32:21,32611.91
10/18/2021 18:32:22,32623.02
10/18/2021 18:32:26,32444
10/18/2021 18:32:33,32340
10/18/2021 18:32:46,32644
10/18/2021 18:33:03,32416.31
10/18/2021 18:33:04,32485.73
10/18/2021 18:33:13,32459.54
10/18/2021 18:33:17,32429.82
10/18/2021 18:33:25,32491.81
10/18/2021 18:33:26,32414.96
10/18/2021 18:33:55,32543.28
10/18/2021 18:33:56,32614.32
10/18/2021 18:34:01,32483.64
10/18/2021 18:34:03,32461
10/18/2021 18:34:08,32381
10/18/2021 18:34:09,32410.09
10/18/2021 18:34:15,32317.03
10/18/2021 18:34:18,32413
10/18/2021 18:34:30,30773.23
10/18/2021 18:34:31,30837.32
10/18/2021 18:34:32,30721.4
10/18/2021 18:34:47,28702.58
10/18/2021 18:34:57,27977.89
10/18/2021 18:35:00,28040.99
10/18/2021 18:35:23,28654.57
10/18/2021 18:35:39,28949.07
10/18/2021 18:35:44,28901.85
10/18/2021 18:35:46,28878.48
10/18/2021 18:35:51,29067.44
10/18/2021 18:36:04,29370.99
10/18/2021 18:36:09,29112.6
10/18/2021 18:36:13,28931.8
10/18/2021 18:36:14,28303.93
10/18/2021 18:36:17,28699.85
10/18/2021 18:36:25,27879.86
10/18/2021 18:36:29,27151.83
10/18/2021 18:36:39,24535.67
10/18/2021 18:36:46,23066
10/18/2021 18:36:54,21336.68
10/18/2021 18:37:10,19289.73
10/18/2021 18:37:13,18736.8
10/18/2021 18:37:14,18275.52
10/18/2021 18:37:16,3799.76
10/18/2021 18:37:17,2954.28
10/18/2021 18:37:18,1757.01
10/18/2021 18:37:19,1073.56
10/18/2021 18:37:23,0
10/18/2021 18:37:44,0
10/18/2021 18:37:50,0
10/18/2021 18:38:05,0
10/18/2021 18:38:07,0
10/18/2021 18:38:14,0
10/18/2021 18:38:19,0
10/18/2021 18:38:20,0
10/18/2021 18:38:23,0
10/18/2021 18:38:45,0
10/18/2021 18:38:49,0
10/18/2021 18:38:50,0
10/18/2021 18:38:52,0
10/18/2021 18:38:56,0
10/18/2021 18:38:59,0
10/18/2021 18:39:01,0
10/18/2021 18:39:15,0
10/18/2021 18:39:34,0
10/18/2021 18:39:35,0
10/18/2021 18:39:37,0
10/18/2021 18:39:38,0
10/18/2021 18:39:42,0
10/18/2021 18:39:45,0
10/18/2021 18:39:56,0
10/18/2021 18:40:01,0
10/18/2021 18:40:04,0
10/18/2021 18:40:05,0
10/18/2021 18:40:07,0
10/18/2021 18:40:08,0
10/18/2021 18:40:09,0
10/18/2021 18:40:11,0
10/18/2021 18:40:18,0
10/18/2021 18:40:21,0
10/18/2021 18:40:26,0
10/18/2021 18:40:30,0
10/18/2021 18:40:32,0
10/18/2021 18:40:35,0
10/18/2021 18:40:37,0
10/18/2021 18:40:38,0
10/18/2021 18:40:43,0
10/18/2021 18:40:45,0
10/18/2021 18:40:53,0
10/18/2021 18:40:55,0
10/18/2021 18:41:05,0
10/18/2021 18:41:06,0
10/18/2021 18:41:08,0
10/18/2021 18:41:12,0
10/18/2021 18:41:15,0
10/18/2021 18:41:23,0
10/18/2021 18:41:24,0
10/18/2021 18:41:32,0
10/18/2021 18:41:39,0
10/18/2021 18:41:40,0
10/18/2021 18:41:41,0
10/18/2021 18:41:43,0
10/18/2021 18:41:45,0
10/18/2021 18:41:49,0
10/18/2021 18:42:09,0
10/18/2021 18:42:18,0
10/18/2021 18:42:21,0
10/18/2021 18:42:24,0
10/18/2021 18:42:26,0
10/18/2021 18:42:27,0
10/18/2021 18:42:28,0
10/18/2021 18:42:29,0
10/18/2021 18:42:35,0
10/18/2021 18:42:37,0
10/18/2021 18:42:38,0
10/18/2021 18:42:40,0
10/18/2021 18:42:44,0
10/18/2021 18:42:45,0
10/18/2021 18:42:46,0
10/18/2021 18:42:49,0
10/18/2021 18:42:52,0
10/18/2021 18:42:53,0
10/18/2021 18:43:07,0
10/18/2021 18:43:10,0
10/18/2021 18:43:16,0
10/18/2021 18:43:19,0
10/18/2021 18:43:21,0
10/18/2021 18:43:22,0
10/18/2021 18:43:23,0
10/18/2021 18:43:27,0
10/18/2021 18:43:28,0
10/18/2021 18:43:29,0
10/18/2021 18:43:32,0
10/18/2021 18:43:33,0
10/18/2021 18:43:34,0
10/18/2021 18:43:40,0
10/18/2021 18:43:44,0
10/18/2021 18:43:49,0
10/18/2021 18:43:51,0
10/18/2021 18:43:53,0
10/18/2021 18:43:57,0
10/18/2021 18:43:58,0
10/18/2021 18:44:00,0
10/18/2021 18:44:05,0
10/18/2021 18:44:09,0
10/18/2021 18:44:13,0
10/18/2021 18:44:14,0
10/18/2021 18:44:16,0
10/18/2021 18:44:17,0
10/18/2021 18:44:21,0
10/18/2021 18:44:22,0
10/18/2021 18:44:25,0
10/18/2021 18:44:26,0
10/18/2021 18:44:27,0
10/18/2021 18:44:31,0
10/18/2021 18:44:34,0
10/18/2021 18:44:39,0
10/18/2021 18:44:41,0
10/18/2021 18:44:42,0
10/18/2021 18:44:43,0
10/18/2021 18:44:45,0
10/18/2021 18:44:46,0
10/18/2021 18:44:47,0
10/18/2021 18:44:48,0
10/18/2021 18:44:51,0
10/18/2021 18:44:55,0
10/18/2021 18:44:58,0
10/18/2021 18:45:01,0
10/18/2021 18:45:04,0
10/18/2021 18:45:06,0
10/18/2021 18:45:08,0
10/18/2021 18:45:09,0
10/18/2021 18:45:13,0
10/18/2021 18:45:14,0
10/18/2021 18:45:17,0
10/18/2021 18:45:18,0
10/18/2021 18:45:20,0
10/18/2021 18:45:21,0
10/18/2021 18:45:22,0
10/18/2021 18:45:23,0
10/18/2021 18:45:24,0
10/18/2021 18:45:26,0
10/18/2021 18:45:34,0
10/18/2021 18:45:35,0
10/18/2021 18:45:37,0
10/18/2021 18:45:38,0
10/18/2021 18:45:39,0
10/18/2021 18:45:41,0
10/18/2021 18:45:43,0
10/18/2021 18:45:45,0
10/18/2021 18:45:47,0
10/18/2021 18:45:48,0
10/18/2021 18:45:49,0
10/18/2021 18:45:51,0
10/18/2021 18:45:54,0
10/18/2021 18:45:56,0
10/18/2021 18:45:57,0
10/18/2021 18:45:58,0
10/18/2021 18:46:00,0
10/18/2021 18:46:02,0
10/18/2021 18:46:03,0
10/18/2021 18:46:04,0
10/18/2021 18:46:05,0
10/18/2021 18:46:09,0
10/18/2021 18:46:10,0
10/18/2021 18:46:11,0
10/18/2021 18:46:12,0
10/18/2021 18:46:15,0
10/18/2021 18:46:18,0
10/18/2021 18:46:19,0
10/18/2021 18:46:21,0
10/18/2021 18:46:23,0
10/18/2021 18:46:26,0
10/18/2021 18:46:50,0
10/18/2021 18:46:56,0
10/18/2021 18:46:59,0
10/18/2021 18:47:06,0
10/18/2021 18:47:08,0
10/18/2021 18:47:10,0
10/18/2021 18:47:11,0
10/18/2021 18:47:19,0
10/18/2021 18:47:21,0
10/18/2021 18:47:22,0
10/18/2021 18:47:24,0
10/18/2021 18:47:25,0
10/18/2021 18:47:27,0
10/18/2021 18:47:28,0
10/18/2021 18:47:30,0
10/18/2021 18:47:34,0
10/18/2021 18:47:35,0
10/18/2021 18:47:37,0
10/18/2021 18:47:39,0
10/18/2021 18:47:40,0
10/18/2021 18:47:42,0
10/18/2021 18:47:43,0
10/18/2021 18:47:44,0
10/18/2021 18:47:45,0
10/18/2021 18:47:48,0
10/18/2021 18:47:52,0
10/18/2021 18:47:53,0
10/18/2021 18:48:04,0
10/18/2021 18:48:15,0
10/18/2021 18:48:16,0
10/18/2021 18:48:17,0
10/18/2021 18:48:20,0
10/18/2021 18:48:21,0
10/18/2021 18:48:22,0
10/18/2021 18:48:23,0
10/18/2021 18:48:28,0
10/18/2021 18:48:31,0
10/18/2021 18:48:32,0
10/18/2021 18:48:34,0
10/18/2021 18:48:35,0
10/18/2021 18:48:36,0
10/18/2021 18:48:37,0
10/18/2021 18:48:38,0
10/18/2021 18:48:39,0
10/18/2021 18:48:40,0
10/18/2021 18:48:41,0
10/18/2021 18:48:42,0
10/18/2021 18:48:43,0
10/18/2021 18:48:44,0
10/18/2021 18:48:45,0
10/18/2021 18:48:46,0
10/18/2021 18:48:47,0
10/18/2021 18:48:49,0
10/18/2021 18:48:52,0
10/18/2021 18:48:54,0
10/18/2021 18:48:55,0
10/18/2021 18:48:57,0
10/18/2021 18:48:59,0
10/18/2021 18:49:00,0
10/18/2021 18:49:01,0
10/18/2021 18:49:02,0
10/18/2021 18:49:03,0
10/18/2021 18:49:04,0
10/18/2021 18:49:06,0
10/18/2021 18:49:07,0
10/18/2021 18:49:08,0
10/18/2021 18:49:09,0
10/18/2021 18:49:11,0
10/18/2021 18:49:13,0
10/18/2021 18:49:15,0
10/18/2021 18:49:16,0
10/18/2021 18:49:20,0
10/18/2021 18:49:23,0
10/18/2021 18:49:28,0
10/18/2021 18:49:31,0
10/18/2021 18:49:32,0
10/18/2021 18:49:33,0
10/18/2021 18:49:38,0
10/18/2021 18:49:40,0
10/18/2021 18:49:42,0
10/18/2021 18:49:45,0
10/18/2021 18:49:46,0
10/18/2021 18:49:48,0
10/18/2021 18:49:51,0
10/18/2021 18:49:54,0
10/18/2021 18:49:55,0
10/18/2021 18:49:56,0
10/18/2021 18:49:59,0
10/18/2021 18:50:00,0
10/18/2021 18:50:01,0
10/18/2021 18:50:05,0
10/18/2021 18:50:12,0
10/18/2021 18:50:13,0
10/18/2021 18:50:14,0
10/18/2021 18:50:15,0
10/18/2021 18:50:16,0
10/18/2021 18:50:18,0
10/18/2021 18:50:29,0
10/18/2021 18:50:30,0.0001
10/18/2021 18:50:31,0
10/18/2021 18:50:33,0
10/18/2021 18:50:34,0
10/18/2021 18:50:40,0
10/18/2021 18:50:41,0
10/18/2021 18:50:42,0
10/18/2021 18:50:43,0
10/18/2021 18:50:45,0
10/18/2021 18:50:46,0
10/18/2021 18:50:48,0
10/18/2021 18:50:49,0
10/18/2021 18:50:50,0
10/18/2021 18:50:51,0
10/18/2021 18:50:52,0
10/18/2021 18:50:55,0
10/18/2021 18:50:59,0
10/18/2021 18:51:01,0
10/18/2021 18:51:02,0
10/18/2021 18:51:03,0
10/18/2021 18:51:04,0
10/18/2021 18:51:06,0
10/18/2021 18:51:07,0
10/18/2021 18:51:09,0
10/18/2021 18:51:10,0
10/18/2021 18:51:11,0
10/18/2021 18:51:12,0
10/18/2021 18:51:15,0
10/18/2021 18:51:16,0
10/18/2021 18:51:18,0
10/18/2021 18:51:19,0
10/18/2021 18:51:20,0
10/18/2021 18:51:21,0
10/18/2021 18:51:23,0
10/18/2021 18:51:24,0
10/18/2021 18:51:25,0
10/18/2021 18:51:26,0
10/18/2021 18:51:28,0
10/18/2021 18:51:30,0
10/18/2021 18:51:37,0
10/18/2021 18:51:40,0
10/18/2021 18:51:41,0
10/18/2021 18:51:42,0
10/18/2021 18:51:45,0
10/18/2021 18:51:46,0
10/18/2021 18:51:49,0
10/18/2021 18:51:51,0
10/18/2021 18:51:52,0
10/18/2021 18:51:54,0
10/18/2021 18:51:56,0
10/18/2021 18:52:02,0
10/18/2021 18:52:03,0
10/18/2021 18:52:05,0
10/18/2021 18:52:07,0
10/18/2021 18:52:09,0
10/18/2021 18:52:13,0
10/18/2021 18:52:19,0
10/18/2021 18:52:21,0
10/18/2021 18:52:22,0
10/18/2021 18:52:23,0
10/18/2021 18:52:27,0
10/18/2021 18:52:30,0
10/18/2021 18:52:31,0
10/18/2021 18:52:35,0
10/18/2021 18:52:36,0
10/18/2021 18:52:37,0
10/18/2021 18:52:38,0
10/18/2021 18:52:39,0
10/18/2021 18:52:40,0
10/18/2021 18:52:41,0
10/18/2021 18:52:42,0
10/18/2021 18:52:43,0
10/18/2021 18:52:44,0
10/18/2021 18:52:47,0
10/18/2021 18:52:48,0
10/18/2021 18:52:49,0
10/18/2021 18:52:51,0
10/18/2021 18:52:56,0
10/18/2021 18:52:57,0
10/18/2021 18:52:58,0
10/18/2021 18:53:05,0
10/18/2021 18:53:07,0
10/18/2021 18:53:11,0
10/18/2021 18:53:13,0
10/18/2021 18:53:14,0
10/18/2021 18:53:15,0
10/18/2021 18:53:17,0
10/18/2021 18:53:20,0
10/18/2021 18:53:24,0
10/18/2021 18:53:25,0
10/18/2021 18:53:26,0
10/18/2021 18:53:30,0
10/18/2021 18:53:31,0
10/18/2021 18:53:32,0
10/18/2021 18:53:33,0
10/18/2021 18:53:35,0
10/18/2021 18:53:38,0
10/18/2021 18:53:41,0
10/18/2021 18:53:42,0
10/18/2021 18:53:47,0
10/18/2021 18:53:49,0
10/18/2021 18:53:50,0
10/18/2021 18:53:51,0
10/18/2021 18:53:52,0
10/18/2021 18:53:57,0
10/18/2021 18:53:58,0
10/18/2021 18:53:59,0
10/18/2021 18:54:03,0
10/18/2021 18:54:05,0
10/18/2021 18:54:06,0
10/18/2021 18:54:07,0
10/18/2021 18:54:09,0
10/18/2021 18:54:12,0
10/18/2021 18:54:13,0
10/18/2021 18:54:14,0
10/18/2021 18:54:19,0
10/18/2021 18:54:20,0
10/18/2021 18:54:21,0
10/18/2021 18:54:24,0
10/18/2021 18:54:26,0
10/18/2021 18:54:27,0
10/18/2021 18:54:28,0
10/18/2021 18:54:29,0
10/18/2021 18:54:37,0
10/18/2021 18:54:38,0
10/18/2021 18:54:43,0
10/18/2021 18:54:46,0
10/18/2021 18:54:48,0
10/18/2021 18:54:53,0
10/18/2021 18:54:54,0
10/18/2021 18:54:55,0
10/18/2021 18:54:57,0
10/18/2021 18:54:58,0
10/18/2021 18:54:59,0
10/18/2021 18:55:00,0
10/18/2021 18:55:01,0
10/18/2021 18:55:02,0
10/18/2021 18:55:03,0
10/18/2021 18:55:04,0
10/18/2021 18:55:05,0
10/18/2021 18:55:06,0
10/18/2021 18:55:07,0
10/18/2021 18:55:08,0
10/18/2021 18:55:09,0
10/18/2021 18:55:10,0
10/18/2021 18:55:11,0
10/18/2021 18:55:12,0
10/18/2021 18:55:13,0
10/18/2021 18:55:14,0
10/18/2021 18:55:15,0
10/18/2021 18:55:16,0
10/18/2021 18:55:17,0
10/18/2021 18:55:18,0
10/18/2021 18:55:19,0
10/18/2021 18:55:20,0
10/18/2021 18:55:21,0
10/18/2021 18:55:22,0
10/18/2021 18:55:25,0
10/18/2021 18:55:26,0
10/18/2021 18:55:28,0
10/18/2021 18:55:29,0
10/18/2021 18:55:35,0
10/18/2021 18:55:36,0
10/18/2021 18:55:39,0
10/18/2021 18:55:41,0
10/18/2021 18:55:42,0
10/18/2021 18:55:43,0
10/18/2021 18:55:44,0
10/18/2021 18:55:47,0
10/18/2021 18:55:48,0
10/18/2021 18:55:52,0
10/18/2021 18:55:53,0
10/18/2021 18:55:56,0
10/18/2021 18:55:57,2070.08
10/18/2021 18:55:58,4589.48
10/18/2021 18:55:59,8088.49
10/18/2021 18:56:05,13800.27
10/18/2021 18:56:06,13718.65
10/18/2021 18:56:08,13570.71
10/18/2021 18:56:14,13818.81
10/18/2021 18:56:23,21004.71
10/18/2021 18:56:28,20942.05
10/18/2021 18:56:37,21298.36
10/18/2021 18:56:40,21149.52
10/18/2021 18:56:46,21243.71
10/18/2021 18:56:57,20949.08
10/18/2021 18:56:58,20997.79
10/18/2021 18:57:00,20371
10/18/2021 18:57:01,20796.64
10/18/2021 18:57:04,20714.52
10/18/2021 18:57:05,20714.41
10/18/2021 18:57:16,20785.04
10/18/2021 18:57:20,20685.76
10/18/2021 18:57:24,20697.94
10/18/2021 18:57:35,20732.49
10/18/2021 18:57:36,20720.6
10/18/2021 18:57:37,20673.65
10/18/2021 18:57:42,20673.3
10/18/2021 18:57:45,20651.83
10/18/2021 18:58:14,21110.84
10/18/2021 18:58:15,20862.72
10/18/2021 18:58:18,20878.58
10/18/2021 18:58:36,21175.69
10/18/2021 18:58:41,21215
10/18/2021 18:58:51,21385.64
10/18/2021 18:59:53,21497
10/18/2021 19:00:04,21467.65
10/18/2021 19:00:05,21400.68
10/18/2021 19:00:08,21435.1
10/18/2021 19:00:13,21679.58
10/18/2021 19:00:54,21423.69
10/18/2021 19:00:56,21145.3
10/18/2021 19:01:05,21344.77
10/18/2021 19:01:08,21289.08
10/18/2021 19:01:21,21265.66
10/18/2021 19:01:34,21274.3
10/18/2021 19:01:41,21344
10/18/2021 19:01:46,21245.72
10/18/2021 19:02:04,21224
10/18/2021 19:02:10,21233
10/18/2021 19:02:11,21367.8
10/18/2021 19:02:20,21116.99
10/18/2021 19:02:30,20876.75
10/18/2021 19:02:32,20842.59
10/18/2021 19:02:41,20718.75
10/18/2021 19:02:43,20792.04
10/18/2021 19:02:50,20687.69
10/18/2021 19:02:59,20701
10/18/2021 19:03:00,20592.3
10/18/2021 19:03:09,20812.99
10/18/2021 19:03:17,20676.67
10/18/2021 19:03:18,20714.19
10/18/2021 19:03:22,20702.55
10/18/2021 19:03:25,20736.99
10/18/2021 19:03:26,20633.73
10/18/2021 19:03:27,20713.59
10/18/2021 19:03:28,20685.67
10/18/2021 19:03:52,20739.89
10/18/2021 19:03:53,20609
10/18/2021 19:03:55,20592
10/18/2021 19:03:56,20498.35
10/18/2021 19:03:59,20696.79
10/18/2021 19:04:02,20789
10/18/2021 19:04:14,20752.33
10/18/2021 19:04:16,20713.01
10/18/2021 19:04:17,20709.86
10/18/2021 19:04:25,20710.79
10/18/2021 19:04:29,20707
10/18/2021 19:04:32,20834.87
10/18/2021 19:04:34,20709
10/18/2021 19:04:52,20757.8
10/18/2021 19:05:05,20801.74
10/18/2021 19:05:06,20787.21
10/18/2021 19:05:13,20842.84
10/18/2021 19:05:17,20859.55
10/18/2021 19:05:19,20960.77
10/18/2021 19:05:29,21028.04
10/18/2021 19:05:34,21029.64
10/18/2021 19:05:40,21047.86
10/18/2021 19:05:41,21032.33
10/18/2021 19:05:44,21001.31
10/18/2021 19:05:52,21046.72
10/18/2021 19:05:57,21067.91
10/18/2021 19:06:08,21139.76
10/18/2021 19:06:12,20912.07
10/18/2021 19:06:21,20902.14
10/18/2021 19:06:28,21090.27
10/18/2021 19:07:10,21026.58
10/18/2021 19:07:12,20953
10/18/2021 19:07:17,21117.23
10/18/2021 19:07:20,20953.54
10/18/2021 19:07:32,20992
10/18/2021 19:07:34,21918
10/18/2021 19:07:36,21128.83
10/18/2021 19:07:44,20913
10/18/2021 19:07:49,20976.9
10/18/2021 19:07:50,21074.17
10/18/2021 19:08:37,21058.67
10/18/2021 19:08:48,20972.65
10/18/2021 19:08:50,21065.49
10/18/2021 19:08:57,21923
10/18/2021 19:09:09,20964.74
10/18/2021 19:09:23,20964.74
10/18/2021 19:09:26,20855
10/18/2021 19:09:27,20967.33
10/18/2021 19:09:30,20923.11
10/18/2021 19:09:33,20928.71
10/18/2021 19:09:35,21004.85
10/18/2021 19:09:36,21023.79
10/18/2021 19:10:08,20792.64
10/18/2021 19:10:30,20670.46
10/18/2021 19:10:36,20584.54
10/18/2021 19:10:38,20641.53
10/18/2021 19:10:40,20599.68
10/18/2021 19:10:51,20695.34
10/18/2021 19:10:55,20623
10/18/2021 19:10:59,20059
10/18/2021 19:11:12,20686.72
10/18/2021 19:11:22,20726.75
10/18/2021 19:11:23,20746.34
10/18/2021 19:11:24,20767.41
10/18/2021 19:11:38,20780.4
10/18/2021 19:11:39,20717.85
10/18/2021 19:11:44,20635.46
10/18/2021 19:11:52,20575.71
10/18/2021 19:11:55,20498.02
10/18/2021 19:12:01,20592.03
10/18/2021 19:12:23,20591.78
10/18/2021 19:12:26,20576
10/18/2021 19:12:28,20662.67
10/18/2021 19:12:32,20680.01
10/18/2021 19:12:34,20648.22
10/18/2021 19:12:39,20590.94
10/18/2021 19:12:44,20639.82
10/18/2021 19:12:50,20546.72
10/18/2021 19:12:52,20670.34
10/18/2021 19:12:54,20697
10/18/2021 19:12:55,20562.53
10/18/2021 19:12:56,20691.73
10/18/2021 19:13:20,20614.85
10/18/2021 19:13:22,20606.97
10/18/2021 19:13:28,20588.52
10/18/2021 19:13:32,20538.54
10/18/2021 19:13:42,20516.1
10/18/2021 19:14:01,20454.66
10/18/2021 19:14:10,20396.05
10/18/2021 19:14:17,20446.05
10/18/2021 19:14:42,20534
10/18/2021 19:14:51,20431.08
10/18/2021 19:14:52,20486.79
10/18/2021 19:14:54,20554.31
10/18/2021 19:14:58,20469.53
10/18/2021 19:14:59,20518.5
10/18/2021 19:15:20,20552.79
10/18/2021 19:15:23,20445.6
10/18/2021 19:15:24,20432.94
10/18/2021 19:15:26,20441
10/18/2021 19:15:36,20173
10/18/2021 19:15:45,20454.94
10/18/2021 19:15:52,20543.23
10/18/2021 19:15:59,20438.95
10/18/2021 19:16:04,20402.94
10/18/2021 19:16:08,20440.82
10/18/2021 19:16:09,20450.26
10/18/2021 19:16:10,20496.27
10/18/2021 19:16:12,20505.01
10/18/2021 19:16:22,20506.7
10/18/2021 19:16:25,20401.5
10/18/2021 19:16:29,20615
10/18/2021 19:16:31,20545.8
10/18/2021 19:16:33,20484.24
10/18/2021 19:16:48,20411
10/18/2021 19:16:51,20516.61
10/18/2021 19:17:06,20133.5
10/18/2021 19:17:11,20549.98
10/18/2021 19:17:13,20585.34
10/18/2021 19:17:14,20552.73
10/18/2021 19:17:18,20476.33
10/18/2021 19:17:19,20428.52
10/18/2021 19:17:20,20498.07
10/18/2021 19:17:27,20552.04
10/18/2021 19:17:29,20501
10/18/2021 19:17:42,20515.67
10/18/2021 19:18:00,20473.52
10/18/2021 19:18:09,20417.7
10/18/2021 19:18:11,20416.34
10/18/2021 19:18:13,20580.57
10/18/2021 19:18:16,20643.64
10/18/2021 19:18:21,20432.08
10/18/2021 19:18:26,20426.9
10/18/2021 19:18:33,20455.87
10/18/2021 19:18:37,20488.79
10/18/2021 19:18:40,20456.51
10/18/2021 19:18:41,20468.84
10/18/2021 19:18:45,20314
10/18/2021 19:18:48,20484.48
10/18/2021 19:18:50,20617.72
10/18/2021 19:18:52,20595.68
10/18/2021 19:18:53,20546.87
10/18/2021 19:18:55,20461.35
10/18/2021 19:19:00,20545.72
10/18/2021 19:19:13,20425.79
10/18/2021 19:19:16,20412.22
10/18/2021 19:19:17,20185
10/18/2021 19:19:19,20540.59
10/18/2021 19:19:28,20413.48
10/18/2021 19:19:31,20133
10/18/2021 19:19:37,20411.39
10/18/2021 19:19:39,20494.29
10/18/2021 19:19:52,20471.69
10/18/2021 19:19:54,20509.95
10/18/2021 19:19:55,20532.81
10/18/2021 19:19:58,20443.51
10/18/2021 19:20:00,20479.06
10/18/2021 19:20:01,20509.9
10/18/2021 19:20:06,20436.75
10/18/2021 19:20:12,20461
10/18/2021 19:20:13,20506.87
10/18/2021 19:20:21,20454.03
10/18/2021 19:20:23,20509.68
10/18/2021 19:20:34,20465.7
10/18/2021 19:20:39,20417
10/18/2021 19:20:53,20563.87
10/18/2021 19:20:57,20119
10/18/2021 19:21:06,20471.06
10/18/2021 19:21:12,20410.68
10/18/2021 19:21:15,20375
10/18/2021 19:21:16,20000
10/18/2021 19:21:18,20400.27
10/18/2021 19:21:19,20374.42
10/18/2021 19:21:22,20388.63
10/18/2021 19:21:25,20462.02
10/18/2021 19:21:30,20310.48
10/18/2021 19:21:34,20393.53
10/18/2021 19:21:39,20426.67
10/18/2021 19:21:45,20474.83
10/18/2021 19:21:46,20477.86
10/18/2021 19:22:08,20475.53
10/18/2021 19:22:09,20471
10/18/2021 19:22:22,20477.97
10/18/2021 19:22:41,20449.76
10/18/2021 19:22:42,20403.76
10/18/2021 19:22:48,20432.02
10/18/2021 19:22:52,20450.64
10/18/2021 19:23:02,20452.66
10/18/2021 19:23:08,20505.67
10/18/2021 19:23:12,20456.04
10/18/2021 19:23:27,20463.97
10/18/2021 19:23:29,20423.3
10/18/2021 19:23:38,20320.93
10/18/2021 19:23:45,20420.94
10/18/2021 19:23:46,20400.95
10/18/2021 19:23:56,20391.6
10/18/2021 19:24:13,20390
10/18/2021 19:24:14,20326.73
10/18/2021 19:24:16,20310.6
10/18/2021 19:24:17,20289.55
10/18/2021 19:24:22,20371.76
10/18/2021 19:24:23,20418.64
10/18/2021 19:24:24,20496.33
10/18/2021 19:24:28,20401.67
10/18/2021 19:24:34,20415
10/18/2021 19:24:35,20363
10/18/2021 19:24:41,20384.22
10/18/2021 19:24:53,20508.99
10/18/2021 19:24:56,20499.97
10/18/2021 19:25:01,20392.05
10/18/2021 19:25:06,20311.79
10/18/2021 19:25:07,20364.04
10/18/2021 19:25:08,20424.9
10/18/2021 19:25:09,20324.9
10/18/2021 19:25:10,20383.09
10/18/2021 19:25:15,20472.56
10/18/2021 19:25:16,20494.78
10/18/2021 19:25:17,20489.91
10/18/2021 19:25:19,20435.47
10/18/2021 19:25:21,20309.83
10/18/2021 19:25:24,20235.87
10/18/2021 19:25:25,20220.97
10/18/2021 19:25:29,20193.63
10/18/2021 19:25:30,20123.23
10/18/2021 19:25:33,20327
10/18/2021 19:25:35,20362.51
10/18/2021 19:25:37,20473.75
10/18/2021 19:25:38,20442.61
10/18/2021 19:25:44,20414.96
10/18/2021 19:25:45,20444.03
10/18/2021 19:25:47,20429.05
10/18/2021 19:25:49,20473.93
10/18/2021 19:25:53,20413.6
10/18/2021 19:25:55,20396.59
10/18/2021 19:25:56,20578
10/18/2021 19:25:58,20605.99
10/18/2021 19:26:00,20599.52
10/18/2021 19:26:08,20380.25
10/18/2021 19:26:09,20431.25
10/18/2021 19:26:10,20461
10/18/2021 19:26:11,20416
10/18/2021 19:26:24,20389.1
10/18/2021 19:26:25,20309.45
10/18/2021 19:26:26,20332.87
10/18/2021 19:26:31,20288.33
10/18/2021 19:26:36,20327.79
10/18/2021 19:26:38,20331
10/18/2021 19:26:39,20310.98
10/18/2021 19:26:40,20292.66
10/18/2021 19:26:42,20308.95
10/18/2021 19:26:45,20382.82
10/18/2021 19:26:52,20344.29
10/18/2021 19:26:54,20277.94
10/18/2021 19:27:03,20318.83
10/18/2021 19:27:07,20400.88
10/18/2021 19:27:08,20337
10/18/2021 19:27:11,20258.18
10/18/2021 19:27:13,20234
10/18/2021 19:27:16,20419.44
10/18/2021 19:27:17,20379.9
10/18/2021 19:27:18,20373.53
10/18/2021 19:27:21,20370.52
10/18/2021 19:27:23,20277.99
10/18/2021 19:27:25,20333.31
10/18/2021 19:27:29,20290.53
10/18/2021 19:27:32,20360.34
10/18/2021 19:27:34,20431.8
10/18/2021 19:27:36,20416.24
10/18/2021 19:27:37,20409.33
10/18/2021 19:27:38,20308.72
10/18/2021 19:27:41,20316.42
10/18/2021 19:27:44,20303.88
10/18/2021 19:27:45,17703.45
10/18/2021 19:27:48,1706.36
10/18/2021 19:27:50,0
10/18/2021 19:27:51,0
10/18/2021 19:27:52,0
10/18/2021 19:27:53,0
10/18/2021 19:27:54,0
10/18/2021 19:27:55,0
10/18/2021 19:27:56,0
10/18/2021 19:27:57,0
10/18/2021 19:27:58,0
10/18/2021 19:27:59,0
10/18/2021 19:28:00,0
10/18/2021 19:28:01,0
10/18/2021 19:28:02,0
10/18/2021 19:28:03,0
10/18/2021 19:28:04,0
10/18/2021 19:28:05,0
10/18/2021 19:28:06,0
10/18/2021 19:28:07,0
10/18/2021 19:28:08,0
10/18/2021 19:28:09,0
10/18/2021 19:28:10,0
10/18/2021 19:28:11,0
10/18/2021 19:28:12,0
10/18/2021 19:28:13,0
10/18/2021 19:28:14,0
10/18/2021 19:28:15,0
10/18/2021 19:28:17,0
10/18/2021 19:28:18,0
10/18/2021 19:28:19,0
10/18/2021 19:28:20,0
10/18/2021 19:28:21,0
10/18/2021 19:28:22,0
10/18/2021 19:28:23,0
10/18/2021 19:28:24,0
10/18/2021 19:28:25,0
10/18/2021 19:28:26,0
10/18/2021 19:28:27,0
10/18/2021 19:28:28,0
10/18/2021 19:28:29,0
10/18/2021 19:28:30,0
10/18/2021 19:28:31,0
10/18/2021 19:28:32,0
10/18/2021 19:28:33,0
10/18/2021 19:28:34,0
10/18/2021 19:28:35,0
10/18/2021 19:28:36,0
10/18/2021 19:28:37,0
10/18/2021 19:28:38,0
10/18/2021 19:28:39,0
10/18/2021 19:28:40,0
10/18/2021 19:28:41,0
10/18/2021 19:28:42,0
10/18/2021 19:28:43,0
10/18/2021 19:28:44,0
10/18/2021 19:28:45,0
10/18/2021 19:28:46,0
10/18/2021 19:28:47,0
10/18/2021 19:28:48,0
10/18/2021 19:28:49,0
10/18/2021 19:28:50,0
10/18/2021 19:28:51,0
10/18/2021 19:28:52,0
10/18/2021 19:28:53,0
10/18/2021 19:28:54,0
10/18/2021 19:28:55,0
10/18/2021 19:28:56,0
10/18/2021 19:28:57,0
10/18/2021 19:28:58,0
10/18/2021 19:28:59,0
10/18/2021 19:29:00,0
10/18/2021 19:29:01,0
10/18/2021 19:29:02,0
10/18/2021 19:29:03,0
10/18/2021 19:29:04,0
10/18/2021 19:29:05,0
