,level_0,index,PerformerExperimentID,FacilityID,EquipmentUnitID,DateOfSurvey,Operator_Timestamp,StartTime,EndTime,SurveyTime,Gas,PlumeLength (hyperspectral technologies only),FacilityEmissionRate,FacilityEmissionRateUpper,FacilityEmissionRateLower,UncertaintyType,WindSpeed,WindDirection,TransitDirection,QC filter,NumberOfEmissionSourcesReported,Stanford_timestamp,Round 3 test set,WindType,OperatorSet,UnblindingStage,Notes,Satellite,Team,UncertaintyTypeManual,cr_quad_scfh,PipeSize_inch,MeterCode,cr_allmeters_scfh,Flag_field_recorded,cr_Coriolis_gps,cr_scfh_mean30,cr_scfh_mean60,cr_scfh_mean90,cr_scfh_mean300,cr_scfh_mean600,cr_scfh_mean900,TestLocation,Wind_MPS_mean30,Wind_MPS_mean60,Wind_MPS_mean90,Wind_MPS_mean300,Wind_MPS_mean600,Wind_MPS_mean900,Wind_dir_mean30,Wind_dir_mean60,Wind_dir_mean90,Wind_dir_mean300,Wind_dir_mean600,Wind_dir_mean900,cr_start,cr_end,cr_idx,PlumeLength_m,PlumeEstablished,PlumeDevelopTime,PlumeSteady,tc_Classification,Detection,cr_kgh_CH4_mean30,cr_kgh_CH4_lower30,cr_kgh_CH4_upper30,cr_kgh_CH4_mean60,cr_kgh_CH4_lower60,cr_kgh_CH4_upper60,cr_kgh_CH4_mean90,cr_kgh_CH4_lower90,cr_kgh_CH4_upper90,cr_kgh_CH4_mean300,cr_kgh_CH4_lower300,cr_kgh_CH4_upper300,cr_kgh_CH4_mean600,cr_kgh_CH4_lower600,cr_kgh_CH4_upper600,cr_kgh_CH4_mean900,cr_kgh_CH4_lower900,cr_kgh_CH4_upper900
0,1672,,1,1.0,1.0,,2021-10-16 17:26:40+00:00,,,,Methane,,1382,1920.98,843.02,39%,3.72,,,,,2021-10-16 17:26:40+00:00,,,GHGSat C2/GHGSat,1,,GHGSat C2,GHGSat,+/- 1 sigma,90419.82,8.0,218645.0,90419.82,True,,90591.93600000009,90977.23700000012,90404.87644444474,92336.07886666693,92646.23761666648,89141.35174444423,AZ,4.885999999999996,4.877499999999997,4.998444444444443,4.329133333333339,4.668199999999999,4.668199999999999,22.3,27.916666666666668,29.877777777777776,30.71,31.15,32.54222222222222,2021-10-16 17:10:03+00:00,0.0,2001.0,4474.545,True,16.616666666666667,True,TP,1.0,1632.992271241872,1531.4516099467626,1732.4209747297111,1638.3883785006922,1542.901863831033,1744.6326279178202,1630.1327048089338,1531.5052008567595,1730.0970974900558,1669.2268585336146,1558.8770974143906,1765.4933358668861,1686.6293238840024,1540.3826571237605,1849.368132856443,1674.7679434062727,1464.645706269704,1884.3503890710613
1,1720,,1,1.0,1.0,,2021-10-16 17:26:40+00:00,,,,Methane,,1534,1886,1181,23%,4.27,,,,,2021-10-16 17:26:40+00:00,,,GHGSat C2/GHGSat,2,,GHGSat C2,GHGSat,+/- 1 sigma,90419.82,8.0,218645.0,90419.82,True,,90591.93600000009,90977.23700000012,90404.87644444474,92336.07886666693,92646.23761666648,89141.35174444423,AZ,4.885999999999996,4.877499999999997,4.998444444444443,4.329133333333339,4.668199999999999,4.668199999999999,22.3,27.916666666666668,29.877777777777776,30.71,31.15,32.54222222222222,2021-10-16 17:10:03+00:00,0.0,2001.0,4474.545,True,16.616666666666667,True,TP,1.0,1633.8525181754,1533.1775286764835,1732.7902388372656,1639.1387367961522,1539.4313140139484,1746.4920329704487,1632.6953549566513,1537.4033485113896,1736.267508888281,1668.1766513561515,1563.6868173914363,1781.716843852038,1692.7707170730996,1539.9451821492873,1832.6717167396932,1666.1768624578062,1462.4289275383853,1856.9070803988761
2,1673,,2,1.0,1.0,,2021-10-24 17:35:19+00:00,,,,Methane,,3848,5772,1924,50%,2.01,,,,,2021-10-24 17:35:19+00:00,,,GHGSat C2/GHGSat,1,,GHGSat C2,GHGSat,+/- 1 sigma,235496.0,8.0,218645.0,235496.0,False,,234784.99999999974,234745.28333333356,234765.10000000012,234940.85666667004,234874.51166666354,233651.3199999976,AZ,1.7133333333333394,2.0116666666666685,2.2472222222222404,2.6410999999999962,2.8069999999999897,2.8069999999999897,255.66666666666666,264.1333333333333,268.2,277.87,278.985,287.3433333333333,2021-10-24 17:19:20+00:00,0.0,2008.0,2621.325,True,15.983333333333336,True,TP,1.0,4235.454903521914,4005.9345371126806,4475.644544571304,4228.934850044624,4009.262411244632,4479.06222053979,4231.255282123674,4009.1870981024013,4467.711299242104,4232.382515734834,4001.0737291484415,4494.229511879217,4231.513791169024,4003.6818664932007,4438.780973211086,4213.102619156797,3997.794921445776,4470.170816479901
3,1721,,2,1.0,1.0,,2021-10-24 17:35:19+00:00,,,,Methane,,4408,5378,3438,22%,2.49,,,,,2021-10-24 17:35:19+00:00,,,GHGSat C2/GHGSat,2,,GHGSat C2,GHGSat,+/- 1 sigma,235496.0,8.0,218645.0,235496.0,False,,234784.99999999974,234745.28333333356,234765.10000000012,234940.85666667004,234874.51166666354,233651.3199999976,AZ,1.7133333333333394,2.0116666666666685,2.2472222222222404,2.6410999999999962,2.8069999999999897,2.8069999999999897,255.66666666666666,264.1333333333333,268.2,277.87,278.985,287.3433333333333,2021-10-24 17:19:20+00:00,0.0,2008.0,2621.325,True,15.983333333333336,True,TP,1.0,4237.367323168193,4009.703575173975,4471.097191022612,4231.598313384375,4008.557752192099,4487.621092580983,4223.916528374216,3997.0105582361175,4479.818559370751,4231.5222554309075,3982.2095026949905,4473.740133956146,4232.917188367872,4006.565201261165,4479.73539016498,4208.203731967858,3962.0737679959843,4419.639305369887
4,1674,,3,1.0,1.0,,2021-10-25 17:24:37+00:00,,,,Methane,,223,305.51,140.49,37%,5.06,,,,,2021-10-25 17:24:37+00:00,,,GHGSat C2/GHGSat,1,,GHGSat C2,GHGSat,+/- 1 sigma,10878.2,2.0,218645.0,10878.2,False,,10928.989999999676,10939.613333333631,10940.062222222332,10957.806333336433,11027.274333329926,8191.102488886652,AZ,5.6416666666666675,5.3594999999999935,5.311111111111104,4.816333333333324,4.817050000000005,4.817050000000005,202.86666666666667,201.11666666666667,199.92222222222222,203.37,212.08666666666667,213.37444444444444,2021-10-25 17:13:41+00:00,0.0,2010.0,3190.58,True,10.933333333333334,True,TP,1.0,197.1861851696743,186.18078552978858,208.4478697436412,197.07548168938922,186.79823724295608,208.32520725217427,197.28225888960807,187.0034542638704,209.08576474626832,197.31426163469675,186.76734041867303,209.4597159284429,198.70016153385663,187.99044134491982,210.01617648527147,147.30627346682908,139.58662264764595,156.44131133377766
5,1722,,3,1.0,1.0,,2021-10-25 17:24:37+00:00,,,,Methane,,253,317,189,25%,5.93,,,,,2021-10-25 17:24:37+00:00,,,GHGSat C2/GHGSat,2,,GHGSat C2,GHGSat,+/- 1 sigma,10878.2,2.0,218645.0,10878.2,False,,10928.989999999676,10939.613333333631,10940.062222222332,10957.806333336433,11027.274333329926,8191.102488886652,AZ,5.6416666666666675,5.3594999999999935,5.311111111111104,4.816333333333324,4.817050000000005,4.817050000000005,202.86666666666667,201.11666666666667,199.92222222222222,203.37,212.08666666666667,213.37444444444444,2021-10-25 17:13:41+00:00,0.0,2010.0,3190.58,True,10.933333333333334,True,TP,1.0,197.2792208195041,186.1009287757063,208.38862809807944,197.2852888743755,186.8090360820668,209.24815713782377,196.85854598335922,185.19712685067518,208.93502154444488,197.26496822013678,186.34721195930933,207.76378404016992,198.9377252454674,187.7366767071972,210.30236969436083,147.54850867767638,139.02269518085183,155.576965695112
6,1675,,4,1.0,1.0,,2021-10-16 18:36:26+00:00,,,,Methane,445,2494,,,966,4.144341036,194.6463,,,,2021-10-16 18:36:26+00:00,,,PRISMA/UPV,1,,PRISMA,UPV,UT 1 sigma,129412.8,8.0,218645.0,129412.8,True,,129561.17000000029,130340.99833333351,127318.71066666699,130047.82086666867,131662.461933333,134751.22206666676,AZ,8.34799999999999,7.837500000000002,7.83988888888892,7.064633333333324,6.918116666666666,6.918116666666666,19.366666666666667,22.716666666666665,23.18888888888889,27.84,47.346666666666664,40.79555555555555,2021-10-16 18:11:14+00:00,0.0,2002.0,9804.84,True,25.2,True,TP,1.0,2335.6906924471145,2198.147176375132,2473.024783498956,2344.265333430522,2197.669890103222,2488.704737058232,2296.346960395211,2169.488311639363,2437.4347939479567,2349.111264480317,2208.2367337774467,2506.3030161587712,2404.4179088148403,2213.909564385642,2601.7128860222574,2519.3274703634393,2243.690615755411,2815.0103598902833
7,1698,,27,1.0,1.0,,2021-10-16 18:36:26+00:00,,,,Methane,703,2297,3149,1445,1-sigma confidence interval,3.8,359,191,,,2021-10-16 18:36:26+00:00,,,PRISMA/Kayrros,1,,PRISMA,Kayrros,+/- 1 sigma,129412.8,8.0,218645.0,129412.8,True,,129561.17000000029,130340.99833333351,127318.71066666699,130047.82086666867,131662.461933333,134751.22206666676,AZ,8.34799999999999,7.837500000000002,7.83988888888892,7.064633333333324,6.918116666666666,6.918116666666666,19.366666666666667,22.716666666666665,23.18888888888889,27.84,47.346666666666664,40.79555555555555,2021-10-16 18:11:14+00:00,0.0,2002.0,9804.84,True,25.2,True,TP,1.0,2336.1198699749702,2198.1906904682996,2471.3887905346555,2348.9783079759527,2221.4891025113266,2477.325299304402,2295.2879532635147,2157.9307212596577,2437.7569444869705,2349.5568566055967,2211.2509917544558,2492.4436817201467,2403.78354223383,2206.770423573267,2616.935466988033,2522.3805471222254,2253.922680972011,2817.4351472692933
8,1723,,4,1.0,1.0,,2021-10-16 18:36:26+00:00,,,,Methane,445,3778,,,1614,6.943938356,,,,,2021-10-16 18:36:26+00:00,,,PRISMA/UPV,2,,PRISMA,UPV,UT 1 sigma,129412.8,8.0,218645.0,129412.8,True,,129561.17000000029,130340.99833333351,127318.71066666699,130047.82086666867,131662.461933333,134751.22206666676,AZ,8.34799999999999,7.837500000000002,7.83988888888892,7.064633333333324,6.918116666666666,6.918116666666666,19.366666666666667,22.716666666666665,23.18888888888889,27.84,47.346666666666664,40.79555555555555,2021-10-16 18:11:14+00:00,0.0,2002.0,9804.84,True,25.2,True,TP,1.0,2336.823944696164,2202.5109431473284,2474.4580478955095,2342.977414343033,2216.1703776399236,2488.2954247361035,2292.3813477849726,2168.442833281684,2440.7946457152066,2357.766512935934,2206.977343937412,2491.7601690143533,2415.202164594342,2217.24945864703,2608.153138488802,2520.8604453856897,2210.1906173907137,2802.638693430701
9,1746,,27,1.0,1.0,,2021-10-16 18:36:26+00:00,,,,Methane,703,3379,4328,2430,1-sigma confidence interval,6.18,15.1,191.0,,,2021-10-16 18:36:26+00:00,,,PRISMA/Kayrros,2,,PRISMA,Kayrros,+/- 1 sigma,129412.8,8.0,218645.0,129412.8,True,,129561.17000000029,130340.99833333351,127318.71066666699,130047.82086666867,131662.461933333,134751.22206666676,AZ,8.34799999999999,7.837500000000002,7.83988888888892,7.064633333333324,6.918116666666666,6.918116666666666,19.366666666666667,22.716666666666665,23.18888888888889,27.84,47.346666666666664,40.79555555555555,2021-10-16 18:11:14+00:00,0.0,2002.0,9804.84,True,25.2,True,TP,1.0,2337.101428069103,2202.490689083399,2474.300196038873,2347.4583795671697,2213.650404160362,2478.300976327934,2296.3153779417976,2175.8953248968255,2427.594176917894,2350.6813469961035,2215.5963973055304,2502.2120930416795,2404.286134756058,2198.026665460379,2606.7554271010868,2520.320704753547,2221.453313546007,2823.1587115844327
10,1676,,5,1.0,1.0,,2021-10-21 18:23:12+00:00,,,,Methane,1004.9,4985,,,1691,2.736019525,169.1555,,,,2021-10-21 18:23:12+00:00,,,PRISMA/UPV,1,,PRISMA,UPV,UT 1 sigma,248685.0,8.0,218645.0,248685.0,False,,249130.8666666673,249464.31666666604,250304.6333333328,248276.68666666705,239922.84333333347,237138.22888888817,AZ,3.081333333333346,3.663999999999969,3.743777777777775,4.048066666666671,3.9371333333333305,3.9371333333333305,35.333333333333336,38.86666666666667,41.91111111111111,34.9,36.96,38.57555555555555,2021-10-21 17:55:38+00:00,0.0,2005.0,6527.635,True,27.566666666666666,True,TP,1.0,4494.42748269633,4250.408059098794,4741.5150688464255,4489.708361287342,4245.419439479963,4758.091692946134,4511.004023422665,4278.476241392653,4783.202767242015,4477.17883283066,4241.841684726038,4737.286605351579,4313.436999783021,4080.640705037291,4572.065395665819,4275.405662552488,4044.8061354358656,4515.897006368001
11,1699,,28,1.0,1.0,,2021-10-21 18:23:12+00:00,,,,Methane,1228,3561,4401,2721,1-sigma confidence interval,2.2,6,191,,,2021-10-21 18:23:12+00:00,,,PRISMA/Kayrros,1,,PRISMA,Kayrros,+/- 1 sigma,248685.0,8.0,218645.0,248685.0,False,,249130.8666666673,249464.31666666604,250304.6333333328,248276.68666666705,239922.84333333347,237138.22888888817,AZ,3.081333333333346,3.663999999999969,3.743777777777775,4.048066666666671,3.9371333333333305,3.9371333333333305,35.333333333333336,38.86666666666667,41.91111111111111,34.9,36.96,38.57555555555555,2021-10-21 17:55:38+00:00,0.0,2005.0,6527.635,True,27.566666666666666,True,TP,1.0,4494.899607646946,4246.3842473197865,4746.82086596112,4490.50135898627,4253.742364351002,4728.701252599487,4506.683850777922,4273.628149021878,4724.707932137158,4465.015208062891,4224.262447963869,4702.697435252654,4317.115429108756,4078.439262595877,4567.954531223286,4260.21696108716,4048.388481234782,4502.399658455395
12,1724,,5,1.0,1.0,,2021-10-21 18:23:12+00:00,,,,Methane,1004.9,6469,,,2434,3.935766667,,,,,2021-10-21 18:23:12+00:00,,,PRISMA/UPV,2,,PRISMA,UPV,UT 1 sigma,248685.0,8.0,218645.0,248685.0,False,,249130.8666666673,249464.31666666604,250304.6333333328,248276.68666666705,239922.84333333347,237138.22888888817,AZ,3.081333333333346,3.663999999999969,3.743777777777775,4.048066666666671,3.9371333333333305,3.9371333333333305,35.333333333333336,38.86666666666667,41.91111111111111,34.9,36.96,38.57555555555555,2021-10-21 17:55:38+00:00,0.0,2005.0,6527.635,True,27.566666666666666,True,TP,1.0,4494.015493558055,4251.083173575764,4738.0637493448185,4494.344934277905,4269.701833405624,4730.415429148008,4512.72511141361,4273.9556724714275,4781.336718405808,4461.361104142991,4226.108025074154,4721.962977597233,4319.69989963331,4085.900888445317,4563.348666494909,4276.0638643358625,4045.087617961395,4535.731140016645
13,1747,,28,1.0,1.0,,2021-10-21 18:23:12+00:00,,,,Methane,1228,4781,5727,3835,1-sigma confidence interval,3.89,42.9,191.0,,,2021-10-21 18:23:12+00:00,,,PRISMA/Kayrros,2,,PRISMA,Kayrros,+/- 1 sigma,248685.0,8.0,218645.0,248685.0,False,,249130.8666666673,249464.31666666604,250304.6333333328,248276.68666666705,239922.84333333347,237138.22888888817,AZ,3.081333333333346,3.663999999999969,3.743777777777775,4.048066666666671,3.9371333333333305,3.9371333333333305,35.333333333333336,38.86666666666667,41.91111111111111,34.9,36.96,38.57555555555555,2021-10-21 17:55:38+00:00,0.0,2005.0,6527.635,True,27.566666666666666,True,TP,1.0,4497.1811816579275,4250.623228179532,4749.832472788282,4497.736994485818,4265.00402532745,4770.416304034656,4507.667474624424,4264.7257653791075,4757.303568399476,4475.066840810994,4243.665910675621,4742.854876815372,4319.641264126247,4081.530960994146,4580.101681946399,4271.649028637206,4036.9933621018654,4531.861498682663
14,1677,,6,1.0,1.0,,2021-10-27 18:26:30+00:00,,,,Methane,1020.9,7226,,,2890,5.155525006,183.9472,,,,2021-10-27 18:26:30+00:00,,,PRISMA/UPV,1,,PRISMA,UPV,UT 1 sigma,188145.0,8.0,218645.0,188145.0,False,,187899.5999999997,188305.3000000003,188790.54444444456,190816.70666666978,192626.13333333013,182011.75111110907,AZ,3.937333333333333,4.453833333333335,4.421111111111116,4.0885333333333485,3.746483333333321,3.746483333333321,59.9,64.06666666666666,63.93333333333333,51.00666666666667,45.85333333333333,52.35333333333333,2021-10-27 18:13:45+00:00,0.0,2011.0,2812.0099999999998,True,12.75,True,TP,1.0,3391.8442511223934,3201.273569446778,3578.4016033338216,3392.0417900084212,3211.490993502312,3580.903042210359,3402.032972814724,3233.418858834799,3599.5846783437946,3430.822441040751,3239.8404111484656,3614.4820915099117,3463.4106495632795,3270.446754325255,3663.011333237345,3284.1013887526556,3098.581360883657,3468.3727122142136
15,1700,,29,1.0,1.0,,2021-10-27 18:26:30+00:00,,,,Methane,422,5479,6821,4137,1-sigma confidence interval,3.8,350,191,,,2021-10-27 18:26:30+00:00,,,PRISMA/Kayrros,1,,PRISMA,Kayrros,+/- 1 sigma,188145.0,8.0,218645.0,188145.0,False,,187899.5999999997,188305.3000000003,188790.54444444456,190816.70666666978,192626.13333333013,182011.75111110907,AZ,3.937333333333333,4.453833333333335,4.421111111111116,4.0885333333333485,3.746483333333321,3.746483333333321,59.9,64.06666666666666,63.93333333333333,51.00666666666667,45.85333333333333,52.35333333333333,2021-10-27 18:13:45+00:00,0.0,2011.0,2812.0099999999998,True,12.75,True,TP,1.0,3390.224002387872,3198.3011665849986,3583.149322241771,3394.8062118230537,3200.1300644128232,3591.0708135277555,3392.4895662855265,3202.3987649000237,3582.556862540876,3445.2559467953156,3228.1557478801033,3639.356899527318,3468.8666296319775,3287.8102668527117,3675.547073593202,3273.689179318498,3088.9284185750084,3460.0381869838593
16,1725,,6,1.0,1.0,,2021-10-27 18:26:30+00:00,,,,Methane,1020.9,5645,,,2098,3.744716667,,,,,2021-10-27 18:26:30+00:00,,,PRISMA/UPV,2,,PRISMA,UPV,UT 1 sigma,188145.0,8.0,218645.0,188145.0,False,,187899.5999999997,188305.3000000003,188790.54444444456,190816.70666666978,192626.13333333013,182011.75111110907,AZ,3.937333333333333,4.453833333333335,4.421111111111116,4.0885333333333485,3.746483333333321,3.746483333333321,59.9,64.06666666666666,63.93333333333333,51.00666666666667,45.85333333333333,52.35333333333333,2021-10-27 18:13:45+00:00,0.0,2011.0,2812.0099999999998,True,12.75,True,TP,1.0,3389.842583575803,3200.2029715156295,3581.655922628116,3384.5824871473674,3188.5764840661445,3584.938419533186,3399.716388740134,3192.2113614463124,3587.092326355956,3436.0031299495276,3236.326054844504,3624.4802280247923,3471.321273700104,3281.196650600261,3653.892487083762,3277.6345373199133,3112.9641388688033,3459.737866042101
17,1748,,29,1.0,1.0,,2021-10-27 18:26:30+00:00,,,,Methane,422,5051,6454,3648,1-sigma confidence interval,3.36,46.7,191.0,,,2021-10-27 18:26:30+00:00,,,PRISMA/Kayrros,2,,PRISMA,Kayrros,+/- 1 sigma,188145.0,8.0,218645.0,188145.0,False,,187899.5999999997,188305.3000000003,188790.54444444456,190816.70666666978,192626.13333333013,182011.75111110907,AZ,3.937333333333333,4.453833333333335,4.421111111111116,4.0885333333333485,3.746483333333321,3.746483333333321,59.9,64.06666666666666,63.93333333333333,51.00666666666667,45.85333333333333,52.35333333333333,2021-10-27 18:13:45+00:00,0.0,2011.0,2812.0099999999998,True,12.75,True,TP,1.0,3390.694492497865,3198.0214177383027,3583.7056276809312,3386.6816755866994,3188.911928397106,3601.196792322083,3395.868032969217,3203.387798319817,3581.499342343355,3432.027262871112,3246.932420154548,3657.1036900808986,3464.9716839359644,3274.0286384548544,3661.908861468124,3276.5178094230178,3101.239123890692,3459.652342161262
18,1678,,7,1.0,1.0,,2021-10-19 18:24:58+00:00,,,,Methane,170.88,5468,,,1446,1.481,-96.7,,,,2021-10-19 18:24:58+00:00,,,Sentinel-2/UPV,1,,Sentinel-2,UPV,UT 1 sigma,409664.08,8.0,218645.0,409664.08,False,,409695.3840000004,408949.2794999996,408024.5067777771,398437.5124333338,382612.9313666663,377712.3534999988,AZ,2.431666666666671,1.8085000000000109,1.662999999999996,1.9673333333333332,2.3976666666666606,2.3976666666666606,42.43333333333333,47.516666666666666,101.4,73.77,51.25666666666667,69.87666666666667,2021-10-19 18:05:36+00:00,0.0,2004.0,2874.49,True,19.366666666666667,True,TP,1.0,7391.325876894255,6992.364091027409,7798.844666216127,7368.544157943923,6962.761205380931,7786.183680922426,7345.484950639175,6915.403470284669,7725.507934447035,7174.881844345491,6817.507386821393,7574.68427197295,6882.783993672321,6532.689651468418,7252.3528158604495,6795.128269531673,6436.74593154781,7172.158785925843
19,1689,,18,1.0,1.0,,2021-10-19 18:24:58+00:00,,,,Methane,319,6790,10408,4095,1-sigma confidence interval,2.9,338,189,,,2021-10-19 18:24:58+00:00,,,Sentinel-2/Kayrros,1,,Sentinel-2,Kayrros,+/- 1 sigma,409664.08,8.0,218645.0,409664.08,False,,409695.3840000004,408949.2794999996,408024.5067777771,398437.5124333338,382612.9313666663,377712.3534999988,AZ,2.431666666666671,1.8085000000000109,1.662999999999996,1.9673333333333332,2.3976666666666606,2.3976666666666606,42.43333333333333,47.516666666666666,101.4,73.77,51.25666666666667,69.87666666666667,2021-10-19 18:05:36+00:00,0.0,2004.0,2874.49,True,19.366666666666667,True,TP,1.0,7391.9105418036415,6988.869935119963,7797.191412969478,7356.51673899547,6965.365121926086,7769.147599259635,7335.361239475818,6942.396898850661,7805.45102881379,7168.46295983049,6766.965179791336,7602.543701356559,6897.954106048637,6530.097501707357,7300.786191499782,6812.117369518038,6481.709126550149,7160.108865410477
20,1703,,32,1.0,1.0,,2021-10-19 18:24:58+00:00,,,,Methane,188,4069,6322,1816,+/- 1 sigma,0.96373,4.321728,UnknownSentinel2Direction,,,2021-10-19 18:24:58+00:00,,,Sentinel-2/Harvard,1,,Sentinel-2,Harvard,+/- 1 sigma,409664.08,8.0,218645.0,409664.08,False,,409695.3840000004,408949.2794999996,408024.5067777771,398437.5124333338,382612.9313666663,377712.3534999988,AZ,2.431666666666671,1.8085000000000109,1.662999999999996,1.9673333333333332,2.3976666666666606,2.3976666666666606,42.43333333333333,47.516666666666666,101.4,73.77,51.25666666666667,69.87666666666667,2021-10-19 18:05:36+00:00,0.0,2004.0,2874.49,True,19.366666666666667,True,TP,1.0,7392.346676090041,6990.056615958957,7801.884449369084,7351.792909859398,6958.774619889824,7752.100996626599,7346.490359834343,6932.306880474733,7786.091750550766,7175.517092012658,6816.229932966223,7600.364105977369,6892.461235503577,6551.251038744757,7313.199399498778,6801.118626594761,6445.099942948593,7181.092203832949
21,1711,,40,,,,2021-10-19 18:24:58+00:00,,,,Methane,340,3760,1970,6260,Min/max,1.8  [0.8-2.9],175,,,,2021-10-19 18:24:58+00:00,,,Sentinel-2/SRON,1,,Sentinel-2,SRON,Min/max,409664.08,8.0,218645.0,409664.08,False,,409695.3840000004,408949.2794999996,408024.5067777771,398437.5124333338,382612.9313666663,377712.3534999988,AZ,2.431666666666671,1.8085000000000109,1.662999999999996,1.9673333333333332,2.3976666666666606,2.3976666666666606,42.43333333333333,47.516666666666666,101.4,73.77,51.25666666666667,69.87666666666667,2021-10-19 18:05:36+00:00,0.0,2004.0,2874.49,True,19.366666666666667,True,TP,1.0,7391.978205954085,6983.015915457673,7808.07952550609,7363.328746544286,7000.184494106645,7787.732025014983,7339.563871436465,6967.790657463549,7716.889824270533,7172.048404869063,6778.618710493451,7622.275732828979,6890.88408790211,6519.736952684652,7221.79422452811,6799.6910493302685,6406.472238753191,7236.4077998854455
22,1726,,7,1.0,1.0,,2021-10-19 18:24:58+00:00,,,,Methane,170.88,7234,18:24:58.763092Z,276.5,2331,2.4,,,,,2021-10-19 18:24:58+00:00,,,Sentinel-2/UPV,2,,Sentinel-2,UPV,UT 1 sigma,409664.08,8.0,218645.0,409664.08,False,,409695.3840000004,408949.2794999996,408024.5067777771,398437.5124333338,382612.9313666663,377712.3534999988,AZ,2.431666666666671,1.8085000000000109,1.662999999999996,1.9673333333333332,2.3976666666666606,2.3976666666666606,42.43333333333333,47.516666666666666,101.4,73.77,51.25666666666667,69.87666666666667,2021-10-19 18:05:36+00:00,0.0,2004.0,2874.49,True,19.366666666666667,True,TP,1.0,7396.646461306196,6992.992794217761,7813.207681747864,7369.106234775156,6979.17214049123,7800.909884549584,7345.284987258572,6935.843412200842,7730.14089047428,7185.854108203871,6805.491747806383,7564.427578450763,6890.887958728881,6503.445487129056,7247.516024107754,6799.5631363529765,6437.939874324942,7202.840460814841
23,1737,,18,1.0,1.0,,2021-10-19 18:24:58+00:00,,,,Methane,319,6098,7431,4765,1-sigma confidence interval,2.49,14.79,189.0,,,2021-10-19 18:24:58+00:00,,,Sentinel-2/Kayrros,2,,Sentinel-2,Kayrros,+/- 1 sigma,409664.08,8.0,218645.0,409664.08,False,,409695.3840000004,408949.2794999996,408024.5067777771,398437.5124333338,382612.9313666663,377712.3534999988,AZ,2.431666666666671,1.8085000000000109,1.662999999999996,1.9673333333333332,2.3976666666666606,2.3976666666666606,42.43333333333333,47.516666666666666,101.4,73.77,51.25666666666667,69.87666666666667,2021-10-19 18:05:36+00:00,0.0,2004.0,2874.49,True,19.366666666666667,True,TP,1.0,7393.2071371713355,6984.756655635411,7814.613497480861,7363.430935071754,6997.206379824101,7812.635332826558,7354.232920105143,6955.525478638028,7781.704202435225,7191.659284100624,6805.15364305271,7615.660527147493,6890.5464079716785,6505.311830125525,7242.924921038686,6798.041329342517,6431.381726371697,7174.350762417382
24,1751,,32,1.0,1.0,,2021-10-19 18:24:58+00:00,,,,Methane,,5684,7053,4315,+/- 1 sigma,1.545715,,,,,2021-10-19 18:24:58+00:00,,,Sentinel-2/Harvard,2,,Sentinel-2,Harvard,+/- 1 sigma,409664.08,8.0,218645.0,409664.08,False,,409695.3840000004,408949.2794999996,408024.5067777771,398437.5124333338,382612.9313666663,377712.3534999988,AZ,2.431666666666671,1.8085000000000109,1.662999999999996,1.9673333333333332,2.3976666666666606,2.3976666666666606,42.43333333333333,47.516666666666666,101.4,73.77,51.25666666666667,69.87666666666667,2021-10-19 18:05:36+00:00,0.0,2004.0,2874.49,True,19.366666666666667,True,TP,1.0,7394.944866079342,6991.336413848049,7809.368641021155,7369.145544571256,7000.8732644022675,7773.643499472102,7353.005298037436,6965.521006129626,7771.217560839987,7186.64782040066,6843.5375189260885,7601.642383664329,6895.116458137641,6531.541486522274,7270.387972163397,6788.2175879353235,6448.161101646265,7181.698243214778
25,1759,,40,,,,2021-10-19 18:24:58+00:00,,,,Methane,340,4680,3410,6000,Min/max,2.6 [1.7-3.4]  ,197,,,,2021-10-19 18:24:58+00:00,,,Sentinel-2/SRON,2,,Sentinel-2,SRON,Min/max,409664.08,8.0,218645.0,409664.08,False,,409695.3840000004,408949.2794999996,408024.5067777771,398437.5124333338,382612.9313666663,377712.3534999988,AZ,2.431666666666671,1.8085000000000109,1.662999999999996,1.9673333333333332,2.3976666666666606,2.3976666666666606,42.43333333333333,47.516666666666666,101.4,73.77,51.25666666666667,69.87666666666667,2021-10-19 18:05:36+00:00,0.0,2004.0,2874.49,True,19.366666666666667,True,TP,1.0,7391.592360560444,6991.238839795138,7795.33486358656,7384.601903666314,7021.547907768226,7809.837433448936,7329.489969128845,6956.138556949688,7735.9624479338145,7167.827493764386,6802.048737776235,7615.562516770833,6902.112410168724,6516.397414170684,7297.231906782887,6812.266312633892,6421.9371591851905,7193.842147234798
26,1679,,8,1.0,2.0,,2021-10-21 18:10:37+00:00,,,,Methane,278.21,3032,,,1012,2.606,-86.2,,,,2021-10-21 18:10:37+00:00,,,Landsat 8/UPV,1,,Landsat 8,UPV,UT 1 sigma,231569.0,8.0,218645.0,231569.0,True,,231569.00000000064,231568.9999999994,231568.99999999948,231569.0000000004,231569.00000000015,231568.99999999927,AZ,4.070666666666672,3.992333333333309,3.785333333333335,3.7921333333333327,3.9859833333333374,3.9859833333333374,51.96666666666667,48.766666666666666,46.111111111111114,38.903333333333336,43.72833333333333,46.894444444444446,2021-10-21 17:55:38+00:00,0.0,2005.0,3552.435,True,14.983333333333333,True,TP,1.0,4176.267460588501,3948.3365426448704,4410.716507853833,4166.141636108114,3947.6013114986954,4404.853729158607,4170.852537528063,3941.234183545,4415.156143826725,4183.676591568271,3947.740601074167,4423.369936724883,4234.169334264925,3866.1295078343974,4589.400234762991,4326.0553293305675,3850.5505037101484,4848.50282120642
27,1696,,25,1.0,1.0,,2021-10-21 18:10:37+00:00,,,,Methane,319,2171,4958,626,1-sigma confidence interval,2.2,6,189,,,2021-10-21 18:10:37+00:00,,,Landsat 8/Kayrros,1,,Landsat 8,Kayrros,+/- 1 sigma,231569.0,8.0,218645.0,231569.0,True,,231569.00000000064,231568.9999999994,231568.99999999948,231569.0000000004,231569.00000000015,231568.99999999927,AZ,4.070666666666672,3.992333333333309,3.785333333333335,3.7921333333333327,3.9859833333333374,3.9859833333333374,51.96666666666667,48.766666666666666,46.111111111111114,38.903333333333336,43.72833333333333,46.894444444444446,2021-10-21 17:55:38+00:00,0.0,2005.0,3552.435,True,14.983333333333333,True,TP,1.0,4176.251473299752,3948.947015990506,4414.8796139075575,4165.438516590167,3941.4979286144353,4396.360867357436,4174.931799359864,3961.5145084078868,4410.647323568432,4194.51503150345,3954.690796714787,4426.643746234211,4228.490724905258,3889.3723755679366,4547.65148197851,4338.499416015684,3884.1067387595936,4800.095573445968
28,1712,,41,,,,2021-10-21 18:10:37+00:00,,,,Methane,490,1810,1418,2110,Min/max,2.2 [1.7-2.4],186,,,,2021-10-21 18:10:37+00:00,,,Landsat 8/SRON,1,,Landsat 8,SRON,Min/max,231569.0,8.0,218645.0,231569.0,True,,231569.00000000064,231568.9999999994,231568.99999999948,231569.0000000004,231569.00000000015,231568.99999999927,AZ,4.070666666666672,3.992333333333309,3.785333333333335,3.7921333333333327,3.9859833333333374,3.9859833333333374,51.96666666666667,48.766666666666666,46.111111111111114,38.903333333333336,43.72833333333333,46.894444444444446,2021-10-21 17:55:38+00:00,0.0,2005.0,3552.435,True,14.983333333333333,True,TP,1.0,4176.47349284792,3945.3590307721224,4413.579577289552,4169.729434855569,3946.5330278578504,4405.7124549624605,4164.939298053604,3943.777645935551,4410.351133991939,4172.902644254672,3946.865615468722,4440.108690041008,4242.1578029062375,3899.8182981282903,4611.084540830096,4311.870648782222,3809.247897447018,4837.711912021205
29,1727,,8,1.0,2.0,,2021-10-21 18:10:37+00:00,,,,Methane,278.21,4085,18:10:37.5283260Z,178.88,1531,3.98,,,,,2021-10-21 18:10:37+00:00,,,Landsat 8/UPV,2,,Landsat 8,UPV,UT 1 sigma,231569.0,8.0,218645.0,231569.0,True,,231569.00000000064,231568.9999999994,231568.99999999948,231569.0000000004,231569.00000000015,231568.99999999927,AZ,4.070666666666672,3.992333333333309,3.785333333333335,3.7921333333333327,3.9859833333333374,3.9859833333333374,51.96666666666667,48.766666666666666,46.111111111111114,38.903333333333336,43.72833333333333,46.894444444444446,2021-10-21 17:55:38+00:00,0.0,2005.0,3552.435,True,14.983333333333333,True,TP,1.0,4175.7426423988845,3946.147079969418,4409.251030614315,4167.085696460873,3959.3005837701476,4417.452862682228,4173.534718309507,3949.275826617096,4426.683979837257,4178.313323870737,3949.462757436507,4424.200226409766,4230.454441945344,3890.153795731381,4551.206370922988,4329.286127021053,3807.1491153480483,4896.07176691562
30,1744,,25,1.0,1.0,,2021-10-21 18:10:37+00:00,,,,Methane,319,3234,3921,2547,1-sigma confidence interval,3.9,47.46,189.0,,,2021-10-21 18:10:37+00:00,,,Landsat 8/Kayrros,2,,Landsat 8,Kayrros,+/- 1 sigma,231569.0,8.0,218645.0,231569.0,True,,231569.00000000064,231568.9999999994,231568.99999999948,231569.0000000004,231569.00000000015,231568.99999999927,AZ,4.070666666666672,3.992333333333309,3.785333333333335,3.7921333333333327,3.9859833333333374,3.9859833333333374,51.96666666666667,48.766666666666666,46.111111111111114,38.903333333333336,43.72833333333333,46.894444444444446,2021-10-21 17:55:38+00:00,0.0,2005.0,3552.435,True,14.983333333333333,True,TP,1.0,4178.017406882719,3947.393676549263,4407.100096824906,4157.9761988758655,3945.6311862144225,4403.763179847379,4164.7570097956395,3953.320250847155,4408.194920523078,4182.44624049822,3946.2806209101846,4431.494625136082,4234.779392398966,3906.505923347292,4624.667800618187,4360.458672834285,3925.334408383301,4873.192982302622
31,1760,,41,,,,2021-10-21 18:10:37+00:00,,,,Methane,490,2780,2450,3170,Min/max,4.1 [3.9-4.4] ,221,,,,2021-10-21 18:10:37+00:00,,,Landsat 8/SRON,2,,Landsat 8,SRON,Min/max,231569.0,8.0,218645.0,231569.0,True,,231569.00000000064,231568.9999999994,231568.99999999948,231569.0000000004,231569.00000000015,231568.99999999927,AZ,4.070666666666672,3.992333333333309,3.785333333333335,3.7921333333333327,3.9859833333333374,3.9859833333333374,51.96666666666667,48.766666666666666,46.111111111111114,38.903333333333336,43.72833333333333,46.894444444444446,2021-10-21 17:55:38+00:00,0.0,2005.0,3552.435,True,14.983333333333333,True,TP,1.0,4174.213452475526,3945.310379375875,4409.926782577934,4172.052133582678,3962.4731633450065,4419.911424217664,4179.599413034508,3938.227764645879,4390.344584783512,4184.394783411952,3931.3372414438354,4435.011232289549,4236.519707037295,3902.697042227488,4573.069645654295,4330.667508778166,3855.302168577578,4854.219622183405
32,1680,,9,1.0,1.0,,2021-10-22 18:34:54+00:00,,,,Methane,164.92,3005,,,1011,2.371,8.6,,,,2021-10-22 18:34:54+00:00,,,Sentinel-2/UPV,1,,Sentinel-2,UPV,UT 1 sigma,92870.1,4.0,218645.0,92870.1,False,,92537.35666666731,92536.41499999938,92699.32777777732,93015.67433333375,93858.3521666671,94985.38955555535,AZ,2.0990000000000033,2.196500000000007,2.2753333333333297,2.342733333333328,2.081833333333345,2.081833333333345,305.1,300.51666666666665,296.77777777777777,301.8066666666667,309.52,298.47222222222223,2021-10-22 18:16:57+00:00,0.0,2006.0,2148.9,True,17.95,True,TP,1.0,1669.8615261676732,1577.8673721666378,1764.0697813412255,1666.4401065032962,1573.6243730902925,1765.9537561101486,1669.3404845901332,1586.3072918653666,1770.6977376019436,1676.1962641634123,1588.5166379489149,1777.6213463071304,1688.3062365181024,1598.9900390552111,1789.309400923847,1710.8482926996826,1621.6701634125825,1810.7944442031944
33,1690,,19,1.0,1.0,,2021-10-22 18:34:54+00:00,,,,Methane,0,0,,,,,,,,,2021-10-22 18:34:54+00:00,,,Sentinel-2/Kayrros,1,,Sentinel-2,Kayrros,,92870.1,4.0,218645.0,92870.1,False,,92537.35666666731,92536.41499999938,92699.32777777732,93015.67433333375,93858.3521666671,94985.38955555535,AZ,2.0990000000000033,2.196500000000007,2.2753333333333297,2.342733333333328,2.081833333333345,2.081833333333345,305.1,300.51666666666665,296.77777777777777,301.8066666666667,309.52,298.47222222222223,2021-10-22 18:16:57+00:00,0.0,2006.0,2148.9,True,17.95,True,TP,1.0,1669.571965244005,1576.9725414609231,1762.7818666369346,1665.8425589401033,1584.190392833719,1754.0360565010733,1667.2806062906343,1576.5849140005887,1755.7758066511262,1678.8417364432444,1588.8717562198142,1775.941723871515,1689.0617579552231,1599.6253397568064,1796.4885149768525,1709.9402000105395,1620.1431918935377,1795.8716705919533
34,1704,,33,1.0,1.0,,2021-10-22 18:34:54+00:00,,,,Methane,148,2102,3056,1148,+/- 1 sigma,1.764591,269.780224,UnknownSentinel2Direction,,,2021-10-22 18:34:54+00:00,,,Sentinel-2/Harvard,1,,Sentinel-2,Harvard,+/- 1 sigma,92870.1,4.0,218645.0,92870.1,False,,92537.35666666731,92536.41499999938,92699.32777777732,93015.67433333375,93858.3521666671,94985.38955555535,AZ,2.0990000000000033,2.196500000000007,2.2753333333333297,2.342733333333328,2.081833333333345,2.081833333333345,305.1,300.51666666666665,296.77777777777777,301.8066666666667,309.52,298.47222222222223,2021-10-22 18:16:57+00:00,0.0,2006.0,2148.9,True,17.95,True,TP,1.0,1669.1753954196183,1577.5446688916259,1762.2563061722649,1667.988406380105,1580.489977522188,1758.8129564616718,1671.4527747610941,1582.5087631791355,1768.3051110905767,1674.5551066561761,1588.7730607758367,1758.675581572584,1692.2032277418673,1600.6084126220353,1795.3308893792391,1706.462012226371,1616.8538893113614,1808.1673120354415
35,1713,,42,,,,2021-10-22 18:34:54+00:00,,,,Methane,330,1160,570,2590,Min/max,1.4 [0.6-3.2],92,,,,2021-10-22 18:34:54+00:00,,,Sentinel-2/SRON,1,,Sentinel-2,SRON,Min/max,92870.1,4.0,218645.0,92870.1,False,,92537.35666666731,92536.41499999938,92699.32777777732,93015.67433333375,93858.3521666671,94985.38955555535,AZ,2.0990000000000033,2.196500000000007,2.2753333333333297,2.342733333333328,2.081833333333345,2.081833333333345,305.1,300.51666666666665,296.77777777777777,301.8066666666667,309.52,298.47222222222223,2021-10-22 18:16:57+00:00,0.0,2006.0,2148.9,True,17.95,True,TP,1.0,1670.0929440444593,1577.341194123953,1765.3604145189822,1668.1598884854066,1576.901448516415,1768.1383329426144,1668.3382929774527,1582.6429407853118,1767.3301216513946,1678.198339317645,1581.843865351627,1773.3942951085814,1690.4287691424186,1602.2886604145538,1780.7848586780028,1711.0096095439364,1622.5881342840037,1814.130082193134
36,1728,,9,1.0,1.0,,2021-10-22 18:34:54+00:00,,,,Methane,164.92,2773,18:34:54.542039Z,111.71,893,2.08,,,,,2021-10-22 18:34:54+00:00,,,Sentinel-2/UPV,2,,Sentinel-2,UPV,UT 1 sigma,92870.1,4.0,218645.0,92870.1,False,,92537.35666666731,92536.41499999938,92699.32777777732,93015.67433333375,93858.3521666671,94985.38955555535,AZ,2.0990000000000033,2.196500000000007,2.2753333333333297,2.342733333333328,2.081833333333345,2.081833333333345,305.1,300.51666666666665,296.77777777777777,301.8066666666667,309.52,298.47222222222223,2021-10-22 18:16:57+00:00,0.0,2006.0,2148.9,True,17.95,True,TP,1.0,1669.0347670793008,1577.6986149730676,1760.2922098972233,1669.746554993101,1580.544450856079,1768.769763508175,1669.0548859047033,1577.0257430473148,1760.9095174603676,1677.2250007813782,1589.0645523307153,1765.945140585161,1692.1471581553826,1607.1190729407251,1792.5750928644857,1709.9244833072005,1611.9536093447168,1798.910662668654
37,1738,,19,1.0,1.0,,2021-10-22 18:34:54+00:00,,,,Methane,0,0,,,,,,,,,2021-10-22 18:34:54+00:00,,,Sentinel-2/Kayrros,2,,Sentinel-2,Kayrros,,92870.1,4.0,218645.0,92870.1,False,,92537.35666666731,92536.41499999938,92699.32777777732,93015.67433333375,93858.3521666671,94985.38955555535,AZ,2.0990000000000033,2.196500000000007,2.2753333333333297,2.342733333333328,2.081833333333345,2.081833333333345,305.1,300.51666666666665,296.77777777777777,301.8066666666667,309.52,298.47222222222223,2021-10-22 18:16:57+00:00,0.0,2006.0,2148.9,True,17.95,True,TP,1.0,1669.7179649041532,1577.6498967511955,1763.9969776692653,1667.5673359181478,1570.6713535966824,1768.3556638685359,1666.685388766532,1572.2937943925094,1769.065415557823,1677.577231582044,1589.1358274423492,1770.9712242182388,1688.6733930603727,1604.1494628404062,1781.0915891488562,1712.2963595612339,1621.3706962248461,1812.1449221396163
38,1752,,33,1.0,1.0,,2021-10-22 18:34:54+00:00,,,,Methane,,2652,3335,1969,+/- 1 sigma,2.373983,,,,,2021-10-22 18:34:54+00:00,,,Sentinel-2/Harvard,2,,Sentinel-2,Harvard,+/- 1 sigma,92870.1,4.0,218645.0,92870.1,False,,92537.35666666731,92536.41499999938,92699.32777777732,93015.67433333375,93858.3521666671,94985.38955555535,AZ,2.0990000000000033,2.196500000000007,2.2753333333333297,2.342733333333328,2.081833333333345,2.081833333333345,305.1,300.51666666666665,296.77777777777777,301.8066666666667,309.52,298.47222222222223,2021-10-22 18:16:57+00:00,0.0,2006.0,2148.9,True,17.95,True,TP,1.0,1669.2053909241718,1579.2000184055532,1763.3848480796012,1668.9622487566933,1580.8049593404394,1765.574302176266,1670.7727902450258,1584.8653655873095,1769.6745921308914,1676.2129161454582,1581.6732942599629,1774.1151589348488,1687.7585527957146,1590.871340377288,1786.9314753956073,1714.1532623032097,1622.4214312672095,1810.597468833209
39,1761,,42,,,,2021-10-22 18:34:54+00:00,,,,Methane,330,1500,1203,1790,Min/max,1.9 [1.4-2.3],113,,,,2021-10-22 18:34:54+00:00,,,Sentinel-2/SRON,2,,Sentinel-2,SRON,Min/max,92870.1,4.0,218645.0,92870.1,False,,92537.35666666731,92536.41499999938,92699.32777777732,93015.67433333375,93858.3521666671,94985.38955555535,AZ,2.0990000000000033,2.196500000000007,2.2753333333333297,2.342733333333328,2.081833333333345,2.081833333333345,305.1,300.51666666666665,296.77777777777777,301.8066666666667,309.52,298.47222222222223,2021-10-22 18:16:57+00:00,0.0,2006.0,2148.9,True,17.95,True,TP,1.0,1669.0251573798305,1577.9918680820547,1762.9343375497856,1664.6176079228217,1579.0623475100028,1755.0430748148544,1671.2633055155702,1572.8968702716184,1767.756886498317,1678.1408290914064,1588.0406663400618,1773.3788076271203,1687.7759386052016,1599.0865056735324,1774.2361134382454,1707.8522176825632,1613.6178871919856,1801.3964250200934
40,1681,,10,1.0,1.0,,2021-10-24 18:25:02+00:00,,,,Methane,FR,FR,FR,FR,FR,,,,,,2021-10-24 18:25:02+00:00,,,Sentinel-2/UPV,1,,Sentinel-2,UPV,,225354.0,8.0,218645.0,225354.0,False,,225786.6666666664,225899.80000000025,225898.0222222223,221737.3633333365,219167.52333333014,218882.74444444198,AZ,2.8506666666666685,2.4328333333333334,2.4850000000000296,2.4756333333333305,2.3718499999999945,2.3718499999999945,263.1333333333333,261.35,261.3,255.42666666666668,266.57166666666666,259.5133333333333,2021-10-24 18:11:05+00:00,0.0,2009.0,1956.56,True,13.95,True,TP,1.0,4072.661330415567,3848.4146947855234,4302.23987795543,4068.6916378148085,3856.384781212332,4275.400058028746,4074.8586247118214,3865.937246942409,4299.208244811813,3986.7941474393087,3774.8509839194385,4207.228721375862,3944.6831172714706,3745.236273529677,4170.757512187419,3945.7928942692865,3745.8016338298294,4152.193353893942
41,1691,,20,1.0,1.0,,2021-10-24 18:25:02+00:00,,,,Methane,cloudy,cloudy,,,,,,,,,2021-10-24 18:25:02+00:00,,,Sentinel-2/Kayrros,1,,Sentinel-2,Kayrros,,225354.0,8.0,218645.0,225354.0,False,,225786.6666666664,225899.80000000025,225898.0222222223,221737.3633333365,219167.52333333014,218882.74444444198,AZ,2.8506666666666685,2.4328333333333334,2.4850000000000296,2.4756333333333305,2.3718499999999945,2.3718499999999945,263.1333333333333,261.35,261.3,255.42666666666668,266.57166666666666,259.5133333333333,2021-10-24 18:11:05+00:00,0.0,2009.0,1956.56,True,13.95,True,TP,1.0,4073.7285854075394,3853.117794113999,4302.440272474765,4070.273104526784,3850.0705260747454,4285.463116286419,4072.053623978567,3850.872458577899,4300.9424517717,3988.838011671879,3778.260523588451,4215.256969688631,3953.6483642756043,3744.4831596772333,4164.096355540547,3945.9787255247297,3735.852407484377,4164.74074140891
42,1705,,34,1.0,1.0,,2021-10-24 18:25:02+00:00,,,,Methane,FR,FR,FR,FR,FR,FR,FR,UnknownSentinel2Direction,,,2021-10-24 18:25:02+00:00,,,Sentinel-2/Harvard,1,,Sentinel-2,Harvard,,225354.0,8.0,218645.0,225354.0,False,,225786.6666666664,225899.80000000025,225898.0222222223,221737.3633333365,219167.52333333014,218882.74444444198,AZ,2.8506666666666685,2.4328333333333334,2.4850000000000296,2.4756333333333305,2.3718499999999945,2.3718499999999945,263.1333333333333,261.35,261.3,255.42666666666668,266.57166666666666,259.5133333333333,2021-10-24 18:11:05+00:00,0.0,2009.0,1956.56,True,13.95,True,TP,1.0,4074.096575086487,3854.2008105900386,4301.971430518898,4057.0812602198175,3854.132994939124,4269.829047238874,4063.986130182048,3856.4434066131716,4277.675205191538,3997.2897889105866,3787.8444467119334,4225.2670350450135,3945.3808588132374,3743.3598764730523,4191.490739056815,3940.9303572772883,3720.2295241392426,4174.729944000414
43,1714,,43,,,,2021-10-24 18:25:02+00:00,,,,Methane,FR,FR,FR,FR,FR,FR,FR,,,,2021-10-24 18:25:02+00:00,,,Sentinel-2/SRON,1,,Sentinel-2,SRON,,225354.0,8.0,218645.0,225354.0,False,,225786.6666666664,225899.80000000025,225898.0222222223,221737.3633333365,219167.52333333014,218882.74444444198,AZ,2.8506666666666685,2.4328333333333334,2.4850000000000296,2.4756333333333305,2.3718499999999945,2.3718499999999945,263.1333333333333,261.35,261.3,255.42666666666668,266.57166666666666,259.5133333333333,2021-10-24 18:11:05+00:00,0.0,2009.0,1956.56,True,13.95,True,TP,1.0,4074.594815927496,3853.6294691212793,4301.628354106345,4066.0220204720727,3856.4794985009635,4270.423851458405,4075.9543625267734,3853.7101218508187,4311.458851462792,3991.2407571969534,3777.8109522452633,4191.282026287444,3942.799971811195,3733.5679505317544,4171.096586792441,3933.5374435876993,3722.249615567064,4173.624579482905
44,1729,,10,1.0,1.0,,2021-10-24 18:25:02+00:00,,,,Methane,,FR,FR,FR,FR,,,,,,2021-10-24 18:25:02+00:00,,,Sentinel-2/UPV,2,,Sentinel-2,UPV,,225354.0,8.0,218645.0,225354.0,False,,225786.6666666664,225899.80000000025,225898.0222222223,221737.3633333365,219167.52333333014,218882.74444444198,AZ,2.8506666666666685,2.4328333333333334,2.4850000000000296,2.4756333333333305,2.3718499999999945,2.3718499999999945,263.1333333333333,261.35,261.3,255.42666666666668,266.57166666666666,259.5133333333333,2021-10-24 18:11:05+00:00,0.0,2009.0,1956.56,True,13.95,True,TP,1.0,4072.9644478081673,3846.837761906572,4302.912269162141,4067.106941132484,3871.0819523599293,4301.245484078349,4071.2397469713696,3839.7628020847815,4285.451273733379,3999.87608031811,3807.078126161722,4230.056573441949,3951.317220736198,3736.0904130654144,4169.705629923678,3935.3029384899874,3724.9984281893753,4146.986040004368
45,1739,,20,1.0,1.0,,2021-10-24 18:25:02+00:00,,,,Methane,cloudy,cloudy,,,,,,,,,2021-10-24 18:25:02+00:00,,,Sentinel-2/Kayrros,2,,Sentinel-2,Kayrros,,225354.0,8.0,218645.0,225354.0,False,,225786.6666666664,225899.80000000025,225898.0222222223,221737.3633333365,219167.52333333014,218882.74444444198,AZ,2.8506666666666685,2.4328333333333334,2.4850000000000296,2.4756333333333305,2.3718499999999945,2.3718499999999945,263.1333333333333,261.35,261.3,255.42666666666668,266.57166666666666,259.5133333333333,2021-10-24 18:11:05+00:00,0.0,2009.0,1956.56,True,13.95,True,TP,1.0,4073.2552561346365,3854.8514833464897,4294.249372013238,4070.0351923950566,3856.730470751154,4318.8537773623,4064.861432192759,3858.609740892333,4292.38659073489,3994.4574679893544,3782.9207439330926,4214.313252556733,3947.773322708344,3738.423577594746,4173.922155411628,3940.5223960646595,3729.850776386432,4187.460336907239
46,1753,,34,1.0,1.0,,2021-10-24 18:25:02+00:00,,,,Methane,,FR,FR,FR,FR,FR,,,,,2021-10-24 18:25:02+00:00,,,Sentinel-2/Harvard,2,,Sentinel-2,Harvard,,225354.0,8.0,218645.0,225354.0,False,,225786.6666666664,225899.80000000025,225898.0222222223,221737.3633333365,219167.52333333014,218882.74444444198,AZ,2.8506666666666685,2.4328333333333334,2.4850000000000296,2.4756333333333305,2.3718499999999945,2.3718499999999945,263.1333333333333,261.35,261.3,255.42666666666668,266.57166666666666,259.5133333333333,2021-10-24 18:11:05+00:00,0.0,2009.0,1956.56,True,13.95,True,TP,1.0,4074.57160591008,3851.7637130423054,4297.972544534229,4063.174231701899,3854.902265371682,4310.527258910848,4070.1272166614094,3845.192764581562,4304.208865351213,3983.3261072170867,3780.4578824022483,4231.7465155109785,3950.4201129674107,3733.5691950741284,4186.453360813657,3944.2017169576675,3743.532769363799,4170.614917709347
47,1762,,43,,,,2021-10-24 18:25:02+00:00,,,,Methane,FR,FR,FR,FR,FR,FR,FR,,,,2021-10-24 18:25:02+00:00,,,Sentinel-2/SRON,2,,Sentinel-2,SRON,,225354.0,8.0,218645.0,225354.0,False,,225786.6666666664,225899.80000000025,225898.0222222223,221737.3633333365,219167.52333333014,218882.74444444198,AZ,2.8506666666666685,2.4328333333333334,2.4850000000000296,2.4756333333333305,2.3718499999999945,2.3718499999999945,263.1333333333333,261.35,261.3,255.42666666666668,266.57166666666666,259.5133333333333,2021-10-24 18:11:05+00:00,0.0,2009.0,1956.56,True,13.95,True,TP,1.0,4074.7645729934825,3853.1575808862285,4306.594525025172,4070.2430839508315,3848.6732398858176,4264.602644036284,4066.434325543817,3856.1001077729334,4267.520034418474,3996.5279785999824,3771.791518807147,4203.378516178575,3949.5658511740817,3747.5688887525293,4162.751893676006,3943.973830807239,3735.477720133891,4164.871847342272
48,1682,,11,1.0,1.0,,2021-10-27 18:34:57+00:00,,,,Methane,184.39,5333,,,2108,4.881,-97.5,,,,2021-10-27 18:34:57+00:00,,,Sentinel-2/UPV,1,,Sentinel-2,UPV,UT 1 sigma,195078.0,8.0,218645.0,195078.0,False,,195152.83333333302,195377.56666666697,195553.4777777779,194120.96666666976,191475.10333333013,191658.54999999795,AZ,4.5353333333333365,4.318833333333338,4.09733333333334,3.8032000000000084,3.8192166666666565,3.8192166666666565,70.03333333333333,57.0,45.82222222222222,45.36666666666667,51.34,48.13,2021-10-27 18:13:45+00:00,0.0,2011.0,4694.095,True,21.2,True,TP,1.0,3521.3636062409864,3328.4376737747234,3718.817568865924,3524.314758385347,3318.6858741362807,3732.090774060949,3523.569213250613,3341.2708625627756,3717.818268441977,3504.2627911019385,3310.5813112138358,3698.6580079297555,3451.1629555242876,3261.4676733717997,3664.8225923768505,3448.89246611737,3278.896596986843,3660.1192881613442
49,1692,,21,1.0,1.0,,2021-10-27 18:34:57+00:00,,,,Methane,376,5614,9773,2634,1-sigma confidence interval,3.8,350,189,,,2021-10-27 18:34:57+00:00,,,Sentinel-2/Kayrros,1,,Sentinel-2,Kayrros,+/- 1 sigma,195078.0,8.0,218645.0,195078.0,False,,195152.83333333302,195377.56666666697,195553.4777777779,194120.96666666976,191475.10333333013,191658.54999999795,AZ,4.5353333333333365,4.318833333333338,4.09733333333334,3.8032000000000084,3.8192166666666565,3.8192166666666565,70.03333333333333,57.0,45.82222222222222,45.36666666666667,51.34,48.13,2021-10-27 18:13:45+00:00,0.0,2011.0,4694.095,True,21.2,True,TP,1.0,3521.3462000791696,3326.242406063096,3712.6997677606273,3523.676051746033,3307.3221036766636,3731.348659269603,3520.6902550737477,3332.9409534132715,3719.4018714765934,3498.013243474733,3298.790451410353,3687.22909496837,3454.8715470368834,3264.8360535660036,3675.0580018176042,3446.110682830401,3267.090740323486,3642.43733369474
50,1706,,35,1.0,1.0,,2021-10-27 18:34:57+00:00,,,,Methane,187,5187,6956,3418,+/- 1 sigma,4.407491,7.410631,UnknownSentinel2Direction,,,2021-10-27 18:34:57+00:00,,,Sentinel-2/Harvard,1,,Sentinel-2,Harvard,+/- 1 sigma,195078.0,8.0,218645.0,195078.0,False,,195152.83333333302,195377.56666666697,195553.4777777779,194120.96666666976,191475.10333333013,191658.54999999795,AZ,4.5353333333333365,4.318833333333338,4.09733333333334,3.8032000000000084,3.8192166666666565,3.8192166666666565,70.03333333333333,57.0,45.82222222222222,45.36666666666667,51.34,48.13,2021-10-27 18:13:45+00:00,0.0,2011.0,4694.095,True,21.2,True,TP,1.0,3520.329400903739,3325.8205704087686,3721.119364228484,3524.2603291764663,3315.918620744135,3732.6458182460656,3515.715345671818,3324.5091388584224,3727.663734759528,3485.9934164192778,3307.3095350498998,3672.1098390711813,3450.217602573502,3248.2889628611465,3633.8865711772614,3455.424272972143,3262.917254021527,3659.2867603954573
51,1715,,44,,,,2021-10-27 18:34:57+00:00,,,,Methane,260,2250,1440,2870,Min/max,3.8 [2.6-4.4],184,,,,2021-10-27 18:34:57+00:00,,,Sentinel-2/SRON,1,,Sentinel-2,SRON,Min/max,195078.0,8.0,218645.0,195078.0,False,,195152.83333333302,195377.56666666697,195553.4777777779,194120.96666666976,191475.10333333013,191658.54999999795,AZ,4.5353333333333365,4.318833333333338,4.09733333333334,3.8032000000000084,3.8192166666666565,3.8192166666666565,70.03333333333333,57.0,45.82222222222222,45.36666666666667,51.34,48.13,2021-10-27 18:13:45+00:00,0.0,2011.0,4694.095,True,21.2,True,TP,1.0,3522.436646662777,3326.2322396131976,3716.2691599179066,3516.204115346071,3330.480922934229,3717.3293504203693,3517.012581491938,3330.0013753736944,3738.6779160523,3488.914486565021,3292.538307631393,3695.4247479768374,3447.5827107281098,3255.9325716453423,3623.7614392454034,3449.7497169060957,3270.142834080071,3660.4980061337073
52,1730,,11,1.0,1.0,,2021-10-27 18:34:57+00:00,,,,Methane,184.39,4427,18:34:57.856604Z,132.57,1651,3.82,,,,,2021-10-27 18:34:57+00:00,,,Sentinel-2/UPV,2,,Sentinel-2,UPV,UT 1 sigma,195078.0,8.0,218645.0,195078.0,False,,195152.83333333302,195377.56666666697,195553.4777777779,194120.96666666976,191475.10333333013,191658.54999999795,AZ,4.5353333333333365,4.318833333333338,4.09733333333334,3.8032000000000084,3.8192166666666565,3.8192166666666565,70.03333333333333,57.0,45.82222222222222,45.36666666666667,51.34,48.13,2021-10-27 18:13:45+00:00,0.0,2011.0,4694.095,True,21.2,True,TP,1.0,3522.9978077456713,3329.7616219750507,3721.650430397271,3513.699169136932,3318.719567188061,3710.2282530101793,3521.2831368943835,3317.833441223286,3733.8600818903687,3495.6421785035673,3313.3577230370884,3694.6445928130497,3453.529011882754,3277.660709754652,3651.63836697412,3454.425503603275,3289.275184111987,3643.2647326041397
53,1740,,21,1.0,1.0,,2021-10-27 18:34:57+00:00,,,,Methane,376,5134,6929,3340,1-sigma confidence interval,3.32,46.1,189.0,,,2021-10-27 18:34:57+00:00,,,Sentinel-2/Kayrros,2,,Sentinel-2,Kayrros,+/- 1 sigma,195078.0,8.0,218645.0,195078.0,False,,195152.83333333302,195377.56666666697,195553.4777777779,194120.96666666976,191475.10333333013,191658.54999999795,AZ,4.5353333333333365,4.318833333333338,4.09733333333334,3.8032000000000084,3.8192166666666565,3.8192166666666565,70.03333333333333,57.0,45.82222222222222,45.36666666666667,51.34,48.13,2021-10-27 18:13:45+00:00,0.0,2011.0,4694.095,True,21.2,True,TP,1.0,3520.0854266057513,3321.824927232917,3716.098986741353,3514.7123997620893,3324.2046935463295,3724.9999245913436,3523.508772277586,3301.538163052326,3744.5036332346754,3501.2713988927067,3314.02839744693,3696.916552796184,3452.8043750935494,3260.7884190470377,3674.7143693778944,3457.409559959053,3271.8245454178714,3647.822264165323
54,1754,,35,1.0,1.0,,2021-10-27 18:34:57+00:00,,,,Methane,,4447,5582,3312,+/- 1 sigma,3.699061,,,,,2021-10-27 18:34:57+00:00,,,Sentinel-2/Harvard,2,,Sentinel-2,Harvard,+/- 1 sigma,195078.0,8.0,218645.0,195078.0,False,,195152.83333333302,195377.56666666697,195553.4777777779,194120.96666666976,191475.10333333013,191658.54999999795,AZ,4.5353333333333365,4.318833333333338,4.09733333333334,3.8032000000000084,3.8192166666666565,3.8192166666666565,70.03333333333333,57.0,45.82222222222222,45.36666666666667,51.34,48.13,2021-10-27 18:13:45+00:00,0.0,2011.0,4694.095,True,21.2,True,TP,1.0,3522.083090420287,3324.88871066167,3717.427750312879,3517.3813459090284,3340.2147652752365,3716.5272661345116,3520.3969023165228,3316.3548819450975,3743.3617124901853,3497.480321284126,3323.5643204994403,3699.485623538422,3449.7678105127866,3249.105712610605,3641.58357703198,3454.2178138217528,3250.7922699383957,3661.8983352479736
55,1763,,44,,,,2021-10-27 18:34:57+00:00,,,,Methane,260,2380,1940,2840,Min/max,4.2 [3.9-4.4] ,221,,,,2021-10-27 18:34:57+00:00,,,Sentinel-2/SRON,2,,Sentinel-2,SRON,Min/max,195078.0,8.0,218645.0,195078.0,False,,195152.83333333302,195377.56666666697,195553.4777777779,194120.96666666976,191475.10333333013,191658.54999999795,AZ,4.5353333333333365,4.318833333333338,4.09733333333334,3.8032000000000084,3.8192166666666565,3.8192166666666565,70.03333333333333,57.0,45.82222222222222,45.36666666666667,51.34,48.13,2021-10-27 18:13:45+00:00,0.0,2011.0,4694.095,True,21.2,True,TP,1.0,3521.9540123482675,3324.0163282644585,3719.655754508216,3509.010913204272,3329.399885027674,3693.3539784121285,3516.3272356504267,3341.384114038694,3727.017822419365,3499.5306241191115,3308.844829293027,3703.8814397992646,3452.836647879804,3260.168579367644,3632.143892860093,3450.9900144775756,3268.3850094602053,3662.836329199803
56,1683,,12,1.0,2.0,,2021-10-28 18:16:48+00:00,,,,Methane,120,1625,,,692,4.419,-103.5,,,,2021-10-28 18:16:48+00:00,,,Landsat 8/UPV,1,,Landsat 8,UPV,UT 1 sigma,116668.0,8.0,218645.0,116668.0,False,,116825.8999999997,116765.35000000027,116573.96666666688,115473.9766666699,114725.47333333027,112148.83444444218,AZ,4.189333333333308,4.4533333333333465,4.454222222222228,4.801633333333337,4.812866666666671,4.812866666666671,34.166666666666664,32.55,31.533333333333335,41.42,45.903333333333336,45.742222222222225,2021-10-28 18:05:30+00:00,0.0,2012.0,3238.4,True,11.3,True,TP,1.0,2108.9802454765318,1983.579748163678,2232.512392911771,2107.8688729057453,1984.7422466120688,2231.5197027143067,2104.0208879681795,1979.53969557752,2233.5603459451504,2080.914620616464,1968.7145225944444,2206.0627601447814,2062.2421309507326,1947.8843891602742,2193.286477875524,2021.4086000848854,1917.0515562879077,2141.312918760742
57,1697,,26,1.0,1.0,,2021-10-28 18:16:48+00:00,,,,Methane,280,2236,5136,363,1-sigma confidence interval,4,10,189,,,2021-10-28 18:16:48+00:00,,,Landsat 8/Kayrros,1,,Landsat 8,Kayrros,+/- 1 sigma,116668.0,8.0,218645.0,116668.0,False,,116825.8999999997,116765.35000000027,116573.96666666688,115473.9766666699,114725.47333333027,112148.83444444218,AZ,4.189333333333308,4.4533333333333465,4.454222222222228,4.801633333333337,4.812866666666671,4.812866666666671,34.166666666666664,32.55,31.533333333333335,41.42,45.903333333333336,45.742222222222225,2021-10-28 18:05:30+00:00,0.0,2012.0,3238.4,True,11.3,True,TP,1.0,2108.1861152195484,1983.9248196856202,2233.4260802680997,2101.911214652187,1978.6442773490294,2226.503459197361,2101.974649596419,1987.368027021637,2234.6894579480236,2079.2141547820484,1959.0236793654271,2209.2466148985245,2068.2771473585176,1945.4012815876902,2193.624183656416,2014.209458852413,1905.61167992626,2131.899969979291
58,1716,,45,,,,2021-10-28 18:16:48+00:00,,,,Methane,FR,FR,FR,FR,FR,FR,FR,,,,2021-10-28 18:16:48+00:00,,,Landsat 8/SRON,1,,Landsat 8,SRON,,116668.0,8.0,218645.0,116668.0,False,,116825.8999999997,116765.35000000027,116573.96666666688,115473.9766666699,114725.47333333027,112148.83444444218,AZ,4.189333333333308,4.4533333333333465,4.454222222222228,4.801633333333337,4.812866666666671,4.812866666666671,34.166666666666664,32.55,31.533333333333335,41.42,45.903333333333336,45.742222222222225,2021-10-28 18:05:30+00:00,0.0,2012.0,3238.4,True,11.3,True,TP,1.0,2108.570370719421,1987.825515722687,2230.8001142146736,2098.3381988410447,1983.814924875965,2219.8329494723894,2096.0296714366814,1973.731805449921,2228.9784708984516,2078.84360587994,1950.1275060128373,2203.1799680545023,2065.11060937352,1938.7111310473892,2189.051604835372,2020.6586227467817,1906.37306244518,2148.0838776937308
59,1731,,12,1.0,2.0,,2021-10-28 18:16:48+00:00,,,,Methane,120,1735,18:16:48.2627780Z,28.38,710,4.81,,,,,2021-10-28 18:16:48+00:00,,,Landsat 8/UPV,2,,Landsat 8,UPV,UT 1 sigma,116668.0,8.0,218645.0,116668.0,False,,116825.8999999997,116765.35000000027,116573.96666666688,115473.9766666699,114725.47333333027,112148.83444444218,AZ,4.189333333333308,4.4533333333333465,4.454222222222228,4.801633333333337,4.812866666666671,4.812866666666671,34.166666666666664,32.55,31.533333333333335,41.42,45.903333333333336,45.742222222222225,2021-10-28 18:05:30+00:00,0.0,2012.0,3238.4,True,11.3,True,TP,1.0,2108.270763316936,1984.674230172027,2230.446822557321,2102.9774317119577,1988.3840857531532,2234.7003846693724,2102.166333653343,1980.8656778513675,2218.3380673785045,2080.8410350380404,1953.4414786404782,2208.212594964852,2063.361100260638,1943.3669186453224,2186.83947955429,2016.8682600606458,1888.561350680745,2139.5198752822225
60,1745,,26,1.0,1.0,,2021-10-28 18:16:48+00:00,,,,Methane,280,2489,3024,1955,1-sigma confidence interval,4.6,45.59,189.0,,,2021-10-28 18:16:48+00:00,,,Landsat 8/Kayrros,2,,Landsat 8,Kayrros,+/- 1 sigma,116668.0,8.0,218645.0,116668.0,False,,116825.8999999997,116765.35000000027,116573.96666666688,115473.9766666699,114725.47333333027,112148.83444444218,AZ,4.189333333333308,4.4533333333333465,4.454222222222228,4.801633333333337,4.812866666666671,4.812866666666671,34.166666666666664,32.55,31.533333333333335,41.42,45.903333333333336,45.742222222222225,2021-10-28 18:05:30+00:00,0.0,2012.0,3238.4,True,11.3,True,TP,1.0,2107.8596814874622,1983.536227840344,2233.762887125173,2104.998178170111,1979.4799821593692,2231.299429299075,2096.504587185927,1976.8493958016702,2225.3231040463525,2077.787013191713,1955.2713587227076,2188.584517399141,2063.467500311912,1937.3592561536125,2187.417027776136,2018.7597537994247,1900.4565311948788,2133.4030432952086
61,1764,,45,,,,2021-10-28 18:16:48+00:00,,,,Methane,FR,FR,FR,FR,FR,FR,FR,,,,2021-10-28 18:16:48+00:00,,,Landsat 8/SRON,2,,Landsat 8,SRON,,116668.0,8.0,218645.0,116668.0,False,,116825.8999999997,116765.35000000027,116573.96666666688,115473.9766666699,114725.47333333027,112148.83444444218,AZ,4.189333333333308,4.4533333333333465,4.454222222222228,4.801633333333337,4.812866666666671,4.812866666666671,34.166666666666664,32.55,31.533333333333335,41.42,45.903333333333336,45.742222222222225,2021-10-28 18:05:30+00:00,0.0,2012.0,3238.4,True,11.3,True,TP,1.0,2108.264303226561,1985.6347627236478,2229.3825124470654,2104.876142437829,1983.1457951800744,2222.476276062809,2098.0247140928564,1970.7678835019542,2222.758033636874,2083.5794970821794,1966.7591093076326,2200.4525348324596,2071.496527308956,1968.484263672432,2190.745883950923,2018.2715695879901,1906.8410583215177,2127.5042001524107
62,1684,,13,1.0,1.0,,2021-10-29 18:24:58+00:00,,,,Methane,,0,,,,2.223,-89.5,,,,2021-10-29 18:24:58+00:00,,,Sentinel-2/UPV,1,,Sentinel-2,UPV,,281513.0,8.0,218645.0,281513.0,False,,282310.6666666663,282645.81666666694,282310.37777777796,278775.04333333654,262685.75833333057,251671.52222222,AZ,4.8079999999999945,4.821333333333326,4.605333333333345,4.908366666666664,4.901583333333325,4.901583333333325,54.233333333333334,56.3,55.855555555555554,51.45333333333333,52.45,49.99111111111111,2021-10-29 18:09:15+00:00,0.0,2013.0,4719.235,True,15.716666666666669,True,TP,1.0,5093.511957876942,4812.992362514749,5378.44964897266,5081.85052213409,4821.905462792746,5321.314952682249,5094.741236457615,4821.908564378578,5389.752356046183,5016.941816742571,4726.998054839856,5274.564925378503,4738.408404079933,4472.137619254892,5009.257667048087,4539.868749670716,4303.738089778939,4797.254099590049
63,1693,,22,1.0,1.0,,2021-10-29 18:24:58+00:00,,,,Methane,348,4675,8052,2326,1-sigma confidence interval,2.6,1,189,,,2021-10-29 18:24:58+00:00,,,Sentinel-2/Kayrros,1,,Sentinel-2,Kayrros,+/- 1 sigma,281513.0,8.0,218645.0,281513.0,False,,282310.6666666663,282645.81666666694,282310.37777777796,278775.04333333654,262685.75833333057,251671.52222222,AZ,4.8079999999999945,4.821333333333326,4.605333333333345,4.908366666666664,4.901583333333325,4.901583333333325,54.233333333333334,56.3,55.855555555555554,51.45333333333333,52.45,49.99111111111111,2021-10-29 18:09:15+00:00,0.0,2013.0,4719.235,True,15.716666666666669,True,TP,1.0,5095.947066187966,4815.877705715684,5380.203061838887,5099.472979622488,4829.1900506720185,5389.3129350924855,5088.892671314465,4817.87911870288,5383.324351738367,5023.621455758551,4763.043178747368,5322.323634046286,4727.430673945088,4470.093329086374,5014.497054837268,4535.097858833277,4302.005155872446,4788.213104892264
64,1707,,36,1.0,1.0,,2021-10-29 18:24:58+00:00,,,,Methane,122,2762,3915,1609,+/- 1 sigma,2.448409,10.779561,UnknownSentinel2Direction,,,2021-10-29 18:24:58+00:00,,,Sentinel-2/Harvard,1,,Sentinel-2,Harvard,+/- 1 sigma,281513.0,8.0,218645.0,281513.0,False,,282310.6666666663,282645.81666666694,282310.37777777796,278775.04333333654,262685.75833333057,251671.52222222,AZ,4.8079999999999945,4.821333333333326,4.605333333333345,4.908366666666664,4.901583333333325,4.901583333333325,54.233333333333334,56.3,55.855555555555554,51.45333333333333,52.45,49.99111111111111,2021-10-29 18:09:15+00:00,0.0,2013.0,4719.235,True,15.716666666666669,True,TP,1.0,5094.232197953384,4811.534198789601,5384.255550638845,5089.602027978452,4836.716717080648,5384.279594179141,5082.150526262712,4807.80913565974,5375.064178249117,5024.900962496884,4762.248098963717,5306.143621648962,4731.287006455811,4478.283648857579,4989.174270469889,4529.25519289444,4288.761655346008,4805.215578291631
65,1717,,46,,,,2021-10-29 18:24:58+00:00,,,,Methane,0,0,0,0,0,0,0,,,,2021-10-29 18:24:58+00:00,,,Sentinel-2/SRON,1,,Sentinel-2,SRON,,281513.0,8.0,218645.0,281513.0,False,,282310.6666666663,282645.81666666694,282310.37777777796,278775.04333333654,262685.75833333057,251671.52222222,AZ,4.8079999999999945,4.821333333333326,4.605333333333345,4.908366666666664,4.901583333333325,4.901583333333325,54.233333333333334,56.3,55.855555555555554,51.45333333333333,52.45,49.99111111111111,2021-10-29 18:09:15+00:00,0.0,2013.0,4719.235,True,15.716666666666669,True,TP,1.0,5094.229464026158,4814.307895767385,5380.410762700004,5082.87755380236,4826.9625066043745,5361.719462242145,5084.234421313207,4800.425496849119,5366.939899863498,5023.846211164346,4758.661584695372,5327.2474724952735,4733.946512651253,4468.45835091229,4981.613094107097,4526.260434829601,4285.066545284188,4782.293620038272
66,1732,,13,1.0,1.0,,2021-10-29 18:24:58+00:00,,,,Methane,,0,,,,,,,,,2021-10-29 18:24:58+00:00,,,Sentinel-2/UPV,2,,Sentinel-2,UPV,,281513.0,8.0,218645.0,281513.0,False,,282310.6666666663,282645.81666666694,282310.37777777796,278775.04333333654,262685.75833333057,251671.52222222,AZ,4.8079999999999945,4.821333333333326,4.605333333333345,4.908366666666664,4.901583333333325,4.901583333333325,54.233333333333334,56.3,55.855555555555554,51.45333333333333,52.45,49.99111111111111,2021-10-29 18:09:15+00:00,0.0,2013.0,4719.235,True,15.716666666666669,True,TP,1.0,5093.16367705895,4815.570318463416,5370.484174610845,5088.374493594198,4843.536798819863,5366.172979393521,5067.0836505539455,4821.019475199605,5336.661458995422,5016.133392025145,4749.364006885104,5309.890802818021,4723.490412620414,4488.6832540856785,4967.22030101834,4528.562257682042,4281.913373222711,4762.101603831893
67,1741,,22,1.0,1.0,,2021-10-29 18:24:58+00:00,,,,Methane,348,7267,10546,3988,1-sigma confidence interval,4.86,46.1,189.0,,,2021-10-29 18:24:58+00:00,,,Sentinel-2/Kayrros,2,,Sentinel-2,Kayrros,+/- 1 sigma,281513.0,8.0,218645.0,281513.0,False,,282310.6666666663,282645.81666666694,282310.37777777796,278775.04333333654,262685.75833333057,251671.52222222,AZ,4.8079999999999945,4.821333333333326,4.605333333333345,4.908366666666664,4.901583333333325,4.901583333333325,54.233333333333334,56.3,55.855555555555554,51.45333333333333,52.45,49.99111111111111,2021-10-29 18:09:15+00:00,0.0,2013.0,4719.235,True,15.716666666666669,True,TP,1.0,5093.431873407886,4815.195742680038,5380.327301848024,5086.898243632797,4794.946712339473,5365.144751001047,5082.654820996841,4794.109869733575,5383.505167233431,5014.095981032788,4724.503397399836,5309.937865353721,4730.209532866147,4481.834496929867,4969.8253273081245,4528.690501171238,4288.295585830569,4815.161702796654
68,1755,,36,1.0,1.0,,2021-10-29 18:24:58+00:00,,,,Methane,,4757,5890,3624,+/- 1 sigma,4.727615,,,,,2021-10-29 18:24:58+00:00,,,Sentinel-2/Harvard,2,,Sentinel-2,Harvard,+/- 1 sigma,281513.0,8.0,218645.0,281513.0,False,,282310.6666666663,282645.81666666694,282310.37777777796,278775.04333333654,262685.75833333057,251671.52222222,AZ,4.8079999999999945,4.821333333333326,4.605333333333345,4.908366666666664,4.901583333333325,4.901583333333325,54.233333333333334,56.3,55.855555555555554,51.45333333333333,52.45,49.99111111111111,2021-10-29 18:09:15+00:00,0.0,2013.0,4719.235,True,15.716666666666669,True,TP,1.0,5093.287778955823,4814.7228450025905,5380.222846404645,5098.61620028274,4849.685105593237,5376.914086328401,5083.517385026915,4805.813339735669,5390.263942552569,5028.852369747687,4771.203275862559,5279.18810721997,4727.812207985524,4480.441319200147,4992.537749697363,4537.789163002981,4336.0828991498,4800.893118318041
69,1765,,46,,,,2021-10-29 18:24:58+00:00,,,,Methane,0,0,0,0,0,0,0,,,,2021-10-29 18:24:58+00:00,,,Sentinel-2/SRON,2,,Sentinel-2,SRON,,281513.0,8.0,218645.0,281513.0,False,,282310.6666666663,282645.81666666694,282310.37777777796,278775.04333333654,262685.75833333057,251671.52222222,AZ,4.8079999999999945,4.821333333333326,4.605333333333345,4.908366666666664,4.901583333333325,4.901583333333325,54.233333333333334,56.3,55.855555555555554,51.45333333333333,52.45,49.99111111111111,2021-10-29 18:09:15+00:00,0.0,2013.0,4719.235,True,15.716666666666669,True,TP,1.0,5095.587194833589,4819.236499142237,5376.298678484375,5095.923848709175,4827.883341065657,5395.069179642513,5078.902999743229,4823.753926496559,5362.831922386154,5024.003453264634,4759.431583404954,5322.301422344997,4726.565930291848,4460.697095685235,4993.414346867781,4531.0378625715675,4295.903920877672,4793.368963560715
70,1686,,15,1.0,1.0,,2021-11-03 18:25:01+00:00,,,,Methane,111.35,1191,,,458,3.024,-87.8,,,,2021-11-03 18:25:01+00:00,,,Sentinel-2/UPV,1,,Sentinel-2,UPV,UT 1 sigma,76596.4,4.0,308188.0,76596.4,False,,76628.08333333334,76649.4066666666,76656.90777777776,77025.21666666666,77539.27350000021,70210.01288888892,AZ,4.524666666666671,4.038333333333334,3.6398888888888874,3.6905000000000063,3.5859999999999945,3.5859999999999945,48.833333333333336,43.583333333333336,41.36666666666667,39.876666666666665,40.138333333333335,42.10666666666667,2021-11-03 18:12:18+00:00,0.0,2016.0,2606.13,True,12.716666666666667,True,TP,1.0,1383.4492485411583,1307.5930322111844,1459.6587382433684,1380.8221627288926,1309.914880014371,1457.959576397283,1380.8964488884485,1309.4448972994242,1456.1981386568646,1386.1935765848532,1311.079040614255,1464.1263850456521,1395.2681811676985,1319.3855709051593,1476.9919986707232,1263.5281689076785,1196.7403383886676,1329.2220546186481
71,1695,,24,1.0,1.0,,2021-11-03 18:25:01+00:00,,,,Methane,330,2823,5657,1016,1-sigma confidence interval,2.5,353,189,,,2021-11-03 18:25:01+00:00,,,Sentinel-2/Kayrros,1,,Sentinel-2,Kayrros,+/- 1 sigma,76596.4,4.0,308188.0,76596.4,False,,76628.08333333334,76649.4066666666,76656.90777777776,77025.21666666666,77539.27350000021,70210.01288888892,AZ,4.524666666666671,4.038333333333334,3.6398888888888874,3.6905000000000063,3.5859999999999945,3.5859999999999945,48.833333333333336,43.583333333333336,41.36666666666667,39.876666666666665,40.138333333333335,42.10666666666667,2021-11-03 18:12:18+00:00,0.0,2016.0,2606.13,True,12.716666666666667,True,TP,1.0,1382.7728698915616,1307.3434167539697,1461.9588811300223,1381.6029593761316,1306.0714841399192,1462.606223868204,1382.9975458329627,1310.0560958095984,1466.460511827028,1387.523724101883,1311.4890620855522,1470.7163673117743,1396.4103977467278,1319.4626376448073,1473.3111630920662,1262.1064199656462,1196.4037902677537,1323.7231888568945
72,1709,,38,1.0,1.0,,2021-11-03 18:25:01+00:00,,,,Methane,115,1300,1878,722,+/- 1 sigma,2.595344,3.860544,UnknownSentinel2Direction,,,2021-11-03 18:25:01+00:00,,,Sentinel-2/Harvard,1,,Sentinel-2,Harvard,+/- 1 sigma,76596.4,4.0,308188.0,76596.4,False,,76628.08333333334,76649.4066666666,76656.90777777776,77025.21666666666,77539.27350000021,70210.01288888892,AZ,4.524666666666671,4.038333333333334,3.6398888888888874,3.6905000000000063,3.5859999999999945,3.5859999999999945,48.833333333333336,43.583333333333336,41.36666666666667,39.876666666666665,40.138333333333335,42.10666666666667,2021-11-03 18:12:18+00:00,0.0,2016.0,2606.13,True,12.716666666666667,True,TP,1.0,1383.0180900247751,1307.6272429526693,1459.4227069728868,1379.1978780652248,1305.558463500096,1444.7785732997795,1380.8795133565973,1308.4046012450558,1448.9901642431128,1386.3126786030748,1315.7491884461306,1456.1708194957232,1395.709213843453,1325.5510248675264,1471.2628492311474,1266.0218417282067,1194.2060752289249,1343.4390220450332
73,1719,,48,,,,2021-11-03 18:25:01+00:00,,,,Methane,0,0,0,0,0,0,0,,,,2021-11-03 18:25:01+00:00,,,Sentinel-2/SRON,1,,Sentinel-2,SRON,,76596.4,4.0,308188.0,76596.4,False,,76628.08333333334,76649.4066666666,76656.90777777776,77025.21666666666,77539.27350000021,70210.01288888892,AZ,4.524666666666671,4.038333333333334,3.6398888888888874,3.6905000000000063,3.5859999999999945,3.5859999999999945,48.833333333333336,43.583333333333336,41.36666666666667,39.876666666666665,40.138333333333335,42.10666666666667,2021-11-03 18:12:18+00:00,0.0,2016.0,2606.13,True,12.716666666666667,True,TP,1.0,1382.4530683779483,1307.8272650565461,1457.9192347345727,1381.9301794039513,1307.3008677673379,1453.5878514113738,1378.0555438958345,1309.9009560198363,1454.8648600952533,1388.7737073324581,1313.8802822874452,1473.7480989464625,1394.183994002629,1318.1714169189445,1469.438344542777,1264.698368993132,1196.3572803994552,1331.4333128034368
74,1734,,15,1.0,1.0,,2021-11-03 18:25:01+00:00,,,,Methane,111.35,1344,18:25:01.184114Z,25.45,539,3.59,,,,,2021-11-03 18:25:01+00:00,,,Sentinel-2/UPV,2,,Sentinel-2,UPV,UT 1 sigma,76596.4,4.0,308188.0,76596.4,False,,76628.08333333334,76649.4066666666,76656.90777777776,77025.21666666666,77539.27350000021,70210.01288888892,AZ,4.524666666666671,4.038333333333334,3.6398888888888874,3.6905000000000063,3.5859999999999945,3.5859999999999945,48.833333333333336,43.583333333333336,41.36666666666667,39.876666666666665,40.138333333333335,42.10666666666667,2021-11-03 18:12:18+00:00,0.0,2016.0,2606.13,True,12.716666666666667,True,TP,1.0,1382.7379014567246,1307.7796955067647,1458.7415628533656,1382.3986308574126,1314.109799429029,1463.444791143269,1384.6077003939258,1309.7263083656655,1470.4329063233151,1385.1142498169281,1310.6923436524135,1460.4318175839003,1397.3406717828839,1321.4239627997194,1474.1696552211488,1265.8452498232903,1198.2499740677977,1341.640139940073
75,1743,,24,1.0,1.0,,2021-11-03 18:25:01+00:00,,,,Methane,330,3199,4899,1498,1-sigma confidence interval,2.96,36.9,189.0,,,2021-11-03 18:25:01+00:00,,,Sentinel-2/Kayrros,2,,Sentinel-2,Kayrros,+/- 1 sigma,76596.4,4.0,308188.0,76596.4,False,,76628.08333333334,76649.4066666666,76656.90777777776,77025.21666666666,77539.27350000021,70210.01288888892,AZ,4.524666666666671,4.038333333333334,3.6398888888888874,3.6905000000000063,3.5859999999999945,3.5859999999999945,48.833333333333336,43.583333333333336,41.36666666666667,39.876666666666665,40.138333333333335,42.10666666666667,2021-11-03 18:12:18+00:00,0.0,2016.0,2606.13,True,12.716666666666667,True,TP,1.0,1382.8310391882605,1307.3036285226888,1462.2808783576918,1380.3965240999664,1310.0180747022875,1454.9371103447108,1379.714936198573,1306.9173048335083,1463.4265199210909,1388.368296225569,1326.9078693861006,1467.5819483232153,1400.0952384732975,1322.632952932662,1474.955564298421,1264.4029354089707,1193.3638155069862,1340.4604169125082
76,1757,,38,1.0,1.0,,2021-11-03 18:25:01+00:00,,,,Methane,,1787,2333,1241,+/- 1 sigma,3.798211,,,,,2021-11-03 18:25:01+00:00,,,Sentinel-2/Harvard,2,,Sentinel-2,Harvard,+/- 1 sigma,76596.4,4.0,308188.0,76596.4,False,,76628.08333333334,76649.4066666666,76656.90777777776,77025.21666666666,77539.27350000021,70210.01288888892,AZ,4.524666666666671,4.038333333333334,3.6398888888888874,3.6905000000000063,3.5859999999999945,3.5859999999999945,48.833333333333336,43.583333333333336,41.36666666666667,39.876666666666665,40.138333333333335,42.10666666666667,2021-11-03 18:12:18+00:00,0.0,2016.0,2606.13,True,12.716666666666667,True,TP,1.0,1382.7098155538843,1307.2550163660503,1460.3609731453575,1378.627952159408,1307.801015185984,1451.0862249784846,1377.6473008468845,1306.479350020814,1461.594844766027,1386.6700550462078,1313.6295014061147,1460.1694114650697,1398.1199996849657,1328.0093184443394,1480.900769939295,1263.3689344573943,1199.3763827854905,1339.6750563579735
77,1767,,48,,,,2021-11-03 18:25:01+00:00,,,,Methane,0,0,0,0,0,0,0,,,,2021-11-03 18:25:01+00:00,,,Sentinel-2/SRON,2,,Sentinel-2,SRON,,76596.4,4.0,308188.0,76596.4,False,,76628.08333333334,76649.4066666666,76656.90777777776,77025.21666666666,77539.27350000021,70210.01288888892,AZ,4.524666666666671,4.038333333333334,3.6398888888888874,3.6905000000000063,3.5859999999999945,3.5859999999999945,48.833333333333336,43.583333333333336,41.36666666666667,39.876666666666665,40.138333333333335,42.10666666666667,2021-11-03 18:12:18+00:00,0.0,2016.0,2606.13,True,12.716666666666667,True,TP,1.0,1382.3947145837762,1306.1345389883938,1458.6173838975496,1380.8836513675137,1305.0263889282005,1457.3606445926043,1380.1642527932934,1307.4359537307828,1451.16916538184,1386.7185728685643,1311.1012693767989,1463.0920801039313,1397.632718330257,1333.5162209146806,1482.1203838158233,1263.3775943594876,1191.3887956037847,1338.6930340565027
78,1687,,16,,,,2021-10-23 18:40:53+00:00,,,,Methane,277,4069,,,1515,3.771272995,47.0416,,,,2021-10-23 18:40:53+00:00,,,WV3/UPV,1,,WV3,UPV,UT 1 sigma,218027.0,8.0,218645.0,218027.0,False,,218693.56666666636,218451.78333333356,218208.00000000026,219472.70666666998,222886.76666666355,222823.6622222202,AZ,4.337666666666683,3.923500000000003,3.858888888888894,4.182300000000006,4.676916666666677,4.676916666666677,244.43333333333334,243.0,236.3111111111111,241.20333333333335,240.05333333333334,238.29666666666665,2021-10-23 18:26:42+00:00,0.0,2007.0,3908.2,True,14.183333333333334,True,TP,1.0,3945.752658934045,3733.4842960932538,4162.7831643565005,3929.267747462232,3724.2315264315516,4147.0242685046,3936.19404126463,3716.2867948184385,4142.6081815222615,3957.9522962453157,3750.234410562397,4191.869256955971,4013.544921450861,3815.653853843744,4261.404922677885,4010.878456346821,3797.4286081050222,4252.6620094453965
79,1701,,30,1.0,1.0,,2021-10-23 18:40:53+00:00,,,,Methane,318,1282,2758,522,1-sigma confidence interval,2.9,207,190,,,2021-10-23 18:40:53+00:00,,,WV3/Kayrros,1,,WV3,Kayrros,+/- 1 sigma,218027.0,8.0,218645.0,218027.0,False,,218693.56666666636,218451.78333333356,218208.00000000026,219472.70666666998,222886.76666666355,222823.6622222202,AZ,4.337666666666683,3.923500000000003,3.858888888888894,4.182300000000006,4.676916666666677,4.676916666666677,244.43333333333334,243.0,236.3111111111111,241.20333333333335,240.05333333333334,238.29666666666665,2021-10-23 18:26:42+00:00,0.0,2007.0,3908.2,True,14.183333333333334,True,TP,1.0,3945.7786310718952,3728.871210892867,4171.184980096198,3933.6749627045187,3727.711280244903,4170.976758063263,3928.61212535471,3724.5767055026336,4161.605184205375,3953.379741194242,3756.083228496478,4165.903062004298,4022.2068239517866,3795.5150286906846,4244.489292956689,4012.7982187506045,3807.7353106099795,4244.253805446541
80,1735,,16,,,,2021-10-23 18:40:53+00:00,,,,Methane,277,4790,,,1876,4.673416667,,,,,2021-10-23 18:40:53+00:00,,,WV3/UPV,2,,WV3,UPV,UT 1 sigma,218027.0,8.0,218645.0,218027.0,False,,218693.56666666636,218451.78333333356,218208.00000000026,219472.70666666998,222886.76666666355,222823.6622222202,AZ,4.337666666666683,3.923500000000003,3.858888888888894,4.182300000000006,4.676916666666677,4.676916666666677,244.43333333333334,243.0,236.3111111111111,241.20333333333335,240.05333333333334,238.29666666666665,2021-10-23 18:26:42+00:00,0.0,2007.0,3908.2,True,14.183333333333334,True,TP,1.0,3945.22879515705,3729.1824368689536,4162.097859855675,3930.140290543874,3723.5728308206917,4170.345968870486,3932.9771677638864,3724.5236778256312,4170.511378983632,3954.2437390851455,3743.5867942742316,4194.664193080993,4010.6964665136165,3786.990417857165,4227.267657527526,4016.1572703415045,3809.6005875162487,4219.805780721236
81,1749,,30,1.0,1.0,,2021-10-23 18:40:53+00:00,,,,Methane,318,1578,2053,1236,1-sigma confidence interval,4.31,207,190.0,,,2021-10-23 18:40:53+00:00,,,WV3/Kayrros,2,,WV3,Kayrros,+/- 1 sigma,218027.0,8.0,218645.0,218027.0,False,,218693.56666666636,218451.78333333356,218208.00000000026,219472.70666666998,222886.76666666355,222823.6622222202,AZ,4.337666666666683,3.923500000000003,3.858888888888894,4.182300000000006,4.676916666666677,4.676916666666677,244.43333333333334,243.0,236.3111111111111,241.20333333333335,240.05333333333334,238.29666666666665,2021-10-23 18:26:42+00:00,0.0,2007.0,3908.2,True,14.183333333333334,True,TP,1.0,3946.812864564898,3735.1642807882054,4171.645712350983,3933.058576065636,3716.028905790553,4135.243923814618,3934.674008325701,3729.83848539274,4172.216541648405,3943.6676455468414,3731.193385882105,4160.154039831988,4015.0653889028345,3801.1105009871735,4209.771907532385,4015.0080698986194,3820.3580329708907,4235.244118081813
