,level_0,index,PerformerExperimentID,FacilityID,EquipmentUnitID,DateOfSurvey,Operator_Timestamp,StartTime,EndTime,SurveyTime,Gas,PlumeLength (hyperspectral technologies only),FacilityEmissionRate,FacilityEmissionRateUpper,FacilityEmissionRateLower,UncertaintyType,WindSpeed,WindDirection,TransitDirection,QC filter,NumberOfEmissionSourcesReported,Stanford_timestamp,Round 3 test set,WindType,OperatorSet,UnblindingStage,Notes,Satellite,Team,UncertaintyTypeManual,WindSpeedLow,WindSpeedHigh,cr_quad_scfh,PipeSize_inch,MeterCode,cr_allmeters_scfh,Flag_field_recorded,cr_Coriolis_gps,cr_scfh_mean30,cr_scfh_mean60,cr_scfh_mean90,cr_scfh_mean300,cr_scfh_mean600,cr_scfh_mean900,TestLocation,Wind_MPS_mean30,Wind_MPS_mean60,Wind_MPS_mean90,Wind_MPS_mean300,Wind_MPS_mean600,Wind_MPS_mean900,Wind_dir_mean30,Wind_dir_mean60,Wind_dir_mean90,Wind_dir_mean300,Wind_dir_mean600,Wind_dir_mean900,cr_start,cr_end,cr_idx,PlumeLength_m,PlumeEstablished,PlumeDevelopTime,PlumeSteady,tc_Classification,Detection,cr_kgh_CH4_mean30,cr_kgh_CH4_lower30,cr_kgh_CH4_upper30,cr_kgh_CH4_mean60,cr_kgh_CH4_lower60,cr_kgh_CH4_upper60,cr_kgh_CH4_mean90,cr_kgh_CH4_lower90,cr_kgh_CH4_upper90,cr_kgh_CH4_mean300,cr_kgh_CH4_lower300,cr_kgh_CH4_upper300,cr_kgh_CH4_mean600,cr_kgh_CH4_lower600,cr_kgh_CH4_upper600,cr_kgh_CH4_mean900,cr_kgh_CH4_lower900,cr_kgh_CH4_upper900
0,1672,,1.0,1.0,1.0,,2021-10-16 17:26:40+00:00,,,,Methane,,1382,1920.98,843.02,39%,3.72,,,,,2021-10-16 17:26:40+00:00,,,GHGSat C2/GHGSat,1,,GHGSat C2,GHGSat,+/- 1 sigma,,,90419.82,8.0,218645.0,90419.82,True,,90591.93600000009,90977.23700000012,90404.87644444474,92336.07886666693,92646.23761666648,89141.35174444423,AZ,4.885999999999996,4.877499999999997,4.998444444444443,4.329133333333339,4.668199999999999,4.668199999999999,22.3,27.916666666666668,29.877777777777776,30.71,31.15,32.54222222222222,2021-10-16 17:10:03+00:00,0.0,2001.0,4474.545,True,16.616666666666667,True,TP,1.0,1633.6287391189176,1532.0706368503772,1734.2957267549077,1638.356935333972,1537.9106311005817,1741.6105512457511,1629.6478991494525,1526.8378175999524,1734.7695872994377,1674.837055574909,1562.001057197118,1779.2917422594123,1693.1010030468228,1547.5039453776644,1830.4518410118585,1671.4154128565137,1488.852637159358,1850.380843707951
1,1724,,1.0,1.0,1.0,,2021-10-16 17:26:40+00:00,,,,Methane,,1534,1886,1181,23%,4.27,,,,,2021-10-16 17:26:40+00:00,,,GHGSat C2/GHGSat,2,,GHGSat C2,GHGSat,+/- 1 sigma,,,90419.82,8.0,218645.0,90419.82,True,,90591.93600000009,90977.23700000012,90404.87644444474,92336.07886666693,92646.23761666648,89141.35174444423,AZ,4.885999999999996,4.877499999999997,4.998444444444443,4.329133333333339,4.668199999999999,4.668199999999999,22.3,27.916666666666668,29.877777777777776,30.71,31.15,32.54222222222222,2021-10-16 17:10:03+00:00,0.0,2001.0,4474.545,True,16.616666666666667,True,TP,1.0,1633.6036270795908,1532.4313523825347,1733.985380146403,1631.6423323187605,1531.3694666143615,1732.8377049229734,1634.7330217552314,1538.739264123073,1728.4619694189246,1669.8070502953617,1569.6887198298782,1772.1096010649053,1698.9512121001687,1547.5623966462758,1842.3116554346057,1678.4546735571894,1498.796424798783,1863.347140014675
2,1673,,2.0,1.0,1.0,,2021-10-24 17:35:19+00:00,,,,Methane,,3848,5772,1924,50%,2.01,,,,,2021-10-24 17:35:19+00:00,,,GHGSat C2/GHGSat,1,,GHGSat C2,GHGSat,+/- 1 sigma,,,235496.0,8.0,218645.0,235496.0,False,,234784.99999999974,234745.28333333356,234765.10000000012,234940.85666667004,234874.51166666354,233651.3199999976,AZ,1.7133333333333394,2.0116666666666685,2.2472222222222404,2.6410999999999962,2.8069999999999897,2.8069999999999897,255.66666666666666,264.1333333333333,268.2,277.87,278.985,287.3433333333333,2021-10-24 17:19:20+00:00,0.0,2008.0,2621.325,True,15.983333333333336,True,TP,1.0,4236.876687162974,4003.2370328235183,4478.7671588415815,4234.381274614487,4029.1097715759697,4478.584454512645,4238.1174079212215,4009.651000213759,4479.169823175247,4242.958664001423,4057.499488165874,4489.855115243294,4231.992185556466,4011.4267011004513,4476.112030488464,4214.71189646219,3983.1850411770174,4466.284443422783
3,1725,,2.0,1.0,1.0,,2021-10-24 17:35:19+00:00,,,,Methane,,4408,5378,3438,22%,2.49,,,,,2021-10-24 17:35:19+00:00,,,GHGSat C2/GHGSat,2,,GHGSat C2,GHGSat,+/- 1 sigma,,,235496.0,8.0,218645.0,235496.0,False,,234784.99999999974,234745.28333333356,234765.10000000012,234940.85666667004,234874.51166666354,233651.3199999976,AZ,1.7133333333333394,2.0116666666666685,2.2472222222222404,2.6410999999999962,2.8069999999999897,2.8069999999999897,255.66666666666666,264.1333333333333,268.2,277.87,278.985,287.3433333333333,2021-10-24 17:19:20+00:00,0.0,2008.0,2621.325,True,15.983333333333336,True,TP,1.0,4235.631266232628,4002.394436250431,4469.317845307384,4229.243114950974,3980.5272525625223,4482.924536510933,4227.3227811162305,4004.680930838319,4480.93232385902,4232.271420798481,4005.982477495414,4436.112447725138,4226.955011642013,4015.809033434548,4469.324597507926,4200.364636494363,3998.1055094379753,4418.420818933137
4,1674,,3.0,1.0,1.0,,2021-10-25 17:24:37+00:00,,,,Methane,,223,305.51,140.49,37%,5.06,,,,,2021-10-25 17:24:37+00:00,,,GHGSat C2/GHGSat,1,,GHGSat C2,GHGSat,+/- 1 sigma,,,10878.2,2.0,218645.0,10878.2,False,,10928.989999999676,10939.613333333631,10940.062222222332,10957.806333336433,11027.274333329926,8191.102488886652,AZ,5.6416666666666675,5.3594999999999935,5.311111111111104,4.816333333333324,4.817050000000005,4.817050000000005,202.86666666666667,201.11666666666667,199.92222222222222,203.37,212.08666666666667,213.37444444444444,2021-10-25 17:13:41+00:00,0.0,2010.0,3190.58,True,10.933333333333334,True,TP,1.0,197.15570033863114,185.85404776577462,208.49576179495142,196.94447695551264,185.510244476657,209.12585087522018,196.59371229256573,185.88897213074875,207.41891912357482,197.22599163977543,185.83600518641464,208.10518808005526,198.41498230625734,187.8657957383157,209.84914825571101,147.9025379464234,139.56159917144225,156.08053630286724
5,1726,,3.0,1.0,1.0,,2021-10-25 17:24:37+00:00,,,,Methane,,253,317,189,25%,5.93,,,,,2021-10-25 17:24:37+00:00,,,GHGSat C2/GHGSat,2,,GHGSat C2,GHGSat,+/- 1 sigma,,,10878.2,2.0,218645.0,10878.2,False,,10928.989999999676,10939.613333333631,10940.062222222332,10957.806333336433,11027.274333329926,8191.102488886652,AZ,5.6416666666666675,5.3594999999999935,5.311111111111104,4.816333333333324,4.817050000000005,4.817050000000005,202.86666666666667,201.11666666666667,199.92222222222222,203.37,212.08666666666667,213.37444444444444,2021-10-25 17:13:41+00:00,0.0,2010.0,3190.58,True,10.933333333333334,True,TP,1.0,197.08167425515438,185.83326984158663,208.21312213708754,196.38998194623716,185.66946704464107,208.48712474513837,196.84407980107724,186.2913535524259,208.74562986580332,197.62170379275517,186.30707114385868,209.9771009148527,198.43011122108703,188.0155844014322,209.3394546987048,147.73933817950066,139.85070581731583,156.84419199665427
6,1676,,,1.0,1.0,,2021-11-03 17:22:00+00:00,,,,Methane,NT,NT,NT,NT,NT,,,,,,2021-11-03 17:22:00+00:00,,,GHGSat C2/GHGSat,1,,GHGSat C2,GHGSat,,,,6390.1,2.0,218645.0,6390.1,False,,6371.826666666666,6375.1150000000025,6374.798888888897,6360.215999999995,6341.749999999992,6109.344666666654,AZ,3.702333333333331,3.573,3.4016666666666646,2.9348000000000076,2.7705166666666647,2.7705166666666647,28.566666666666666,32.016666666666666,33.13333333333333,43.08,38.86,36.333333333333336,2021-11-03 17:07:48+00:00,0.0,2015.0,2907.629999999999,True,14.2,True,TP,1.0,114.9806081996656,108.14157508884185,121.95434792352256,114.56470571132864,107.6314556997942,122.1695259288619,114.66855943445104,107.64687697073964,121.73512728842977,114.43252279679177,107.57605441108848,121.85767151028321,114.15117614670925,107.64600863529081,121.31935570702444,110.22141146528544,103.36173048651658,117.34193819861709
7,1728,,,1.0,1.0,,2021-11-03 17:22:00+00:00,,,,Methane,NT,NT,NT,NT,NT,,,,,,2021-11-03 17:22:00+00:00,,,GHGSat C2/GHGSat,2,,GHGSat C2,GHGSat,,,,6390.1,2.0,218645.0,6390.1,False,,6371.826666666666,6375.1150000000025,6374.798888888897,6360.215999999995,6341.749999999992,6109.344666666654,AZ,3.702333333333331,3.573,3.4016666666666646,2.9348000000000076,2.7705166666666647,2.7705166666666647,28.566666666666666,32.016666666666666,33.13333333333333,43.08,38.86,36.333333333333336,2021-11-03 17:07:48+00:00,0.0,2015.0,2907.629999999999,True,14.2,True,TP,1.0,114.94700593711161,108.02846804710987,121.88002508570864,115.26504801486,108.3062690400122,122.48649640923733,114.80995627582182,107.8566388623833,121.34291827305427,114.56531141518909,107.69373010553619,121.4206284450365,114.34310243686565,107.87441952349351,121.75551220297142,109.99429149392137,103.40808072254237,116.40617587178855
8,1677,,4.0,1.0,1.0,,2021-10-16 18:36:26+00:00,,,,Methane,445,2494,,,966,4.144341036,194.6463,,,,2021-10-16 18:36:26+00:00,,,PRISMA/UPV,1,,PRISMA,UPV,UT 1 sigma,,,129412.8,8.0,218645.0,129412.8,True,,129561.17000000029,130340.99833333351,127318.71066666699,130047.82086666867,131662.461933333,134751.22206666676,AZ,8.34799999999999,7.837500000000002,7.83988888888892,7.064633333333324,6.918116666666666,6.918116666666666,19.366666666666667,22.716666666666665,23.18888888888889,27.84,47.346666666666664,40.79555555555555,2021-10-16 18:11:14+00:00,0.0,2002.0,9804.84,True,25.2,True,TP,1.0,2336.639168787285,2201.043806323532,2474.632475461214,2347.909172562807,2213.503924809974,2492.070060844858,2289.749030435973,2154.8318762596327,2428.2411208260764,2353.7281958132667,2219.321982081432,2501.8066528604704,2406.6907452675023,2216.646548394616,2595.9275587033057,2527.852552408647,2247.126644466941,2812.5384004990046
9,1701,,27.0,1.0,1.0,,2021-10-16 18:36:26+00:00,,,,Methane,703,2297,3149,1445,1-sigma confidence interval,3.8,359,191,,,2021-10-16 18:36:26+00:00,,,PRISMA/Kayrros,1,,PRISMA,Kayrros,+/- 1 sigma,,,129412.8,8.0,218645.0,129412.8,True,,129561.17000000029,130340.99833333351,127318.71066666699,130047.82086666867,131662.461933333,134751.22206666676,AZ,8.34799999999999,7.837500000000002,7.83988888888892,7.064633333333324,6.918116666666666,6.918116666666666,19.366666666666667,22.716666666666665,23.18888888888889,27.84,47.346666666666664,40.79555555555555,2021-10-16 18:11:14+00:00,0.0,2002.0,9804.84,True,25.2,True,TP,1.0,2336.8050487537503,2201.9682871888963,2473.077216256327,2348.162669324342,2213.2551892342585,2480.964928691602,2294.23233922486,2162.907247714322,2424.4411215959108,2345.0232738179843,2204.416537636355,2489.842502432145,2408.8124620113763,2216.1978794468205,2616.8622448196875,2519.8449703916613,2241.270332074975,2813.862289366769
10,1729,,4.0,1.0,1.0,,2021-10-16 18:36:26+00:00,,,,Methane,445,3778,,,1614,6.943938356,,,,,2021-10-16 18:36:26+00:00,,,PRISMA/UPV,2,,PRISMA,UPV,UT 1 sigma,,,129412.8,8.0,218645.0,129412.8,True,,129561.17000000029,130340.99833333351,127318.71066666699,130047.82086666867,131662.461933333,134751.22206666676,AZ,8.34799999999999,7.837500000000002,7.83988888888892,7.064633333333324,6.918116666666666,6.918116666666666,19.366666666666667,22.716666666666665,23.18888888888889,27.84,47.346666666666664,40.79555555555555,2021-10-16 18:11:14+00:00,0.0,2002.0,9804.84,True,25.2,True,TP,1.0,2337.0487389791724,2200.8797136263534,2472.4548599069094,2344.815783288806,2210.163983270113,2485.678650235183,2293.625460588199,2165.7842436429983,2431.112888237014,2353.4267034112945,2200.1102502879603,2506.111698302464,2414.1682226830385,2224.2392922217987,2614.2195033578173,2527.539901314291,2208.861629119956,2821.5029269382712
11,1753,,27.0,1.0,1.0,,2021-10-16 18:36:26+00:00,,,,Methane,703,3379,4328,2430,1-sigma confidence interval,6.18,15.1,191.0,,,2021-10-16 18:36:26+00:00,,,PRISMA/Kayrros,2,,PRISMA,Kayrros,+/- 1 sigma,,,129412.8,8.0,218645.0,129412.8,True,,129561.17000000029,130340.99833333351,127318.71066666699,130047.82086666867,131662.461933333,134751.22206666676,AZ,8.34799999999999,7.837500000000002,7.83988888888892,7.064633333333324,6.918116666666666,6.918116666666666,19.366666666666667,22.716666666666665,23.18888888888889,27.84,47.346666666666664,40.79555555555555,2021-10-16 18:11:14+00:00,0.0,2002.0,9804.84,True,25.2,True,TP,1.0,2335.8887706041405,2198.5710497761715,2468.7366320063093,2346.6110428321967,2218.2089742093335,2492.0054986263353,2291.981369627849,2164.0844464643465,2423.295558023516,2345.8440497185393,2194.1221803929748,2494.8764283054416,2409.8278606672075,2219.983693922206,2616.6211057167357,2542.7396164892566,2266.602401667453,2829.2273160267778
12,1678,,5.0,1.0,1.0,,2021-10-21 18:23:12+00:00,,,,Methane,1004.9,4985,,,1691,2.736019525,169.1555,,,,2021-10-21 18:23:12+00:00,,,PRISMA/UPV,1,,PRISMA,UPV,UT 1 sigma,,,248685.0,8.0,218645.0,248685.0,False,,249130.8666666673,249464.31666666604,250304.6333333328,248276.68666666705,239922.84333333347,237138.22888888817,AZ,3.081333333333346,3.663999999999969,3.743777777777775,4.048066666666671,3.9371333333333305,3.9371333333333305,35.333333333333336,38.86666666666667,41.91111111111111,34.9,36.96,38.57555555555555,2021-10-21 17:55:38+00:00,0.0,2005.0,6527.635,True,27.566666666666666,True,TP,1.0,4494.9504105929855,4250.110217861712,4744.3531315971495,4485.290101782433,4249.363460846118,4751.073836949947,4509.769322531193,4262.952848761578,4750.785571358521,4464.329428243468,4236.557138093522,4737.78093376925,4323.205995897119,4089.294484370895,4584.812846112289,4266.740853609137,4042.7645287585665,4517.174718422755
13,1702,,28.0,1.0,1.0,,2021-10-21 18:23:12+00:00,,,,Methane,1228,3561,4401,2721,1-sigma confidence interval,2.2,6,191,,,2021-10-21 18:23:12+00:00,,,PRISMA/Kayrros,1,,PRISMA,Kayrros,+/- 1 sigma,,,248685.0,8.0,218645.0,248685.0,False,,249130.8666666673,249464.31666666604,250304.6333333328,248276.68666666705,239922.84333333347,237138.22888888817,AZ,3.081333333333346,3.663999999999969,3.743777777777775,4.048066666666671,3.9371333333333305,3.9371333333333305,35.333333333333336,38.86666666666667,41.91111111111111,34.9,36.96,38.57555555555555,2021-10-21 17:55:38+00:00,0.0,2005.0,6527.635,True,27.566666666666666,True,TP,1.0,4495.924979088363,4252.180464905164,4751.569110168184,4482.56921147515,4240.717802505163,4749.698722043618,4511.560494485442,4271.548802365247,4770.91741753598,4470.588071601945,4234.368210155612,4714.898132047668,4312.274549868583,4089.3950115577372,4553.11662618408,4283.113659582864,4052.1907960121134,4527.031180016587
14,1730,,5.0,1.0,1.0,,2021-10-21 18:23:12+00:00,,,,Methane,1004.9,6469,,,2434,3.935766667,,,,,2021-10-21 18:23:12+00:00,,,PRISMA/UPV,2,,PRISMA,UPV,UT 1 sigma,,,248685.0,8.0,218645.0,248685.0,False,,249130.8666666673,249464.31666666604,250304.6333333328,248276.68666666705,239922.84333333347,237138.22888888817,AZ,3.081333333333346,3.663999999999969,3.743777777777775,4.048066666666671,3.9371333333333305,3.9371333333333305,35.333333333333336,38.86666666666667,41.91111111111111,34.9,36.96,38.57555555555555,2021-10-21 17:55:38+00:00,0.0,2005.0,6527.635,True,27.566666666666666,True,TP,1.0,4494.170662548642,4249.103190442617,4744.018012458875,4497.160805463455,4286.805723704462,4753.615401589306,4511.527285672255,4271.371789172143,4763.914916321002,4473.356715496292,4245.2967850653995,4731.086495015983,4322.32154266754,4095.1890977585626,4540.344877872894,4271.21970253562,4037.839863824391,4489.047035614018
15,1754,,28.0,1.0,1.0,,2021-10-21 18:23:12+00:00,,,,Methane,1228,4781,5727,3835,1-sigma confidence interval,3.89,42.9,191.0,,,2021-10-21 18:23:12+00:00,,,PRISMA/Kayrros,2,,PRISMA,Kayrros,+/- 1 sigma,,,248685.0,8.0,218645.0,248685.0,False,,249130.8666666673,249464.31666666604,250304.6333333328,248276.68666666705,239922.84333333347,237138.22888888817,AZ,3.081333333333346,3.663999999999969,3.743777777777775,4.048066666666671,3.9371333333333305,3.9371333333333305,35.333333333333336,38.86666666666667,41.91111111111111,34.9,36.96,38.57555555555555,2021-10-21 17:55:38+00:00,0.0,2005.0,6527.635,True,27.566666666666666,True,TP,1.0,4496.996224157784,4253.318251438998,4751.58276685383,4492.880405811973,4263.530629500486,4720.75118846519,4514.98142786364,4277.283794933943,4791.7447671308655,4482.033652934166,4228.7379139545465,4738.671986285019,4312.494142085414,4097.431779156643,4560.557755081062,4273.612187349091,4044.5749157339424,4518.553423991589
16,1679,,6.0,1.0,1.0,,2021-10-27 18:26:30+00:00,,,,Methane,1020.9,7226,,,2890,5.155525006,183.9472,,,,2021-10-27 18:26:30+00:00,,,PRISMA/UPV,1,,PRISMA,UPV,UT 1 sigma,,,188145.0,8.0,218645.0,188145.0,False,,187899.5999999997,188305.3000000003,188790.54444444456,190816.70666666978,192626.13333333013,182011.75111110907,AZ,3.937333333333333,4.453833333333335,4.421111111111116,4.0885333333333485,3.746483333333321,3.746483333333321,59.9,64.06666666666666,63.93333333333333,51.00666666666667,45.85333333333333,52.35333333333333,2021-10-27 18:13:45+00:00,0.0,2011.0,2812.0099999999998,True,12.75,True,TP,1.0,3391.428263287837,3203.6753619483993,3580.4675650272648,3393.9740632441076,3201.032630955887,3592.2775701198207,3395.2127351154445,3199.925342184256,3596.139221077703,3439.065451788326,3264.325539500058,3635.5297763713224,3459.607050734018,3280.733307244879,3669.04289647962,3272.2264575484564,3108.9464492002544,3461.8177482608676
17,1703,,29.0,1.0,1.0,,2021-10-27 18:26:30+00:00,,,,Methane,422,5479,6821,4137,1-sigma confidence interval,3.8,350,191,,,2021-10-27 18:26:30+00:00,,,PRISMA/Kayrros,1,,PRISMA,Kayrros,+/- 1 sigma,,,188145.0,8.0,218645.0,188145.0,False,,187899.5999999997,188305.3000000003,188790.54444444456,190816.70666666978,192626.13333333013,182011.75111110907,AZ,3.937333333333333,4.453833333333335,4.421111111111116,4.0885333333333485,3.746483333333321,3.746483333333321,59.9,64.06666666666666,63.93333333333333,51.00666666666667,45.85333333333333,52.35333333333333,2021-10-27 18:13:45+00:00,0.0,2011.0,2812.0099999999998,True,12.75,True,TP,1.0,3389.2634269583823,3200.80209021289,3578.643817286877,3390.8166571663683,3210.2255458810896,3599.906428570074,3397.690388495323,3202.9984738993353,3586.176094211756,3435.8700839209023,3235.4125227732247,3637.881174078922,3465.153843736913,3288.860930500707,3656.9338608719117,3277.9597011624446,3089.822473005269,3455.4260546381165
18,1731,,6.0,1.0,1.0,,2021-10-27 18:26:30+00:00,,,,Methane,1020.9,5645,,,2098,3.744716667,,,,,2021-10-27 18:26:30+00:00,,,PRISMA/UPV,2,,PRISMA,UPV,UT 1 sigma,,,188145.0,8.0,218645.0,188145.0,False,,187899.5999999997,188305.3000000003,188790.54444444456,190816.70666666978,192626.13333333013,182011.75111110907,AZ,3.937333333333333,4.453833333333335,4.421111111111116,4.0885333333333485,3.746483333333321,3.746483333333321,59.9,64.06666666666666,63.93333333333333,51.00666666666667,45.85333333333333,52.35333333333333,2021-10-27 18:13:45+00:00,0.0,2011.0,2812.0099999999998,True,12.75,True,TP,1.0,3389.3541525433375,3201.3599095197096,3581.1745412783785,3384.4862027181057,3219.61946722037,3567.375737815165,3405.268749512592,3231.601738898551,3603.0095719596093,3435.232113614931,3265.755352761461,3619.001375508168,3475.263792746055,3283.7762528261683,3666.0062352092464,3274.495102648589,3103.6974149125645,3468.497893760628
19,1755,,29.0,1.0,1.0,,2021-10-27 18:26:30+00:00,,,,Methane,422,5051,6454,3648,1-sigma confidence interval,3.36,46.7,191.0,,,2021-10-27 18:26:30+00:00,,,PRISMA/Kayrros,2,,PRISMA,Kayrros,+/- 1 sigma,,,188145.0,8.0,218645.0,188145.0,False,,187899.5999999997,188305.3000000003,188790.54444444456,190816.70666666978,192626.13333333013,182011.75111110907,AZ,3.937333333333333,4.453833333333335,4.421111111111116,4.0885333333333485,3.746483333333321,3.746483333333321,59.9,64.06666666666666,63.93333333333333,51.00666666666667,45.85333333333333,52.35333333333333,2021-10-27 18:13:45+00:00,0.0,2011.0,2812.0099999999998,True,12.75,True,TP,1.0,3390.7550623542593,3198.5124800144854,3583.6688296474986,3391.7291100717885,3197.0066116533108,3585.3670463102662,3399.659529726706,3210.227723396073,3588.1281137976193,3442.081600097445,3255.9238308310323,3627.0060787440725,3467.5328383980664,3297.435408986784,3656.4624245332407,3280.5228368148346,3104.4979773546775,3489.901202431975
20,1680,,,1.0,1.0,,2021-11-02 18:29:00+00:00,,,,Methane,NT,NT,NT,NT,NT,,,,,,2021-11-02 18:29:00+00:00,,,PRISMA/UPV,1,,PRISMA,UPV,,,,61385.8,4.0,218645.0,61385.8,False,,61434.906666666364,61450.77333333364,61480.38666666674,60867.71533333642,57491.60733333091,55935.9708888869,AZ,1.1326666666666698,0.9378333333333304,0.968555555555555,1.056300000000003,0.9524166666666707,0.9524166666666707,308.23333333333335,270.0833333333333,285.6,292.16333333333336,280.835,266.94444444444446,2021-11-02 18:14:40+00:00,0.0,2014.0,827.58,True,14.333333333333334,True,TP,1.0,1108.5576273476304,1047.6889478672897,1171.558775337583,1106.6104800120331,1049.6369708992531,1166.1997349166618,1107.995575218718,1052.0594074944333,1168.1241161368353,1096.4440198728605,1038.6952650491057,1157.9017055028871,1037.5007855695342,985.9875716902957,1095.8082299504604,1007.8168141637266,957.1944759382782,1067.470752876469
21,1704,,,1.0,1.0,,2021-11-02 18:29:00+00:00,,,,Methane,NT,NT,NT,NT,NT,,,,,,2021-11-02 18:29:00+00:00,,,PRISMA/Kayrros,1,,PRISMA,Kayrros,,,,61385.8,4.0,218645.0,61385.8,False,,61434.906666666364,61450.77333333364,61480.38666666674,60867.71533333642,57491.60733333091,55935.9708888869,AZ,1.1326666666666698,0.9378333333333304,0.968555555555555,1.056300000000003,0.9524166666666707,0.9524166666666707,308.23333333333335,270.0833333333333,285.6,292.16333333333336,280.835,266.94444444444446,2021-11-02 18:14:40+00:00,0.0,2014.0,827.58,True,14.333333333333334,True,TP,1.0,1108.7947504050253,1047.2512362112552,1171.6229895699337,1104.3348624318614,1046.2303098465284,1165.180338228013,1107.5242579940136,1045.4513501745437,1171.0872316042219,1093.525104689307,1035.6081818660311,1153.8808341326169,1035.287606851263,979.8808948158576,1096.6457108445868,1006.5813510187958,952.5515746151667,1062.7013877145682
22,1732,,,1.0,1.0,,2021-11-02 18:29:00+00:00,,,,Methane,NT,NT,NT,NT,NT,,,,,,2021-11-02 18:29:00+00:00,,,PRISMA/UPV,2,,PRISMA,UPV,,,,61385.8,4.0,218645.0,61385.8,False,,61434.906666666364,61450.77333333364,61480.38666666674,60867.71533333642,57491.60733333091,55935.9708888869,AZ,1.1326666666666698,0.9378333333333304,0.968555555555555,1.056300000000003,0.9524166666666707,0.9524166666666707,308.23333333333335,270.0833333333333,285.6,292.16333333333336,280.835,266.94444444444446,2021-11-02 18:14:40+00:00,0.0,2014.0,827.58,True,14.333333333333334,True,TP,1.0,1108.563712351623,1047.6184808969422,1170.7828119268847,1107.4276119139936,1043.9798558100506,1176.288195133413,1110.0344678080187,1051.9760028908931,1176.9274217830575,1095.9522052802984,1046.3276729933975,1150.77786387762,1035.958179360565,979.1957041503483,1090.858967298427,1006.9804952305287,954.6263891643287,1064.6512481307814
23,1756,,,1.0,1.0,,2021-11-02 18:29:00+00:00,,,,Methane,NT,NT,NT,NT,NT,,,,,,2021-11-02 18:29:00+00:00,,,PRISMA/Kayrros,2,,PRISMA,Kayrros,,,,61385.8,4.0,218645.0,61385.8,False,,61434.906666666364,61450.77333333364,61480.38666666674,60867.71533333642,57491.60733333091,55935.9708888869,AZ,1.1326666666666698,0.9378333333333304,0.968555555555555,1.056300000000003,0.9524166666666707,0.9524166666666707,308.23333333333335,270.0833333333333,285.6,292.16333333333336,280.835,266.94444444444446,2021-11-02 18:14:40+00:00,0.0,2014.0,827.58,True,14.333333333333334,True,TP,1.0,1108.0588488093024,1047.2178785330348,1170.1739829166904,1108.3359579387172,1051.3104200003045,1172.0206813958612,1107.0578871099478,1051.1947195961227,1172.2313158864,1096.9171799886917,1037.3102798875088,1160.5381914413238,1035.2530822324707,980.5523505547342,1091.5655741982976,1007.3813634715736,955.0413522814376,1063.7541239634252
24,1681,,7.0,1.0,1.0,,2021-10-19 18:24:58+00:00,,,,Methane,170.88,5468,,,1446,1.481,-96.7,,,,2021-10-19 18:24:58+00:00,,,Sentinel-2/UPV,1,,Sentinel-2,UPV,UT 1 sigma,,,409664.08,8.0,218645.0,409664.08,False,,409695.3840000004,408949.2794999996,408024.5067777771,398437.5124333338,382612.9313666663,377712.3534999988,AZ,2.431666666666671,1.8085000000000109,1.662999999999996,1.9673333333333332,2.3976666666666606,2.3976666666666606,42.43333333333333,47.516666666666666,101.4,73.77,51.25666666666667,69.87666666666667,2021-10-19 18:05:36+00:00,0.0,2004.0,2874.49,True,19.366666666666667,True,TP,1.0,7391.664272456388,6988.195392046029,7808.338129633436,7363.447836395988,6989.9105904129465,7786.212684171824,7358.009954883615,7002.342796392522,7770.749451841091,7188.993379281215,6814.496467835588,7629.304332765133,6897.388145689327,6513.613790491529,7275.979721345931,6804.535438519392,6438.909138079256,7217.863541516959
25,1692,,18.0,1.0,1.0,,2021-10-19 18:24:58+00:00,,,,Methane,319,6790,10408,4095,1-sigma confidence interval,2.9,338,189,,,2021-10-19 18:24:58+00:00,,,Sentinel-2/Kayrros,1,,Sentinel-2,Kayrros,+/- 1 sigma,,,409664.08,8.0,218645.0,409664.08,False,,409695.3840000004,408949.2794999996,408024.5067777771,398437.5124333338,382612.9313666663,377712.3534999988,AZ,2.431666666666671,1.8085000000000109,1.662999999999996,1.9673333333333332,2.3976666666666606,2.3976666666666606,42.43333333333333,47.516666666666666,101.4,73.77,51.25666666666667,69.87666666666667,2021-10-19 18:05:36+00:00,0.0,2004.0,2874.49,True,19.366666666666667,True,TP,1.0,7389.333889417784,6986.8886625562345,7804.416599838816,7349.727727725905,6942.833046940488,7790.189365221044,7351.042126803542,6952.009872174233,7782.090495399548,7158.226795975544,6810.125454316865,7536.296498758897,6901.965882742455,6531.869821730537,7315.13816900243,6795.112582387397,6448.926825094653,7171.22125657346
26,1707,,32.0,1.0,1.0,,2021-10-19 18:24:58+00:00,,,,Methane,188,4069,6322,1816,+/- 1 sigma,0.96373,4.321728,UnknownSentinel2Direction,,,2021-10-19 18:24:58+00:00,,,Sentinel-2/Harvard,1,,Sentinel-2,Harvard,+/- 1 sigma,,,409664.08,8.0,218645.0,409664.08,False,,409695.3840000004,408949.2794999996,408024.5067777771,398437.5124333338,382612.9313666663,377712.3534999988,AZ,2.431666666666671,1.8085000000000109,1.662999999999996,1.9673333333333332,2.3976666666666606,2.3976666666666606,42.43333333333333,47.516666666666666,101.4,73.77,51.25666666666667,69.87666666666667,2021-10-19 18:05:36+00:00,0.0,2004.0,2874.49,True,19.366666666666667,True,TP,1.0,7393.166241072996,6988.642380167343,7809.344760586606,7351.89713746034,6948.045230781447,7769.0487229106875,7354.2135350836925,6949.468057870048,7783.299190731553,7177.037705322817,6787.228188180023,7599.272833133637,6888.784202582398,6517.743770292209,7270.00699668547,6789.708089451854,6392.25979372528,7192.950059522814
27,1715,,40.0,,,,2021-10-19 18:24:58+00:00,,,,Methane,340,3760,1970,6260,Min/max,1.8,175,,,,2021-10-19 18:24:58+00:00,,,Sentinel-2/SRON,1,,Sentinel-2,SRON,Min/max,0.8,2.9,409664.08,8.0,218645.0,409664.08,False,,409695.3840000004,408949.2794999996,408024.5067777771,398437.5124333338,382612.9313666663,377712.3534999988,AZ,2.431666666666671,1.8085000000000109,1.662999999999996,1.9673333333333332,2.3976666666666606,2.3976666666666606,42.43333333333333,47.516666666666666,101.4,73.77,51.25666666666667,69.87666666666667,2021-10-19 18:05:36+00:00,0.0,2004.0,2874.49,True,19.366666666666667,True,TP,1.0,7388.820732541035,6976.710257097285,7801.635090227591,7373.461047241667,6985.875264580885,7781.174939854651,7356.066178402414,6960.416609423388,7792.798702961738,7170.39890793766,6780.856735780202,7602.185502179154,6903.281864574376,6561.784001568018,7290.724687507782,6799.07363172828,6446.13253602641,7137.432042287717
28,1733,,7.0,1.0,1.0,,2021-10-19 18:24:58+00:00,,,,Methane,170.88,7234,18:24:58.763092Z,276.5,2331,2.4,,,,,2021-10-19 18:24:58+00:00,,,Sentinel-2/UPV,2,,Sentinel-2,UPV,UT 1 sigma,,,409664.08,8.0,218645.0,409664.08,False,,409695.3840000004,408949.2794999996,408024.5067777771,398437.5124333338,382612.9313666663,377712.3534999988,AZ,2.431666666666671,1.8085000000000109,1.662999999999996,1.9673333333333332,2.3976666666666606,2.3976666666666606,42.43333333333333,47.516666666666666,101.4,73.77,51.25666666666667,69.87666666666667,2021-10-19 18:05:36+00:00,0.0,2004.0,2874.49,True,19.366666666666667,True,TP,1.0,7393.528424829285,6988.984508162448,7809.524511413051,7353.768437081884,6966.510656840641,7778.108574260796,7327.078947680747,6936.718696493288,7717.150920879094,7186.9265524205,6821.965900286048,7604.687767521678,6898.578825207105,6528.591508712275,7253.73572869433,6797.527934749119,6445.4880556117805,7162.347462177442
29,1744,,18.0,1.0,1.0,,2021-10-19 18:24:58+00:00,,,,Methane,319,6098,7431,4765,1-sigma confidence interval,2.49,14.79,189.0,,,2021-10-19 18:24:58+00:00,,,Sentinel-2/Kayrros,2,,Sentinel-2,Kayrros,+/- 1 sigma,,,409664.08,8.0,218645.0,409664.08,False,,409695.3840000004,408949.2794999996,408024.5067777771,398437.5124333338,382612.9313666663,377712.3534999988,AZ,2.431666666666671,1.8085000000000109,1.662999999999996,1.9673333333333332,2.3976666666666606,2.3976666666666606,42.43333333333333,47.516666666666666,101.4,73.77,51.25666666666667,69.87666666666667,2021-10-19 18:05:36+00:00,0.0,2004.0,2874.49,True,19.366666666666667,True,TP,1.0,7394.589535806574,6983.255605242725,7813.891199822019,7360.6459536510765,6993.187826158957,7755.843558369834,7349.5870672976025,6966.49797444728,7789.432164067377,7170.584618794732,6792.959725134858,7575.345094372856,6884.504188717146,6511.717335536119,7252.6842095885,6790.902087529934,6411.107347705173,7128.948724909151
30,1759,,32.0,1.0,1.0,,2021-10-19 18:24:58+00:00,,,,Methane,,5684,7053,4315,+/- 1 sigma,1.545715,,,,,2021-10-19 18:24:58+00:00,,,Sentinel-2/Harvard,2,,Sentinel-2,Harvard,+/- 1 sigma,,,409664.08,8.0,218645.0,409664.08,False,,409695.3840000004,408949.2794999996,408024.5067777771,398437.5124333338,382612.9313666663,377712.3534999988,AZ,2.431666666666671,1.8085000000000109,1.662999999999996,1.9673333333333332,2.3976666666666606,2.3976666666666606,42.43333333333333,47.516666666666666,101.4,73.77,51.25666666666667,69.87666666666667,2021-10-19 18:05:36+00:00,0.0,2004.0,2874.49,True,19.366666666666667,True,TP,1.0,7394.442201506533,6985.874676298507,7816.285072359765,7349.209654112532,6952.777093457411,7751.253379393369,7351.79404364538,6966.593021746397,7771.147751094511,7179.935610467141,6801.610593488697,7602.382337538198,6880.030998811872,6507.9926917362955,7267.863392767967,6806.3169634747765,6498.586139769548,7134.966017244817
31,1767,,40.0,,,,2021-10-19 18:24:58+00:00,,,,Methane,340,4680,3410,6000,Min/max,2.6,197,,,,2021-10-19 18:24:58+00:00,,,Sentinel-2/SRON,2,,Sentinel-2,SRON,Min/max,1.7,3.4,409664.08,8.0,218645.0,409664.08,False,,409695.3840000004,408949.2794999996,408024.5067777771,398437.5124333338,382612.9313666663,377712.3534999988,AZ,2.431666666666671,1.8085000000000109,1.662999999999996,1.9673333333333332,2.3976666666666606,2.3976666666666606,42.43333333333333,47.516666666666666,101.4,73.77,51.25666666666667,69.87666666666667,2021-10-19 18:05:36+00:00,0.0,2004.0,2874.49,True,19.366666666666667,True,TP,1.0,7392.72919922235,6991.556610782251,7812.173759843387,7365.416985608399,6983.8810905460505,7770.975382116601,7348.392623167273,6977.721059553778,7800.020879838521,7181.277933277165,6784.8438946177275,7602.790294632014,6888.496542679852,6520.979400190376,7257.41847446489,6799.690658706718,6452.081369623627,7137.54652813379
32,1682,,8.0,1.0,2.0,,2021-10-21 18:10:37+00:00,,,,Methane,278.21,3032,,,1012,2.606,-86.2,,,,2021-10-21 18:10:37+00:00,,,Landsat 8/UPV,1,,Landsat 8,UPV,UT 1 sigma,,,231569.0,8.0,218645.0,231569.0,True,,231569.00000000064,231568.9999999994,231568.99999999948,231569.0000000004,231569.00000000015,231568.99999999927,AZ,4.070666666666672,3.992333333333309,3.785333333333335,3.7921333333333327,3.9859833333333374,3.9859833333333374,51.96666666666667,48.766666666666666,46.111111111111114,38.903333333333336,43.72833333333333,46.894444444444446,2021-10-21 17:55:38+00:00,0.0,2005.0,3552.435,True,14.983333333333333,True,TP,1.0,4175.391360094395,3945.143917899442,4407.614782034489,4169.306528482613,3920.569233584468,4388.913795429235,4175.226491461817,3971.6439776722727,4398.120033091159,4192.600662589904,3959.723731229456,4440.533965295634,4229.42751340907,3900.713064379736,4599.053668718363,4334.901709066724,3829.6980997047085,4810.5155732740395
33,1699,,25.0,1.0,1.0,,2021-10-21 18:10:37+00:00,,,,Methane,319,2171,4958,626,1-sigma confidence interval,2.2,6,189,,,2021-10-21 18:10:37+00:00,,,Landsat 8/Kayrros,1,,Landsat 8,Kayrros,+/- 1 sigma,,,231569.0,8.0,218645.0,231569.0,True,,231569.00000000064,231568.9999999994,231568.99999999948,231569.0000000004,231569.00000000015,231568.99999999927,AZ,4.070666666666672,3.992333333333309,3.785333333333335,3.7921333333333327,3.9859833333333374,3.9859833333333374,51.96666666666667,48.766666666666666,46.111111111111114,38.903333333333336,43.72833333333333,46.894444444444446,2021-10-21 17:55:38+00:00,0.0,2005.0,3552.435,True,14.983333333333333,True,TP,1.0,4176.463536381973,3945.595728117904,4410.259763101392,4165.260196305388,3947.719732012979,4399.007228723222,4175.143717706464,3930.4131234963097,4403.494817509918,4186.326706225813,3956.3427112802865,4418.238283510429,4247.616304034728,3910.9591655726726,4576.453086122574,4333.4401150202375,3872.096266623609,4817.506422030063
34,1716,,41.0,,,,2021-10-21 18:10:37+00:00,,,,Methane,490,1810,1418,2110,Min/max,2.2,186,,,,2021-10-21 18:10:37+00:00,,,Landsat 8/SRON,1,,Landsat 8,SRON,Min/max,1.7,2.4,231569.0,8.0,218645.0,231569.0,True,,231569.00000000064,231568.9999999994,231568.99999999948,231569.0000000004,231569.00000000015,231568.99999999927,AZ,4.070666666666672,3.992333333333309,3.785333333333335,3.7921333333333327,3.9859833333333374,3.9859833333333374,51.96666666666667,48.766666666666666,46.111111111111114,38.903333333333336,43.72833333333333,46.894444444444446,2021-10-21 17:55:38+00:00,0.0,2005.0,3552.435,True,14.983333333333333,True,TP,1.0,4173.675830562588,3946.3610863658996,4405.877039166327,4166.892457641937,3940.35963720032,4383.777464779114,4183.420615717866,3960.033855612415,4419.894578712185,4188.038249584947,3985.5878159421886,4448.747888289028,4228.064671613579,3890.749822309095,4593.053004421698,4359.9212434398105,3841.103975983981,4867.9958838055445
35,1734,,8.0,1.0,2.0,,2021-10-21 18:10:37+00:00,,,,Methane,278.21,4085,18:10:37.5283260Z,178.88,1531,3.98,,,,,2021-10-21 18:10:37+00:00,,,Landsat 8/UPV,2,,Landsat 8,UPV,UT 1 sigma,,,231569.0,8.0,218645.0,231569.0,True,,231569.00000000064,231568.9999999994,231568.99999999948,231569.0000000004,231569.00000000015,231568.99999999927,AZ,4.070666666666672,3.992333333333309,3.785333333333335,3.7921333333333327,3.9859833333333374,3.9859833333333374,51.96666666666667,48.766666666666666,46.111111111111114,38.903333333333336,43.72833333333333,46.894444444444446,2021-10-21 17:55:38+00:00,0.0,2005.0,3552.435,True,14.983333333333333,True,TP,1.0,4175.026986327924,3952.36655831025,4403.811058535161,4157.549292165557,3940.47979831761,4404.480093961989,4163.611314666602,3943.242293516125,4409.852281718,4187.510204631042,3955.20498804011,4427.543208952537,4235.200819903083,3914.869497020998,4575.905558310109,4344.530286099925,3863.0764489203493,4839.014786279824
36,1751,,25.0,1.0,1.0,,2021-10-21 18:10:37+00:00,,,,Methane,319,3234,3921,2547,1-sigma confidence interval,3.9,47.46,189.0,,,2021-10-21 18:10:37+00:00,,,Landsat 8/Kayrros,2,,Landsat 8,Kayrros,+/- 1 sigma,,,231569.0,8.0,218645.0,231569.0,True,,231569.00000000064,231568.9999999994,231568.99999999948,231569.0000000004,231569.00000000015,231568.99999999927,AZ,4.070666666666672,3.992333333333309,3.785333333333335,3.7921333333333327,3.9859833333333374,3.9859833333333374,51.96666666666667,48.766666666666666,46.111111111111114,38.903333333333336,43.72833333333333,46.894444444444446,2021-10-21 17:55:38+00:00,0.0,2005.0,3552.435,True,14.983333333333333,True,TP,1.0,4176.777588941287,3945.130191314633,4408.631598848022,4162.962207867712,3942.3515165994168,4407.0841406699565,4177.798815260784,3965.7452722069966,4401.186373769375,4193.046271506717,3949.644502975104,4447.916060639145,4238.497084055034,3900.8380873307697,4568.012904180017,4313.865948804364,3831.6879943420927,4821.779903040013
37,1768,,41.0,,,,2021-10-21 18:10:37+00:00,,,,Methane,490,2780,2450,3170,Min/max,4.1,221,,,,2021-10-21 18:10:37+00:00,,,Landsat 8/SRON,2,,Landsat 8,SRON,Min/max,3.9,4.4,231569.0,8.0,218645.0,231569.0,True,,231569.00000000064,231568.9999999994,231568.99999999948,231569.0000000004,231569.00000000015,231568.99999999927,AZ,4.070666666666672,3.992333333333309,3.785333333333335,3.7921333333333327,3.9859833333333374,3.9859833333333374,51.96666666666667,48.766666666666666,46.111111111111114,38.903333333333336,43.72833333333333,46.894444444444446,2021-10-21 17:55:38+00:00,0.0,2005.0,3552.435,True,14.983333333333333,True,TP,1.0,4175.170107831568,3946.073768945017,4408.913662782015,4169.660544304321,3943.8054162683175,4393.522923226368,4161.187866647289,3951.2132503465555,4388.795690778852,4189.109386270567,3968.3286457386694,4415.616320130921,4240.254364893386,3900.9634553278734,4577.661831171523,4345.165292633241,3894.3916454826685,4836.656243645889
38,1683,,9.0,1.0,1.0,,2021-10-22 18:34:54+00:00,,,,Methane,164.92,3005,,,1011,2.371,8.6,,,,2021-10-22 18:34:54+00:00,,,Sentinel-2/UPV,1,,Sentinel-2,UPV,UT 1 sigma,,,92870.1,4.0,218645.0,92870.1,False,,92537.35666666731,92536.41499999938,92699.32777777732,93015.67433333375,93858.3521666671,94985.38955555535,AZ,2.0990000000000033,2.196500000000007,2.2753333333333297,2.342733333333328,2.081833333333345,2.081833333333345,305.1,300.51666666666665,296.77777777777777,301.8066666666667,309.52,298.47222222222223,2021-10-22 18:16:57+00:00,0.0,2006.0,2148.9,True,17.95,True,TP,1.0,1669.497741524276,1577.1843420032428,1764.7917976036076,1666.9930834448314,1571.3663066391387,1755.0398490133127,1669.8403213582365,1590.1413242465758,1757.987865350993,1675.202532091267,1591.0760364134367,1765.0677752833408,1687.6263038795055,1597.427127858614,1775.0338234647643,1708.0308834213392,1612.4731521998483,1813.1627632151462
39,1693,,19.0,1.0,1.0,,2021-10-22 18:34:54+00:00,,,,Methane,0,0,,,,,,,,,2021-10-22 18:34:54+00:00,,,Sentinel-2/Kayrros,1,,Sentinel-2,Kayrros,,,,92870.1,4.0,218645.0,92870.1,False,,92537.35666666731,92536.41499999938,92699.32777777732,93015.67433333375,93858.3521666671,94985.38955555535,AZ,2.0990000000000033,2.196500000000007,2.2753333333333297,2.342733333333328,2.081833333333345,2.081833333333345,305.1,300.51666666666665,296.77777777777777,301.8066666666667,309.52,298.47222222222223,2021-10-22 18:16:57+00:00,0.0,2006.0,2148.9,True,17.95,True,TP,1.0,1669.2859676873863,1577.624490355434,1763.831864365768,1664.9775317555386,1578.377950459551,1764.302108577284,1669.737279961826,1580.1420286155394,1768.2259082423461,1680.216541477973,1603.2217183480645,1773.137584196554,1689.9139884446902,1611.7469133697418,1785.218698092996,1710.1675180652921,1618.0253109557393,1804.3878051313345
40,1708,,33.0,1.0,1.0,,2021-10-22 18:34:54+00:00,,,,Methane,148,2102,3056,1148,+/- 1 sigma,1.764591,269.780224,UnknownSentinel2Direction,,,2021-10-22 18:34:54+00:00,,,Sentinel-2/Harvard,1,,Sentinel-2,Harvard,+/- 1 sigma,,,92870.1,4.0,218645.0,92870.1,False,,92537.35666666731,92536.41499999938,92699.32777777732,93015.67433333375,93858.3521666671,94985.38955555535,AZ,2.0990000000000033,2.196500000000007,2.2753333333333297,2.342733333333328,2.081833333333345,2.081833333333345,305.1,300.51666666666665,296.77777777777777,301.8066666666667,309.52,298.47222222222223,2021-10-22 18:16:57+00:00,0.0,2006.0,2148.9,True,17.95,True,TP,1.0,1669.5150345958803,1577.8297228888225,1765.38350249078,1665.7803857937788,1577.4111107537115,1764.3991017202152,1669.979424602446,1580.373565568239,1759.4721640926168,1679.0827635617213,1580.9211060254215,1778.439091104445,1688.9893161508433,1601.3690768710412,1769.635823729262,1710.325077393161,1623.2400412204802,1809.6584759598431
41,1717,,42.0,,,,2021-10-22 18:34:54+00:00,,,,Methane,330,1160,570,2590,Min/max,1.4,92,,,,2021-10-22 18:34:54+00:00,,,Sentinel-2/SRON,1,,Sentinel-2,SRON,Min/max,0.6,3.2,92870.1,4.0,218645.0,92870.1,False,,92537.35666666731,92536.41499999938,92699.32777777732,93015.67433333375,93858.3521666671,94985.38955555535,AZ,2.0990000000000033,2.196500000000007,2.2753333333333297,2.342733333333328,2.081833333333345,2.081833333333345,305.1,300.51666666666665,296.77777777777777,301.8066666666667,309.52,298.47222222222223,2021-10-22 18:16:57+00:00,0.0,2006.0,2148.9,True,17.95,True,TP,1.0,1670.4393259309597,1579.1983085782879,1764.714100250281,1665.8959706411479,1578.9518618586153,1760.3562688356726,1669.496959571564,1582.571001466591,1776.8870888671095,1675.2494921484627,1593.651543913269,1778.5076439222833,1690.9250418808963,1599.0760400023253,1775.4294551687453,1711.115050682479,1620.4585858670794,1804.4429172518226
42,1735,,9.0,1.0,1.0,,2021-10-22 18:34:54+00:00,,,,Methane,164.92,2773,18:34:54.542039Z,111.71,893,2.08,,,,,2021-10-22 18:34:54+00:00,,,Sentinel-2/UPV,2,,Sentinel-2,UPV,UT 1 sigma,,,92870.1,4.0,218645.0,92870.1,False,,92537.35666666731,92536.41499999938,92699.32777777732,93015.67433333375,93858.3521666671,94985.38955555535,AZ,2.0990000000000033,2.196500000000007,2.2753333333333297,2.342733333333328,2.081833333333345,2.081833333333345,305.1,300.51666666666665,296.77777777777777,301.8066666666667,309.52,298.47222222222223,2021-10-22 18:16:57+00:00,0.0,2006.0,2148.9,True,17.95,True,TP,1.0,1668.8483802401404,1579.03601703541,1760.3663965094731,1666.3111239047166,1575.3864019790817,1750.3937232100147,1671.0098340687468,1577.5890497867595,1768.494242726089,1674.9235256730685,1591.8375293802978,1777.4778978157583,1688.7147841751648,1599.383585095407,1776.0165819150832,1710.576546726244,1622.2653529527952,1806.435355383138
43,1745,,19.0,1.0,1.0,,2021-10-22 18:34:54+00:00,,,,Methane,0,0,,,,,,,,,2021-10-22 18:34:54+00:00,,,Sentinel-2/Kayrros,2,,Sentinel-2,Kayrros,,,,92870.1,4.0,218645.0,92870.1,False,,92537.35666666731,92536.41499999938,92699.32777777732,93015.67433333375,93858.3521666671,94985.38955555535,AZ,2.0990000000000033,2.196500000000007,2.2753333333333297,2.342733333333328,2.081833333333345,2.081833333333345,305.1,300.51666666666665,296.77777777777777,301.8066666666667,309.52,298.47222222222223,2021-10-22 18:16:57+00:00,0.0,2006.0,2148.9,True,17.95,True,TP,1.0,1669.7764117585302,1576.4620144075877,1763.5413680384304,1662.3459481722773,1574.1321120924513,1756.292334742457,1671.7224033681005,1587.6326882417957,1766.3650165715821,1674.0441033824668,1592.5476943208264,1776.6638337637487,1690.996063025474,1596.403425241976,1792.6612555733323,1708.6806538140645,1619.2625246632392,1802.329309666125
44,1760,,33.0,1.0,1.0,,2021-10-22 18:34:54+00:00,,,,Methane,,2652,3335,1969,+/- 1 sigma,2.373983,,,,,2021-10-22 18:34:54+00:00,,,Sentinel-2/Harvard,2,,Sentinel-2,Harvard,+/- 1 sigma,,,92870.1,4.0,218645.0,92870.1,False,,92537.35666666731,92536.41499999938,92699.32777777732,93015.67433333375,93858.3521666671,94985.38955555535,AZ,2.0990000000000033,2.196500000000007,2.2753333333333297,2.342733333333328,2.081833333333345,2.081833333333345,305.1,300.51666666666665,296.77777777777777,301.8066666666667,309.52,298.47222222222223,2021-10-22 18:16:57+00:00,0.0,2006.0,2148.9,True,17.95,True,TP,1.0,1669.66641011349,1578.7644363088402,1764.0475886195563,1664.0377501030373,1577.3778799638699,1746.2532900282577,1670.9852545882081,1587.1635226193791,1770.4874326719278,1675.710424788426,1584.4165206206644,1757.5891219405794,1687.8565381934097,1596.8836388518107,1781.9798748182222,1706.8679350204175,1616.0351112033604,1811.5347706962461
45,1769,,42.0,,,,2021-10-22 18:34:54+00:00,,,,Methane,330,1500,1203,1790,Min/max,1.9,113,,,,2021-10-22 18:34:54+00:00,,,Sentinel-2/SRON,2,,Sentinel-2,SRON,Min/max,1.4,2.3,92870.1,4.0,218645.0,92870.1,False,,92537.35666666731,92536.41499999938,92699.32777777732,93015.67433333375,93858.3521666671,94985.38955555535,AZ,2.0990000000000033,2.196500000000007,2.2753333333333297,2.342733333333328,2.081833333333345,2.081833333333345,305.1,300.51666666666665,296.77777777777777,301.8066666666667,309.52,298.47222222222223,2021-10-22 18:16:57+00:00,0.0,2006.0,2148.9,True,17.95,True,TP,1.0,1670.8277675348968,1579.757921239946,1764.6017190905095,1662.8535162529126,1580.8391476091729,1757.130506960721,1670.0927965735466,1583.0729749432217,1767.869730593834,1674.4073565843069,1584.607441807001,1757.9977396428148,1687.719125916415,1599.3638137395105,1793.3546692848768,1705.7521752677287,1615.870953151146,1792.5727397609662
46,1684,,10.0,1.0,1.0,,2021-10-24 18:25:02+00:00,,,,Methane,FR,FR,FR,FR,FR,,,,,,2021-10-24 18:25:02+00:00,,,Sentinel-2/UPV,1,,Sentinel-2,UPV,,,,225354.0,8.0,218645.0,225354.0,False,,225786.6666666664,225899.80000000025,225898.0222222223,221737.3633333365,219167.52333333014,218882.74444444198,AZ,2.8506666666666685,2.4328333333333334,2.4850000000000296,2.4756333333333305,2.3718499999999945,2.3718499999999945,263.1333333333333,261.35,261.3,255.42666666666668,266.57166666666666,259.5133333333333,2021-10-24 18:11:05+00:00,0.0,2009.0,1956.56,True,13.95,True,TP,1.0,4074.6176883342764,3849.0098835088716,4308.593793532965,4064.2733582479946,3853.6016576290513,4264.253712849511,4065.528134224546,3847.2820676366637,4318.516243535562,3995.9986753805074,3778.926720693581,4205.867105809597,3950.0077278111307,3724.3880007353555,4192.796103418974,3934.80565113614,3722.802152591989,4129.345423004723
47,1694,,20.0,1.0,1.0,,2021-10-24 18:25:02+00:00,,,,Methane,cloudy,cloudy,,,,,,,,,2021-10-24 18:25:02+00:00,,,Sentinel-2/Kayrros,1,,Sentinel-2,Kayrros,,,,225354.0,8.0,218645.0,225354.0,False,,225786.6666666664,225899.80000000025,225898.0222222223,221737.3633333365,219167.52333333014,218882.74444444198,AZ,2.8506666666666685,2.4328333333333334,2.4850000000000296,2.4756333333333305,2.3718499999999945,2.3718499999999945,263.1333333333333,261.35,261.3,255.42666666666668,266.57166666666666,259.5133333333333,2021-10-24 18:11:05+00:00,0.0,2009.0,1956.56,True,13.95,True,TP,1.0,4075.892242791649,3851.534052557668,4307.013598094645,4069.7590170236617,3861.864061700462,4303.439497993838,4066.1562841301998,3859.772051314706,4281.19067075789,3996.8463911084186,3776.0673383852745,4232.441710021987,3951.4550582212446,3734.806574737821,4172.589768745454,3947.980304833536,3732.8337174173857,4159.093538616291
48,1709,,34.0,1.0,1.0,,2021-10-24 18:25:02+00:00,,,,Methane,FR,FR,FR,FR,FR,FR,FR,UnknownSentinel2Direction,,,2021-10-24 18:25:02+00:00,,,Sentinel-2/Harvard,1,,Sentinel-2,Harvard,,,,225354.0,8.0,218645.0,225354.0,False,,225786.6666666664,225899.80000000025,225898.0222222223,221737.3633333365,219167.52333333014,218882.74444444198,AZ,2.8506666666666685,2.4328333333333334,2.4850000000000296,2.4756333333333305,2.3718499999999945,2.3718499999999945,263.1333333333333,261.35,261.3,255.42666666666668,266.57166666666666,259.5133333333333,2021-10-24 18:11:05+00:00,0.0,2009.0,1956.56,True,13.95,True,TP,1.0,4074.056239296683,3848.1793686916994,4298.36977883467,4070.552254993157,3870.6669100034037,4280.6268428013245,4080.281631183784,3864.825842125726,4316.095970235041,3992.0865623961326,3784.7359200676883,4201.397752594363,3947.1548754609594,3741.462650960174,4170.430118062308,3949.149699827733,3738.8147017505144,4178.682749134099
49,1718,,43.0,,,,2021-10-24 18:25:02+00:00,,,,Methane,FR,FR,FR,FR,FR,FR,FR,,,,2021-10-24 18:25:02+00:00,,,Sentinel-2/SRON,1,,Sentinel-2,SRON,,,,225354.0,8.0,218645.0,225354.0,False,,225786.6666666664,225899.80000000025,225898.0222222223,221737.3633333365,219167.52333333014,218882.74444444198,AZ,2.8506666666666685,2.4328333333333334,2.4850000000000296,2.4756333333333305,2.3718499999999945,2.3718499999999945,263.1333333333333,261.35,261.3,255.42666666666668,266.57166666666666,259.5133333333333,2021-10-24 18:11:05+00:00,0.0,2009.0,1956.56,True,13.95,True,TP,1.0,4073.5395582717874,3855.59234116553,4299.4074094277785,4069.075004852524,3848.0170818564648,4310.929792055511,4074.4576131884046,3862.7008818570703,4322.78314456733,4004.3365788506735,3781.4775791173943,4238.655189467433,3942.1742031629387,3714.261191566624,4156.172542766219,3941.077249102887,3735.250731481774,4144.660819262402
50,1736,,10.0,1.0,1.0,,2021-10-24 18:25:02+00:00,,,,Methane,,FR,FR,FR,FR,,,,,,2021-10-24 18:25:02+00:00,,,Sentinel-2/UPV,2,,Sentinel-2,UPV,,,,225354.0,8.0,218645.0,225354.0,False,,225786.6666666664,225899.80000000025,225898.0222222223,221737.3633333365,219167.52333333014,218882.74444444198,AZ,2.8506666666666685,2.4328333333333334,2.4850000000000296,2.4756333333333305,2.3718499999999945,2.3718499999999945,263.1333333333333,261.35,261.3,255.42666666666668,266.57166666666666,259.5133333333333,2021-10-24 18:11:05+00:00,0.0,2009.0,1956.56,True,13.95,True,TP,1.0,4076.563536550203,3853.6458183866625,4307.867001831954,4074.3272318774248,3873.440682589551,4305.480874200827,4068.503398530204,3835.328247431323,4329.93607388805,3992.117938482323,3794.939254042726,4208.206699740194,3941.8037708206116,3739.43718110984,4129.7164050974,3938.8299420681324,3730.548546568119,4181.562580327809
51,1746,,20.0,1.0,1.0,,2021-10-24 18:25:02+00:00,,,,Methane,cloudy,cloudy,,,,,,,,,2021-10-24 18:25:02+00:00,,,Sentinel-2/Kayrros,2,,Sentinel-2,Kayrros,,,,225354.0,8.0,218645.0,225354.0,False,,225786.6666666664,225899.80000000025,225898.0222222223,221737.3633333365,219167.52333333014,218882.74444444198,AZ,2.8506666666666685,2.4328333333333334,2.4850000000000296,2.4756333333333305,2.3718499999999945,2.3718499999999945,263.1333333333333,261.35,261.3,255.42666666666668,266.57166666666666,259.5133333333333,2021-10-24 18:11:05+00:00,0.0,2009.0,1956.56,True,13.95,True,TP,1.0,4075.841427631599,3849.64816785175,4303.185961115549,4076.1552053012633,3884.664222249883,4307.208427626385,4057.095681285076,3848.2127829204564,4289.665548774958,3988.1892981587994,3769.774535442217,4203.68213784769,3949.9543776259843,3738.599001143237,4158.6704496459615,3946.8265709887087,3720.7014822672645,4168.234233530704
52,1761,,34.0,1.0,1.0,,2021-10-24 18:25:02+00:00,,,,Methane,,FR,FR,FR,FR,FR,,,,,2021-10-24 18:25:02+00:00,,,Sentinel-2/Harvard,2,,Sentinel-2,Harvard,,,,225354.0,8.0,218645.0,225354.0,False,,225786.6666666664,225899.80000000025,225898.0222222223,221737.3633333365,219167.52333333014,218882.74444444198,AZ,2.8506666666666685,2.4328333333333334,2.4850000000000296,2.4756333333333305,2.3718499999999945,2.3718499999999945,263.1333333333333,261.35,261.3,255.42666666666668,266.57166666666666,259.5133333333333,2021-10-24 18:11:05+00:00,0.0,2009.0,1956.56,True,13.95,True,TP,1.0,4076.097734447038,3855.5944502204134,4303.419815092549,4061.541324288295,3834.529359812157,4270.4748819722745,4064.361494963628,3846.172372219172,4290.567727759291,3999.619241742013,3766.975134332579,4227.840327345803,3944.0864752620832,3739.4317461149867,4164.292911630263,3948.101648580612,3728.2657173252733,4189.818678115544
53,1770,,43.0,,,,2021-10-24 18:25:02+00:00,,,,Methane,FR,FR,FR,FR,FR,FR,FR,,,,2021-10-24 18:25:02+00:00,,,Sentinel-2/SRON,2,,Sentinel-2,SRON,,,,225354.0,8.0,218645.0,225354.0,False,,225786.6666666664,225899.80000000025,225898.0222222223,221737.3633333365,219167.52333333014,218882.74444444198,AZ,2.8506666666666685,2.4328333333333334,2.4850000000000296,2.4756333333333305,2.3718499999999945,2.3718499999999945,263.1333333333333,261.35,261.3,255.42666666666668,266.57166666666666,259.5133333333333,2021-10-24 18:11:05+00:00,0.0,2009.0,1956.56,True,13.95,True,TP,1.0,4073.796125724618,3850.332972878007,4307.819253868258,4061.6159897794128,3852.039515061917,4270.326258264476,4065.279688495909,3850.9374554188707,4311.39918631365,3997.5117107318165,3782.3074964867956,4238.344574172106,3951.7016973999794,3744.8646718025684,4187.225139165912,3942.401064732627,3729.854023328548,4155.204769446069
54,1685,,11.0,1.0,1.0,,2021-10-27 18:34:57+00:00,,,,Methane,184.39,5333,,,2108,4.881,-97.5,,,,2021-10-27 18:34:57+00:00,,,Sentinel-2/UPV,1,,Sentinel-2,UPV,UT 1 sigma,,,195078.0,8.0,218645.0,195078.0,False,,195152.83333333302,195377.56666666697,195553.4777777779,194120.96666666976,191475.10333333013,191658.54999999795,AZ,4.5353333333333365,4.318833333333338,4.09733333333334,3.8032000000000084,3.8192166666666565,3.8192166666666565,70.03333333333333,57.0,45.82222222222222,45.36666666666667,51.34,48.13,2021-10-27 18:13:45+00:00,0.0,2011.0,4694.095,True,21.2,True,TP,1.0,3521.246073324349,3325.7052601736154,3717.69173368152,3530.7952612455747,3343.881506457329,3725.0648796674413,3518.5439116237676,3318.371808253799,3719.555150092212,3494.4541619605952,3290.0582257489395,3726.592911019841,3448.1591434665797,3262.467338275532,3631.2034791782153,3463.073164958667,3265.241453670915,3664.0454264940536
55,1695,,21.0,1.0,1.0,,2021-10-27 18:34:57+00:00,,,,Methane,376,5614,9773,2634,1-sigma confidence interval,3.8,350,189,,,2021-10-27 18:34:57+00:00,,,Sentinel-2/Kayrros,1,,Sentinel-2,Kayrros,+/- 1 sigma,,,195078.0,8.0,218645.0,195078.0,False,,195152.83333333302,195377.56666666697,195553.4777777779,194120.96666666976,191475.10333333013,191658.54999999795,AZ,4.5353333333333365,4.318833333333338,4.09733333333334,3.8032000000000084,3.8192166666666565,3.8192166666666565,70.03333333333333,57.0,45.82222222222222,45.36666666666667,51.34,48.13,2021-10-27 18:13:45+00:00,0.0,2011.0,4694.095,True,21.2,True,TP,1.0,3521.561877117022,3329.1685426784575,3719.014649505177,3518.7541534847414,3330.4282871154264,3724.219224213243,3529.38209195277,3346.709358887822,3733.2130195870286,3493.6441815685853,3310.6126071007748,3695.790693365445,3443.020147214136,3243.881567513162,3660.981826604402,3447.6256249001726,3258.5321424235303,3633.855073152531
56,1710,,35.0,1.0,1.0,,2021-10-27 18:34:57+00:00,,,,Methane,187,5187,6956,3418,+/- 1 sigma,4.407491,7.410631,UnknownSentinel2Direction,,,2021-10-27 18:34:57+00:00,,,Sentinel-2/Harvard,1,,Sentinel-2,Harvard,+/- 1 sigma,,,195078.0,8.0,218645.0,195078.0,False,,195152.83333333302,195377.56666666697,195553.4777777779,194120.96666666976,191475.10333333013,191658.54999999795,AZ,4.5353333333333365,4.318833333333338,4.09733333333334,3.8032000000000084,3.8192166666666565,3.8192166666666565,70.03333333333333,57.0,45.82222222222222,45.36666666666667,51.34,48.13,2021-10-27 18:13:45+00:00,0.0,2011.0,4694.095,True,21.2,True,TP,1.0,3521.482848006054,3323.3333958923163,3718.0766278195324,3521.436394948738,3317.868936101503,3726.8211437267983,3523.3698242435494,3333.4172973188415,3714.993983047163,3498.1873281469325,3309.8097202586787,3687.5148792240866,3448.2894336762706,3239.354748498908,3661.8256414934813,3452.5311697025113,3267.5705689853776,3652.0157898562748
57,1719,,44.0,,,,2021-10-27 18:34:57+00:00,,,,Methane,260,2250,1440,2870,Min/max,3.8,184,,,,2021-10-27 18:34:57+00:00,,,Sentinel-2/SRON,1,,Sentinel-2,SRON,Min/max,2.6,4.4,195078.0,8.0,218645.0,195078.0,False,,195152.83333333302,195377.56666666697,195553.4777777779,194120.96666666976,191475.10333333013,191658.54999999795,AZ,4.5353333333333365,4.318833333333338,4.09733333333334,3.8032000000000084,3.8192166666666565,3.8192166666666565,70.03333333333333,57.0,45.82222222222222,45.36666666666667,51.34,48.13,2021-10-27 18:13:45+00:00,0.0,2011.0,4694.095,True,21.2,True,TP,1.0,3521.451175338637,3323.229929209117,3717.9327885756156,3515.6027147442987,3329.615736915765,3726.921706977947,3515.0335989754517,3323.574872437804,3714.3538426754403,3491.3409049613006,3299.890762217592,3705.0478768635185,3446.346812515018,3267.5609166870245,3659.8312468512913,3442.3838443090995,3259.38939421113,3636.491333344152
58,1737,,11.0,1.0,1.0,,2021-10-27 18:34:57+00:00,,,,Methane,184.39,4427,18:34:57.856604Z,132.57,1651,3.82,,,,,2021-10-27 18:34:57+00:00,,,Sentinel-2/UPV,2,,Sentinel-2,UPV,UT 1 sigma,,,195078.0,8.0,218645.0,195078.0,False,,195152.83333333302,195377.56666666697,195553.4777777779,194120.96666666976,191475.10333333013,191658.54999999795,AZ,4.5353333333333365,4.318833333333338,4.09733333333334,3.8032000000000084,3.8192166666666565,3.8192166666666565,70.03333333333333,57.0,45.82222222222222,45.36666666666667,51.34,48.13,2021-10-27 18:13:45+00:00,0.0,2011.0,4694.095,True,21.2,True,TP,1.0,3522.779624057132,3325.0676607709365,3721.215746427538,3512.4946024144174,3313.395211880229,3702.188724269051,3523.569714422681,3335.0515118124067,3733.514785576238,3505.46023100077,3320.8976103331884,3730.5287696233718,3447.3482720006186,3257.192666285586,3630.913594898974,3451.1191388164075,3252.0286267142046,3665.0864272736894
59,1747,,21.0,1.0,1.0,,2021-10-27 18:34:57+00:00,,,,Methane,376,5134,6929,3340,1-sigma confidence interval,3.32,46.1,189.0,,,2021-10-27 18:34:57+00:00,,,Sentinel-2/Kayrros,2,,Sentinel-2,Kayrros,+/- 1 sigma,,,195078.0,8.0,218645.0,195078.0,False,,195152.83333333302,195377.56666666697,195553.4777777779,194120.96666666976,191475.10333333013,191658.54999999795,AZ,4.5353333333333365,4.318833333333338,4.09733333333334,3.8032000000000084,3.8192166666666565,3.8192166666666565,70.03333333333333,57.0,45.82222222222222,45.36666666666667,51.34,48.13,2021-10-27 18:13:45+00:00,0.0,2011.0,4694.095,True,21.2,True,TP,1.0,3520.9821106024774,3322.9313256143378,3718.578311216885,3512.9000449785394,3309.762375548753,3714.279415401405,3526.0770076883846,3354.526225688007,3706.9224356667482,3498.2459233763293,3293.168814022182,3706.5511561570297,3446.225839927239,3252.867268018805,3635.989528259362,3452.402565928551,3246.573316558738,3638.15689559931
60,1762,,35.0,1.0,1.0,,2021-10-27 18:34:57+00:00,,,,Methane,,4447,5582,3312,+/- 1 sigma,3.699061,,,,,2021-10-27 18:34:57+00:00,,,Sentinel-2/Harvard,2,,Sentinel-2,Harvard,+/- 1 sigma,,,195078.0,8.0,218645.0,195078.0,False,,195152.83333333302,195377.56666666697,195553.4777777779,194120.96666666976,191475.10333333013,191658.54999999795,AZ,4.5353333333333365,4.318833333333338,4.09733333333334,3.8032000000000084,3.8192166666666565,3.8192166666666565,70.03333333333333,57.0,45.82222222222222,45.36666666666667,51.34,48.13,2021-10-27 18:13:45+00:00,0.0,2011.0,4694.095,True,21.2,True,TP,1.0,3518.957267091355,3322.9973302643452,3716.3889955016575,3518.256074880302,3341.030603744898,3715.9902029684035,3516.656209278346,3315.3769358064724,3693.1527569946684,3487.0655104170405,3287.489533642547,3688.0991325987707,3443.087859349177,3248.1180608205404,3644.0250757440467,3443.9214237321908,3248.070119223514,3642.5397839105362
61,1771,,44.0,,,,2021-10-27 18:34:57+00:00,,,,Methane,260,2380,1940,2840,Min/max,4.2,221,,,,2021-10-27 18:34:57+00:00,,,Sentinel-2/SRON,2,,Sentinel-2,SRON,Min/max,3.9,4.4,195078.0,8.0,218645.0,195078.0,False,,195152.83333333302,195377.56666666697,195553.4777777779,194120.96666666976,191475.10333333013,191658.54999999795,AZ,4.5353333333333365,4.318833333333338,4.09733333333334,3.8032000000000084,3.8192166666666565,3.8192166666666565,70.03333333333333,57.0,45.82222222222222,45.36666666666667,51.34,48.13,2021-10-27 18:13:45+00:00,0.0,2011.0,4694.095,True,21.2,True,TP,1.0,3520.6689017007643,3329.790945156227,3719.160645372229,3518.4486431966798,3339.683547545907,3717.9706068679807,3523.9063676156334,3339.0742649940935,3745.5071573425857,3494.2477314427447,3333.8134105673294,3680.152602322238,3446.738406309162,3266.4009866162223,3658.169659828128,3445.5541506502154,3264.8001027544606,3639.85907125754
62,1686,,12.0,1.0,2.0,,2021-10-28 18:16:48+00:00,,,,Methane,120,1625,,,692,4.419,-103.5,,,,2021-10-28 18:16:48+00:00,,,Landsat 8/UPV,1,,Landsat 8,UPV,UT 1 sigma,,,116668.0,8.0,218645.0,116668.0,False,,116825.8999999997,116765.35000000027,116573.96666666688,115473.9766666699,114725.47333333027,112148.83444444218,AZ,4.189333333333308,4.4533333333333465,4.454222222222228,4.801633333333337,4.812866666666671,4.812866666666671,34.166666666666664,32.55,31.533333333333335,41.42,45.903333333333336,45.742222222222225,2021-10-28 18:05:30+00:00,0.0,2012.0,3238.4,True,11.3,True,TP,1.0,2108.8021162670852,1985.1627255671344,2230.6154770801077,2104.608897644607,1973.895506058774,2245.318832677766,2098.7920784300986,1965.8264287001746,2221.5658005515097,2082.0472399847963,1971.341890442363,2205.327417094004,2066.156651794092,1946.476590058855,2192.512920420344,2020.910787293823,1907.4269037038757,2139.0389794797547
63,1700,,26.0,1.0,1.0,,2021-10-28 18:16:48+00:00,,,,Methane,280,2236,5136,363,1-sigma confidence interval,4,10,189,,,2021-10-28 18:16:48+00:00,,,Landsat 8/Kayrros,1,,Landsat 8,Kayrros,+/- 1 sigma,,,116668.0,8.0,218645.0,116668.0,False,,116825.8999999997,116765.35000000027,116573.96666666688,115473.9766666699,114725.47333333027,112148.83444444218,AZ,4.189333333333308,4.4533333333333465,4.454222222222228,4.801633333333337,4.812866666666671,4.812866666666671,34.166666666666664,32.55,31.533333333333335,41.42,45.903333333333336,45.742222222222225,2021-10-28 18:05:30+00:00,0.0,2012.0,3238.4,True,11.3,True,TP,1.0,2109.1066553998635,1985.6267061957333,2232.4021313015255,2103.922019867678,1985.276659724962,2234.950846945103,2102.8138093225907,1984.9627069841672,2217.1025665527077,2080.18826328074,1959.937824834224,2207.0806118716555,2068.820108654513,1954.8604638039842,2195.2764346227377,2018.7285347376512,1911.8651158437906,2148.223442369194
64,1720,,45.0,,,,2021-10-28 18:16:48+00:00,,,,Methane,FR,FR,FR,FR,FR,FR,FR,,,,2021-10-28 18:16:48+00:00,,,Landsat 8/SRON,1,,Landsat 8,SRON,,,,116668.0,8.0,218645.0,116668.0,False,,116825.8999999997,116765.35000000027,116573.96666666688,115473.9766666699,114725.47333333027,112148.83444444218,AZ,4.189333333333308,4.4533333333333465,4.454222222222228,4.801633333333337,4.812866666666671,4.812866666666671,34.166666666666664,32.55,31.533333333333335,41.42,45.903333333333336,45.742222222222225,2021-10-28 18:05:30+00:00,0.0,2012.0,3238.4,True,11.3,True,TP,1.0,2108.6070514026605,1983.0912447462551,2230.549448457329,2105.608812788961,1981.8797166975394,2229.449449702218,2093.9224938247094,1984.3970185896214,2213.099033557426,2079.3812106418277,1960.7836059923288,2210.0178811314577,2067.595794822806,1963.0302388898147,2200.106171751484,2021.816200965771,1902.2172501846849,2145.473712341142
65,1738,,12.0,1.0,2.0,,2021-10-28 18:16:48+00:00,,,,Methane,120,1735,18:16:48.2627780Z,28.38,710,4.81,,,,,2021-10-28 18:16:48+00:00,,,Landsat 8/UPV,2,,Landsat 8,UPV,UT 1 sigma,,,116668.0,8.0,218645.0,116668.0,False,,116825.8999999997,116765.35000000027,116573.96666666688,115473.9766666699,114725.47333333027,112148.83444444218,AZ,4.189333333333308,4.4533333333333465,4.454222222222228,4.801633333333337,4.812866666666671,4.812866666666671,34.166666666666664,32.55,31.533333333333335,41.42,45.903333333333336,45.742222222222225,2021-10-28 18:05:30+00:00,0.0,2012.0,3238.4,True,11.3,True,TP,1.0,2107.744443927024,1987.602915756579,2231.475724365733,2099.7217789907913,1979.4816670093198,2237.1310848102476,2100.149882051055,1974.7596685101016,2218.6490411016966,2077.5690363564827,1963.08353980743,2198.2411432338095,2065.619768989596,1950.9891524369898,2194.455739594616,2018.0745851494353,1901.897084021582,2136.5660877084515
66,1752,,26.0,1.0,1.0,,2021-10-28 18:16:48+00:00,,,,Methane,280,2489,3024,1955,1-sigma confidence interval,4.6,45.59,189.0,,,2021-10-28 18:16:48+00:00,,,Landsat 8/Kayrros,2,,Landsat 8,Kayrros,+/- 1 sigma,,,116668.0,8.0,218645.0,116668.0,False,,116825.8999999997,116765.35000000027,116573.96666666688,115473.9766666699,114725.47333333027,112148.83444444218,AZ,4.189333333333308,4.4533333333333465,4.454222222222228,4.801633333333337,4.812866666666671,4.812866666666671,34.166666666666664,32.55,31.533333333333335,41.42,45.903333333333336,45.742222222222225,2021-10-28 18:05:30+00:00,0.0,2012.0,3238.4,True,11.3,True,TP,1.0,2107.8571666434677,1982.6441269898821,2231.9053365515542,2103.0351890868433,1991.4909925546863,2221.3037197985286,2095.787447859118,1981.5736853257488,2228.2012284360435,2074.0906166170926,1954.0564608551877,2199.19613001081,2061.460468886009,1952.3587356867847,2191.3377696527414,2017.9085718938206,1904.7065903148005,2147.353026712986
67,1772,,45.0,,,,2021-10-28 18:16:48+00:00,,,,Methane,FR,FR,FR,FR,FR,FR,FR,,,,2021-10-28 18:16:48+00:00,,,Landsat 8/SRON,2,,Landsat 8,SRON,,,,116668.0,8.0,218645.0,116668.0,False,,116825.8999999997,116765.35000000027,116573.96666666688,115473.9766666699,114725.47333333027,112148.83444444218,AZ,4.189333333333308,4.4533333333333465,4.454222222222228,4.801633333333337,4.812866666666671,4.812866666666671,34.166666666666664,32.55,31.533333333333335,41.42,45.903333333333336,45.742222222222225,2021-10-28 18:05:30+00:00,0.0,2012.0,3238.4,True,11.3,True,TP,1.0,2108.3733443856886,1987.0979592987735,2232.1934573492317,2108.2493933364426,1979.587812366695,2232.9035730703627,2103.502200217884,1974.9831856895134,2237.3351863122034,2079.7851149848525,1953.4684429971774,2208.4785271490323,2067.604454316491,1960.954087839316,2191.8935602199485,2016.4963805185057,1900.9748443367757,2147.7884148801704
68,1687,,13.0,1.0,1.0,,2021-10-29 18:24:58+00:00,,,,Methane,,0,,,,2.223,-89.5,,,,2021-10-29 18:24:58+00:00,,,Sentinel-2/UPV,1,,Sentinel-2,UPV,,,,281513.0,8.0,218645.0,281513.0,False,,282310.6666666663,282645.81666666694,282310.37777777796,278775.04333333654,262685.75833333057,251671.52222222,AZ,4.8079999999999945,4.821333333333326,4.605333333333345,4.908366666666664,4.901583333333325,4.901583333333325,54.233333333333334,56.3,55.855555555555554,51.45333333333333,52.45,49.99111111111111,2021-10-29 18:09:15+00:00,0.0,2013.0,4719.235,True,15.716666666666669,True,TP,1.0,5092.627434834763,4816.39339296455,5378.078663766337,5093.266645722896,4812.159159323721,5390.640599384309,5083.240799944264,4810.696319270281,5367.412145993331,5014.794451753095,4749.490138524488,5316.244114910949,4728.438620035215,4466.978894775552,4984.54439440655,4534.518445345657,4290.262015327466,4793.328745880068
69,1696,,22.0,1.0,1.0,,2021-10-29 18:24:58+00:00,,,,Methane,348,4675,8052,2326,1-sigma confidence interval,2.6,1,189,,,2021-10-29 18:24:58+00:00,,,Sentinel-2/Kayrros,1,,Sentinel-2,Kayrros,+/- 1 sigma,,,281513.0,8.0,218645.0,281513.0,False,,282310.6666666663,282645.81666666694,282310.37777777796,278775.04333333654,262685.75833333057,251671.52222222,AZ,4.8079999999999945,4.821333333333326,4.605333333333345,4.908366666666664,4.901583333333325,4.901583333333325,54.233333333333334,56.3,55.855555555555554,51.45333333333333,52.45,49.99111111111111,2021-10-29 18:09:15+00:00,0.0,2013.0,4719.235,True,15.716666666666669,True,TP,1.0,5091.651325037386,4813.503604584262,5382.974706310445,5092.784115197221,4818.882185628159,5397.00394543524,5075.274916897409,4797.772496591068,5363.386460479875,5024.290470292553,4764.568866274515,5325.870177231091,4727.556643738312,4495.25804725798,4994.113612196674,4532.731076305738,4281.46293983179,4785.605163335229
70,1711,,36.0,1.0,1.0,,2021-10-29 18:24:58+00:00,,,,Methane,122,2762,3915,1609,+/- 1 sigma,2.448409,10.779561,UnknownSentinel2Direction,,,2021-10-29 18:24:58+00:00,,,Sentinel-2/Harvard,1,,Sentinel-2,Harvard,+/- 1 sigma,,,281513.0,8.0,218645.0,281513.0,False,,282310.6666666663,282645.81666666694,282310.37777777796,278775.04333333654,262685.75833333057,251671.52222222,AZ,4.8079999999999945,4.821333333333326,4.605333333333345,4.908366666666664,4.901583333333325,4.901583333333325,54.233333333333334,56.3,55.855555555555554,51.45333333333333,52.45,49.99111111111111,2021-10-29 18:09:15+00:00,0.0,2013.0,4719.235,True,15.716666666666669,True,TP,1.0,5095.932070730523,4812.334215783683,5383.234473213741,5096.6595766887085,4818.968821581411,5359.150701917787,5083.224651579677,4819.581370228758,5394.1052296613125,5009.339437971037,4749.553994273985,5261.773386232379,4729.281369203703,4482.630102592713,4980.821278874257,4532.508286301148,4301.727815148885,4796.135851644371
71,1721,,46.0,,,,2021-10-29 18:24:58+00:00,,,,Methane,0,0,0,0,0,0,0,,,,2021-10-29 18:24:58+00:00,,,Sentinel-2/SRON,1,,Sentinel-2,SRON,,,,281513.0,8.0,218645.0,281513.0,False,,282310.6666666663,282645.81666666694,282310.37777777796,278775.04333333654,262685.75833333057,251671.52222222,AZ,4.8079999999999945,4.821333333333326,4.605333333333345,4.908366666666664,4.901583333333325,4.901583333333325,54.233333333333334,56.3,55.855555555555554,51.45333333333333,52.45,49.99111111111111,2021-10-29 18:09:15+00:00,0.0,2013.0,4719.235,True,15.716666666666669,True,TP,1.0,5091.47508018112,4813.242683709813,5376.2769668666815,5089.911949012237,4809.479419107901,5387.433172318699,5087.327983048495,4819.126369786642,5345.802508965452,5030.03199628522,4763.73973593257,5297.117330067443,4721.746270709879,4479.725072993722,5022.579636396473,4537.86861528942,4307.920323829905,4772.614517282314
72,1739,,13.0,1.0,1.0,,2021-10-29 18:24:58+00:00,,,,Methane,,0,,,,,,,,,2021-10-29 18:24:58+00:00,,,Sentinel-2/UPV,2,,Sentinel-2,UPV,,,,281513.0,8.0,218645.0,281513.0,False,,282310.6666666663,282645.81666666694,282310.37777777796,278775.04333333654,262685.75833333057,251671.52222222,AZ,4.8079999999999945,4.821333333333326,4.605333333333345,4.908366666666664,4.901583333333325,4.901583333333325,54.233333333333334,56.3,55.855555555555554,51.45333333333333,52.45,49.99111111111111,2021-10-29 18:09:15+00:00,0.0,2013.0,4719.235,True,15.716666666666669,True,TP,1.0,5093.5944537635505,4814.046514620202,5380.783630353703,5080.881672589986,4812.766646998383,5366.297461286689,5091.321456591562,4821.285715146629,5362.865478343563,5018.324231529839,4749.18171365454,5289.470632526474,4729.828679649183,4489.893707368734,5015.154903984003,4534.326246367656,4288.052721880864,4770.027907099498
73,1748,,22.0,1.0,1.0,,2021-10-29 18:24:58+00:00,,,,Methane,348,7267,10546,3988,1-sigma confidence interval,4.86,46.1,189.0,,,2021-10-29 18:24:58+00:00,,,Sentinel-2/Kayrros,2,,Sentinel-2,Kayrros,+/- 1 sigma,,,281513.0,8.0,218645.0,281513.0,False,,282310.6666666663,282645.81666666694,282310.37777777796,278775.04333333654,262685.75833333057,251671.52222222,AZ,4.8079999999999945,4.821333333333326,4.605333333333345,4.908366666666664,4.901583333333325,4.901583333333325,54.233333333333334,56.3,55.855555555555554,51.45333333333333,52.45,49.99111111111111,2021-10-29 18:09:15+00:00,0.0,2013.0,4719.235,True,15.716666666666669,True,TP,1.0,5094.285611274253,4814.229150059664,5373.279481582002,5084.853646455259,4809.1849879172005,5368.797022145129,5082.237663432074,4814.018526860778,5367.831060872206,5022.662388541757,4761.628895462281,5268.683350312682,4727.480100135017,4485.081555469278,4993.846058865589,4530.226282030834,4284.364854001333,4795.628672670169
74,1763,,36.0,1.0,1.0,,2021-10-29 18:24:58+00:00,,,,Methane,,4757,5890,3624,+/- 1 sigma,4.727615,,,,,2021-10-29 18:24:58+00:00,,,Sentinel-2/Harvard,2,,Sentinel-2,Harvard,+/- 1 sigma,,,281513.0,8.0,218645.0,281513.0,False,,282310.6666666663,282645.81666666694,282310.37777777796,278775.04333333654,262685.75833333057,251671.52222222,AZ,4.8079999999999945,4.821333333333326,4.605333333333345,4.908366666666664,4.901583333333325,4.901583333333325,54.233333333333334,56.3,55.855555555555554,51.45333333333333,52.45,49.99111111111111,2021-10-29 18:09:15+00:00,0.0,2013.0,4719.235,True,15.716666666666669,True,TP,1.0,5093.980934165012,4814.151650892785,5379.254634289529,5089.628756788544,4802.761103318495,5403.0839258097085,5086.012293132824,4830.534028570888,5372.111587239842,5015.1678882477245,4778.773015357551,5296.512103845713,4733.616083830229,4482.0655691354605,5029.883086709847,4533.83670293482,4291.217456376306,4811.977610200942
75,1773,,46.0,,,,2021-10-29 18:24:58+00:00,,,,Methane,0,0,0,0,0,0,0,,,,2021-10-29 18:24:58+00:00,,,Sentinel-2/SRON,2,,Sentinel-2,SRON,,,,281513.0,8.0,218645.0,281513.0,False,,282310.6666666663,282645.81666666694,282310.37777777796,278775.04333333654,262685.75833333057,251671.52222222,AZ,4.8079999999999945,4.821333333333326,4.605333333333345,4.908366666666664,4.901583333333325,4.901583333333325,54.233333333333334,56.3,55.855555555555554,51.45333333333333,52.45,49.99111111111111,2021-10-29 18:09:15+00:00,0.0,2013.0,4719.235,True,15.716666666666669,True,TP,1.0,5093.714919284894,4813.942488735479,5374.827553725273,5090.260553327238,4830.9954855378255,5392.494829317637,5082.675828060216,4809.031932670633,5386.146292140704,5023.40438228664,4760.556556243144,5290.736001737107,4731.147490017371,4481.9006386166275,4984.081928415526,4534.184696289135,4268.163422014551,4802.063692133701
76,1689,,15.0,1.0,1.0,,2021-11-03 18:25:01+00:00,,,,Methane,111.35,1191,,,458,3.024,-87.8,,,,2021-11-03 18:25:01+00:00,,,Sentinel-2/UPV,1,,Sentinel-2,UPV,UT 1 sigma,,,76596.4,4.0,308188.0,76596.4,False,,76628.08333333334,76649.4066666666,76656.90777777776,77025.21666666666,77539.27350000021,70210.01288888892,AZ,4.524666666666671,4.038333333333334,3.6398888888888874,3.6905000000000063,3.5859999999999945,3.5859999999999945,48.833333333333336,43.583333333333336,41.36666666666667,39.876666666666665,40.138333333333335,42.10666666666667,2021-11-03 18:12:18+00:00,0.0,2016.0,2606.13,True,12.716666666666667,True,TP,1.0,1382.3100351465253,1307.3648043924065,1458.008611902988,1376.5206804864263,1302.6855990948275,1455.5191476604032,1380.6181163935942,1310.6767602754744,1453.1958550520303,1387.7146945541467,1311.8980021715179,1467.6902989603277,1393.8556181165018,1321.9096999585836,1476.472303024993,1261.9979776671935,1196.6863290723977,1334.8937776026814
77,1698,,24.0,1.0,1.0,,2021-11-03 18:25:01+00:00,,,,Methane,330,2823,5657,1016,1-sigma confidence interval,2.5,353,189,,,2021-11-03 18:25:01+00:00,,,Sentinel-2/Kayrros,1,,Sentinel-2,Kayrros,+/- 1 sigma,,,76596.4,4.0,308188.0,76596.4,False,,76628.08333333334,76649.4066666666,76656.90777777776,77025.21666666666,77539.27350000021,70210.01288888892,AZ,4.524666666666671,4.038333333333334,3.6398888888888874,3.6905000000000063,3.5859999999999945,3.5859999999999945,48.833333333333336,43.583333333333336,41.36666666666667,39.876666666666665,40.138333333333335,42.10666666666667,2021-11-03 18:12:18+00:00,0.0,2016.0,2606.13,True,12.716666666666667,True,TP,1.0,1382.9515918023835,1306.6606049553156,1460.668757109449,1377.4807037874625,1306.6114134343647,1448.9557161235866,1381.2357629148244,1307.5282421418497,1457.8400555015933,1390.7334155550475,1318.7475401536922,1468.3137044273667,1397.689371414548,1327.6022695448382,1480.5147136744795,1263.5042361634619,1202.6475875473955,1330.76215725954
78,1713,,38.0,1.0,1.0,,2021-11-03 18:25:01+00:00,,,,Methane,115,1300,1878,722,+/- 1 sigma,2.595344,3.860544,UnknownSentinel2Direction,,,2021-11-03 18:25:01+00:00,,,Sentinel-2/Harvard,1,,Sentinel-2,Harvard,+/- 1 sigma,,,76596.4,4.0,308188.0,76596.4,False,,76628.08333333334,76649.4066666666,76656.90777777776,77025.21666666666,77539.27350000021,70210.01288888892,AZ,4.524666666666671,4.038333333333334,3.6398888888888874,3.6905000000000063,3.5859999999999945,3.5859999999999945,48.833333333333336,43.583333333333336,41.36666666666667,39.876666666666665,40.138333333333335,42.10666666666667,2021-11-03 18:12:18+00:00,0.0,2016.0,2606.13,True,12.716666666666667,True,TP,1.0,1383.0401464993943,1308.9350525386385,1461.1093887318068,1379.1393518806558,1309.97040768322,1461.0118414508863,1383.3422986933165,1311.4456217218983,1462.8319957373994,1387.3263635849285,1311.4500205186732,1455.6381836522341,1396.0442433858868,1321.36121215793,1475.6068178859987,1264.5033964562915,1197.2702157907147,1337.3546521182598
79,1723,,48.0,,,,2021-11-03 18:25:01+00:00,,,,Methane,0,0,0,0,0,0,0,,,,2021-11-03 18:25:01+00:00,,,Sentinel-2/SRON,1,,Sentinel-2,SRON,,,,76596.4,4.0,308188.0,76596.4,False,,76628.08333333334,76649.4066666666,76656.90777777776,77025.21666666666,77539.27350000021,70210.01288888892,AZ,4.524666666666671,4.038333333333334,3.6398888888888874,3.6905000000000063,3.5859999999999945,3.5859999999999945,48.833333333333336,43.583333333333336,41.36666666666667,39.876666666666665,40.138333333333335,42.10666666666667,2021-11-03 18:12:18+00:00,0.0,2016.0,2606.13,True,12.716666666666667,True,TP,1.0,1383.3666437162308,1307.4921474720672,1461.2798731156613,1378.2246975709356,1307.4385829954986,1448.2929466793414,1380.5355478329336,1305.25225711424,1455.2543114893185,1388.1844111383746,1312.2312664388994,1469.4393237085296,1397.5562647291085,1317.5202715652422,1471.358619598449,1265.8814072303512,1197.2371195851383,1339.1315489202316
80,1741,,15.0,1.0,1.0,,2021-11-03 18:25:01+00:00,,,,Methane,111.35,1344,18:25:01.184114Z,25.45,539,3.59,,,,,2021-11-03 18:25:01+00:00,,,Sentinel-2/UPV,2,,Sentinel-2,UPV,UT 1 sigma,,,76596.4,4.0,308188.0,76596.4,False,,76628.08333333334,76649.4066666666,76656.90777777776,77025.21666666666,77539.27350000021,70210.01288888892,AZ,4.524666666666671,4.038333333333334,3.6398888888888874,3.6905000000000063,3.5859999999999945,3.5859999999999945,48.833333333333336,43.583333333333336,41.36666666666667,39.876666666666665,40.138333333333335,42.10666666666667,2021-11-03 18:12:18+00:00,0.0,2016.0,2606.13,True,12.716666666666667,True,TP,1.0,1382.8692166482067,1307.821275614125,1461.016013005569,1379.06102258325,1303.0347730711524,1463.857298257024,1379.5327577228365,1302.9079667014985,1465.4413976869419,1388.0523052205215,1316.8212144183867,1468.383415619452,1399.0434472746356,1324.1883866102698,1480.846690953012,1265.7158799438946,1203.2213858389578,1334.6170736197098
81,1750,,24.0,1.0,1.0,,2021-11-03 18:25:01+00:00,,,,Methane,330,3199,4899,1498,1-sigma confidence interval,2.96,36.9,189.0,,,2021-11-03 18:25:01+00:00,,,Sentinel-2/Kayrros,2,,Sentinel-2,Kayrros,+/- 1 sigma,,,76596.4,4.0,308188.0,76596.4,False,,76628.08333333334,76649.4066666666,76656.90777777776,77025.21666666666,77539.27350000021,70210.01288888892,AZ,4.524666666666671,4.038333333333334,3.6398888888888874,3.6905000000000063,3.5859999999999945,3.5859999999999945,48.833333333333336,43.583333333333336,41.36666666666667,39.876666666666665,40.138333333333335,42.10666666666667,2021-11-03 18:12:18+00:00,0.0,2016.0,2606.13,True,12.716666666666667,True,TP,1.0,1382.9098380632438,1307.5424454706063,1461.2357949843772,1380.7493379263612,1305.923214919862,1452.630818831778,1376.8781806085776,1302.0390389140462,1456.1309725749634,1390.175054623627,1318.3901634703607,1468.3314272825419,1399.3323026798835,1322.8072368180058,1481.6151793424654,1264.7260138758081,1199.86204082724,1326.1122125348506
82,1765,,38.0,1.0,1.0,,2021-11-03 18:25:01+00:00,,,,Methane,,1787,2333,1241,+/- 1 sigma,3.798211,,,,,2021-11-03 18:25:01+00:00,,,Sentinel-2/Harvard,2,,Sentinel-2,Harvard,+/- 1 sigma,,,76596.4,4.0,308188.0,76596.4,False,,76628.08333333334,76649.4066666666,76656.90777777776,77025.21666666666,77539.27350000021,70210.01288888892,AZ,4.524666666666671,4.038333333333334,3.6398888888888874,3.6905000000000063,3.5859999999999945,3.5859999999999945,48.833333333333336,43.583333333333336,41.36666666666667,39.876666666666665,40.138333333333335,42.10666666666667,2021-11-03 18:12:18+00:00,0.0,2016.0,2606.13,True,12.716666666666667,True,TP,1.0,1383.2504792288735,1307.5408928850095,1459.888700608658,1382.0613689008117,1306.9010168740042,1466.2206705321687,1380.521428969415,1304.9831954223116,1463.8437235058323,1385.708850076845,1311.6454603982206,1465.5263650039983,1396.978972276321,1323.9038694568899,1478.1224762820752,1267.0159599236003,1199.424496360563,1339.4501648108785
83,1775,,48.0,,,,2021-11-03 18:25:01+00:00,,,,Methane,0,0,0,0,0,0,0,,,,2021-11-03 18:25:01+00:00,,,Sentinel-2/SRON,2,,Sentinel-2,SRON,,,,76596.4,4.0,308188.0,76596.4,False,,76628.08333333334,76649.4066666666,76656.90777777776,77025.21666666666,77539.27350000021,70210.01288888892,AZ,4.524666666666671,4.038333333333334,3.6398888888888874,3.6905000000000063,3.5859999999999945,3.5859999999999945,48.833333333333336,43.583333333333336,41.36666666666667,39.876666666666665,40.138333333333335,42.10666666666667,2021-11-03 18:12:18+00:00,0.0,2016.0,2606.13,True,12.716666666666667,True,TP,1.0,1382.8539289515431,1306.6341566867884,1459.0960949487778,1379.65815842697,1307.6059769485146,1464.0783171860044,1381.524082730657,1311.1415393824493,1454.5704378087507,1387.2859346708153,1317.2124752679051,1465.7855784468086,1398.323555686288,1318.9897933350571,1478.4971319984047,1264.2473816965726,1200.0038594847488,1336.8824288379108
84,1690,,16.0,,,,2021-10-23 18:40:53+00:00,,,,Methane,277,4069,,,1515,3.771272995,47.0416,,,,2021-10-23 18:40:53+00:00,,,WV3/UPV,1,,WV3,UPV,UT 1 sigma,,,218027.0,8.0,218645.0,218027.0,False,,218693.56666666636,218451.78333333356,218208.00000000026,219472.70666666998,222886.76666666355,222823.6622222202,AZ,4.337666666666683,3.923500000000003,3.858888888888894,4.182300000000006,4.676916666666677,4.676916666666677,244.43333333333334,243.0,236.3111111111111,241.20333333333335,240.05333333333334,238.29666666666665,2021-10-23 18:26:42+00:00,0.0,2007.0,3908.2,True,14.183333333333334,True,TP,1.0,3945.578752482206,3727.90264003576,4167.3922686585665,3929.27810976963,3730.467107798905,4143.020013543626,3926.4607177136018,3704.839591156485,4122.667344433556,3949.5951263703637,3738.312994296265,4189.23177480893,4019.0054838003966,3810.3099386908325,4254.85343184751,4006.273628081147,3789.846387091261,4238.8131162518675
85,1705,,30.0,1.0,1.0,,2021-10-23 18:40:53+00:00,,,,Methane,318,1282,2758,522,1-sigma confidence interval,2.9,207,190,,,2021-10-23 18:40:53+00:00,,,WV3/Kayrros,1,,WV3,Kayrros,+/- 1 sigma,,,218027.0,8.0,218645.0,218027.0,False,,218693.56666666636,218451.78333333356,218208.00000000026,219472.70666666998,222886.76666666355,222823.6622222202,AZ,4.337666666666683,3.923500000000003,3.858888888888894,4.182300000000006,4.676916666666677,4.676916666666677,244.43333333333334,243.0,236.3111111111111,241.20333333333335,240.05333333333334,238.29666666666665,2021-10-23 18:26:42+00:00,0.0,2007.0,3908.2,True,14.183333333333334,True,TP,1.0,3945.683086562088,3728.684900347194,4168.590007658396,3923.9107760650872,3710.382294315844,4161.319331039504,3923.749245164605,3734.9637233251024,4124.536832834402,3943.618834222389,3747.8772245618293,4183.030771539363,4009.1210964521915,3821.5771616124694,4227.3784819107705,4010.8098700838527,3809.726038557039,4216.11302771668
86,1742,,16.0,,,,2021-10-23 18:40:53+00:00,,,,Methane,277,4790,,,1876,4.673416667,,,,,2021-10-23 18:40:53+00:00,,,WV3/UPV,2,,WV3,UPV,UT 1 sigma,,,218027.0,8.0,218645.0,218027.0,False,,218693.56666666636,218451.78333333356,218208.00000000026,219472.70666666998,222886.76666666355,222823.6622222202,AZ,4.337666666666683,3.923500000000003,3.858888888888894,4.182300000000006,4.676916666666677,4.676916666666677,244.43333333333334,243.0,236.3111111111111,241.20333333333335,240.05333333333334,238.29666666666665,2021-10-23 18:26:42+00:00,0.0,2007.0,3908.2,True,14.183333333333334,True,TP,1.0,3947.1269021240705,3731.417270259824,4167.657459040203,3926.556065720488,3719.154532457296,4132.433980729865,3930.8844753689355,3731.1666269586913,4160.864022727452,3959.206241944196,3744.7124917552155,4182.470709737992,4015.141091704838,3813.5182932085536,4253.946334347973,4010.949719820658,3800.586672172025,4246.172054269198
87,1757,,30.0,1.0,1.0,,2021-10-23 18:40:53+00:00,,,,Methane,318,1578,2053,1236,1-sigma confidence interval,4.31,207,190.0,,,2021-10-23 18:40:53+00:00,,,WV3/Kayrros,2,,WV3,Kayrros,+/- 1 sigma,,,218027.0,8.0,218645.0,218027.0,False,,218693.56666666636,218451.78333333356,218208.00000000026,219472.70666666998,222886.76666666355,222823.6622222202,AZ,4.337666666666683,3.923500000000003,3.858888888888894,4.182300000000006,4.676916666666677,4.676916666666677,244.43333333333334,243.0,236.3111111111111,241.20333333333335,240.05333333333334,238.29666666666665,2021-10-23 18:26:42+00:00,0.0,2007.0,3908.2,True,14.183333333333334,True,TP,1.0,3945.233032964594,3733.419012496991,4171.150922491857,3929.6858571486846,3727.045311650526,4163.268970711487,3928.6317466635246,3735.560212428818,4125.949321874651,3950.2124930880136,3747.6511440270942,4157.889081944539,4018.0581266740637,3808.5635665700493,4250.757272374876,4013.7333968853623,3797.4982769627823,4262.327386119827
