,level_0,index,PerformerExperimentID,FacilityID,EquipmentUnitID,DateOfSurvey,Operator_Timestamp,StartTime,EndTime,SurveyTime,Gas,PlumeLength (hyperspectral technologies only),FacilityEmissionRate,FacilityEmissionRateUpper,FacilityEmissionRateLower,UncertaintyType,WindSpeed,WindDirection,TransitDirection,QC filter,NumberOfEmissionSourcesReported,Stanford_timestamp,WindType,OperatorSet,UnblindingStage,Notes,cr_quad_scfh,PipeSize_inch,MeterCode,cr_allmeters_scfh,Flag_field_recorded,cr_Coriolis_gps,cr_scfh_mean30,cr_scfh_mean60,cr_scfh_mean90,cr_scfh_mean300,cr_scfh_mean600,TestLocation,cr_start,cr_end,cr_idx,PlumeLength_m,PlumeEstablished,PlumeDevelopTime,PlumeSteady,tc_Classification,Detection,cr_kgh_CH4_mean30,cr_kgh_CH4_lower30,cr_kgh_CH4_upper30,cr_kgh_CH4_mean60,cr_kgh_CH4_lower60,cr_kgh_CH4_upper60,cr_kgh_CH4_mean90,cr_kgh_CH4_lower90,cr_kgh_CH4_upper90,cr_kgh_CH4_mean300,cr_kgh_CH4_lower300,cr_kgh_CH4_upper300,cr_kgh_CH4_mean600,cr_kgh_CH4_lower600,cr_kgh_CH4_upper600
0,1627,,1,1.0,1.0,,2021-10-16 17:26:40+00:00,,,,Methane,,1382,1920.98,843.02,39%,3.72,,,,,2021-10-16 17:26:40+00:00,,GHGSat C2/GHGSat,1,,90419.82,8.0,218645.0,90419.82,True,,90591.936,90977.237,90404.87644444444,92336.07886666666,92646.23761666667,AZ,2021-10-16 17:10:03+00:00,0.0,2001.0,4474.545,True,16.616666666666667,True,TP,1.0,1632.0524502553887,1523.3780146388895,1733.644787420077,1635.3399237154404,1532.8126131132672,1738.832115142589,1631.0892094241674,1534.3809917348392,1732.0937957395208,1669.9073082725183,1557.3451347784237,1784.0219933569138,1667.393717498047,1570.5981807273429,1765.8786530986165
1,1675,,1,1.0,1.0,,2021-10-16 17:26:40+00:00,,,,Methane,,1534,1886,1181,23%,4.27,,,,,2021-10-16 17:26:40+00:00,,GHGSat C2/GHGSat,2,,90419.82,8.0,218645.0,90419.82,True,,90591.936,90977.237,90404.87644444444,92336.07886666666,92646.23761666667,AZ,2021-10-16 17:10:03+00:00,0.0,2001.0,4474.545,True,16.616666666666667,True,TP,1.0,1631.45207812097,1536.5626112103544,1737.6023014341051,1634.962276307323,1534.8306044375888,1735.7990326217653,1630.3368236109422,1532.8438885046264,1735.5010048885376,1668.209841960859,1573.4629780925031,1774.0341508375402,1669.8627626815498,1560.7692105446745,1775.2555445316962
2,1628,,2,1.0,1.0,,2021-10-24 17:35:19+00:00,,,,Methane,,3848,5772,1924,50%,2.01,,,,,2021-10-24 17:35:19+00:00,,GHGSat C2/GHGSat,1,,235496.0,8.0,218645.0,235496.0,False,,234785.0,234745.28333333333,234765.1,234940.85666666666,234874.51166666666,AZ,2021-10-24 17:19:20+00:00,0.0,2008.0,2621.325,True,15.983333333333336,True,TP,1.0,4229.795522920286,4009.032713284646,4481.512186486357,4220.65017601651,4001.8954498088033,4458.180180090855,4228.532634749105,4004.328253184201,4437.015233830639,4230.042644044731,3990.4855807501604,4491.149856748729,4217.087328430322,3999.0138630847214,4469.1352734241345
3,1676,,2,1.0,1.0,,2021-10-24 17:35:19+00:00,,,,Methane,,4408,5378,3438,22%,2.49,,,,,2021-10-24 17:35:19+00:00,,GHGSat C2/GHGSat,2,,235496.0,8.0,218645.0,235496.0,False,,234785.0,234745.28333333333,234765.1,234940.85666666666,234874.51166666666,AZ,2021-10-24 17:19:20+00:00,0.0,2008.0,2621.325,True,15.983333333333336,True,TP,1.0,4235.1080226735185,4003.3794957325695,4465.5471608249345,4233.869554000829,4014.5581257522085,4487.728188646277,4230.4360395845815,4010.7426266460116,4483.565454874292,4227.288932324514,3993.080899510656,4457.9422124378225,4228.62352481691,4011.6454146157334,4500.364992562891
4,1629,,3,1.0,1.0,,2021-10-25 17:24:37+00:00,,,,Methane,,223,305.51,140.49,37%,5.06,,,,,2021-10-25 17:24:37+00:00,,GHGSat C2/GHGSat,1,,10878.2,2.0,218645.0,10878.2,False,,10928.99,10939.613333333333,10940.062222222223,10957.806333333334,11027.274333333333,AZ,2021-10-25 17:13:41+00:00,0.0,2010.0,3190.58,True,10.933333333333334,True,TP,1.0,197.09646036923107,186.54169160697185,208.57493092872758,197.23490411530298,185.55802586047952,209.02704052450846,196.52784107436088,186.49646949738752,208.4187317562196,197.60299568233592,187.40501269131943,208.63221827168908,198.55456949738885,187.347795131586,210.49099171370062
5,1677,,3,1.0,1.0,,2021-10-25 17:24:37+00:00,,,,Methane,,253,317,189,25%,5.93,,,,,2021-10-25 17:24:37+00:00,,GHGSat C2/GHGSat,2,,10878.2,2.0,218645.0,10878.2,False,,10928.99,10939.613333333333,10940.062222222223,10957.806333333334,11027.274333333333,AZ,2021-10-25 17:13:41+00:00,0.0,2010.0,3190.58,True,10.933333333333334,True,TP,1.0,196.79316646505455,186.00667900894564,207.7900607653892,196.7951847171679,186.07105995851805,208.2097653755361,197.0283352318401,186.35139698498284,209.34789015881606,197.26015376244655,186.8444409168699,208.30814470903002,198.3667722439542,186.88876661586767,210.26306509925348
6,1630,,4,1.0,1.0,,2021-10-16 18:36:26+00:00,,,,Methane,445.0,2494,,,966,4.144341036,194.6463,,,,2021-10-16 18:36:26+00:00,,PRISMA/UPV,1,,129412.8,8.0,218645.0,129412.8,True,,129561.17,130340.99833333334,127318.71066666665,130047.82086666666,131662.46193333334,AZ,2021-10-16 18:11:14+00:00,0.0,2002.0,9804.84,True,25.2,True,TP,1.0,2334.8296952673822,2207.8948606092536,2473.9461049352917,2348.2348081794844,2218.1331439487876,2473.728479244991,2299.82081638202,2164.4998505468375,2440.6045967179116,2348.2547119177466,2195.987684523051,2490.2116338510255,2376.144927386867,2237.165866141805,2516.6078139312754
7,1653,,27,1.0,1.0,,2021-10-16 18:36:26+00:00,,,,Methane,703,2297,3149,1445,1-sigma confidence interval,3.8,359,191,,,2021-10-16 18:36:26+00:00,,PRISMA/Kayrros,1,,129412.8,8.0,218645.0,129412.8,True,,129561.17,130340.99833333334,127318.71066666665,130047.82086666666,131662.46193333334,AZ,2021-10-16 18:11:14+00:00,0.0,2002.0,9804.84,True,25.2,True,TP,1.0,2326.707432738886,2191.611522650826,2464.031663915808,2342.559171748941,2206.0889766979076,2477.651679961564,2288.886524470538,2167.500098185172,2426.1408452328697,2354.7629935272266,2205.632836259116,2507.833888233986,2370.5894135754033,2227.3532270197034,2514.438502969153
8,1678,,4,1.0,1.0,,2021-10-16 18:36:26+00:00,,,,Methane,445.0,3778,,,1614,6.943938356,,,,,2021-10-16 18:36:26+00:00,,PRISMA/UPV,2,,129412.8,8.0,218645.0,129412.8,True,,129561.17,130340.99833333334,127318.71066666665,130047.82086666666,131662.46193333334,AZ,2021-10-16 18:11:14+00:00,0.0,2002.0,9804.84,True,25.2,True,TP,1.0,2334.7030867296007,2184.9179205759883,2475.953303839909,2350.2452203626885,2215.055035005044,2489.549704116354,2288.0596466646084,2173.588054731305,2430.489805551893,2349.422005745994,2208.13765542893,2488.615792928571,2374.0027512665797,2244.0136178686016,2511.739082491163
9,1701,,27,1.0,1.0,,2021-10-16 18:36:26+00:00,,,,Methane,703,3379,4328,2430,1-sigma confidence interval,6.18,15.1,191.0,,,2021-10-16 18:36:26+00:00,,PRISMA/Kayrros,2,,129412.8,8.0,218645.0,129412.8,True,,129561.17,130340.99833333334,127318.71066666665,130047.82086666666,131662.46193333334,AZ,2021-10-16 18:11:14+00:00,0.0,2002.0,9804.84,True,25.2,True,TP,1.0,2335.065629955096,2197.381101154813,2468.6525692626137,2341.2968254799043,2219.405668596815,2478.476069529001,2294.5605459458316,2153.517474951186,2429.9128096651093,2355.127526624043,2215.503483781348,2499.1924323705284,2372.038095363127,2232.358160728673,2518.051399089803
10,1631,,5,1.0,1.0,,2021-10-21 18:23:12+00:00,,,,Methane,1004.9,4985,,,1691,2.736019525,169.1555,,,,2021-10-21 18:23:12+00:00,,PRISMA/UPV,1,,248685.0,8.0,218645.0,248685.0,False,,249130.86666666667,249464.31666666668,250304.63333333333,248276.68666666668,239922.84333333332,AZ,2021-10-21 17:55:38+00:00,0.0,2005.0,6527.635,True,27.566666666666666,True,TP,1.0,4484.584064706205,4248.186758790216,4706.55620765676,4498.686603050027,4276.194899851912,4766.892488725315,4515.654023903149,4302.229237682974,4744.357430416726,4477.52028085584,4235.6169668768625,4737.121833670855,4310.818690563765,4078.049291902075,4552.724045900288
11,1654,,28,1.0,1.0,,2021-10-21 18:23:12+00:00,,,,Methane,1228,3561,4401,2721,1-sigma confidence interval,2.2,6,191,,,2021-10-21 18:23:12+00:00,,PRISMA/Kayrros,1,,248685.0,8.0,218645.0,248685.0,False,,249130.86666666667,249464.31666666668,250304.63333333333,248276.68666666668,239922.84333333332,AZ,2021-10-21 17:55:38+00:00,0.0,2005.0,6527.635,True,27.566666666666666,True,TP,1.0,4491.663924743214,4260.916061927748,4737.005408015211,4488.343910382485,4244.668326705576,4770.363236858524,4511.066678091702,4262.430448204548,4748.992732300502,4472.5030936403555,4231.395493578022,4716.542546416117,4316.960164194167,4092.8880484893975,4545.999556777353
12,1679,,5,1.0,1.0,,2021-10-21 18:23:12+00:00,,,,Methane,1004.9,6469,,,2434,3.935766667,,,,,2021-10-21 18:23:12+00:00,,PRISMA/UPV,2,,248685.0,8.0,218645.0,248685.0,False,,249130.86666666667,249464.31666666668,250304.63333333333,248276.68666666668,239922.84333333332,AZ,2021-10-21 17:55:38+00:00,0.0,2005.0,6527.635,True,27.566666666666666,True,TP,1.0,4479.042658431198,4233.21274872679,4729.8033785071075,4501.156308650599,4252.828822226821,4761.968294915248,4505.459379023649,4267.339067609197,4756.78874407027,4465.780054729439,4241.688457443663,4713.097915511577,4327.292662587214,4091.7367672366104,4578.616653367655
13,1702,,28,1.0,1.0,,2021-10-21 18:23:12+00:00,,,,Methane,1228,4781,5727,3835,1-sigma confidence interval,3.89,42.9,191.0,,,2021-10-21 18:23:12+00:00,,PRISMA/Kayrros,2,,248685.0,8.0,218645.0,248685.0,False,,249130.86666666667,249464.31666666668,250304.63333333333,248276.68666666668,239922.84333333332,AZ,2021-10-21 17:55:38+00:00,0.0,2005.0,6527.635,True,27.566666666666666,True,TP,1.0,4484.994429889889,4262.569993331051,4736.934877332623,4494.066358363948,4250.6680924725115,4771.583346153367,4502.477403491376,4262.351632333634,4771.958038461375,4476.377336496105,4233.056563191394,4737.667878774082,4323.59885125598,4077.777118351021,4586.911840143113
14,1632,,6,1.0,1.0,,2021-10-27 18:26:30+00:00,,,,Methane,1020.9,7226,,,2890,5.155525006,183.9472,,,,2021-10-27 18:26:30+00:00,,PRISMA/UPV,1,,188145.0,8.0,218645.0,188145.0,False,,187899.6,188305.3,188790.54444444444,190816.70666666667,192626.13333333333,AZ,2021-10-27 18:13:45+00:00,0.0,2011.0,2812.0099999999998,True,12.75,True,TP,1.0,3384.3906612014844,3187.7010361526936,3567.3523792998117,3390.3936086373787,3208.1262352664503,3608.559240981532,3396.6756949757614,3221.4148682329555,3606.1083381503117,3440.2822645545525,3234.144203042167,3628.90901469898,3465.161759877826,3277.6748550652214,3678.2387585445913
15,1655,,29,1.0,1.0,,2021-10-27 18:26:30+00:00,,,,Methane,422,5479,6821,4137,1-sigma confidence interval,3.8,350,191,,,2021-10-27 18:26:30+00:00,,PRISMA/Kayrros,1,,188145.0,8.0,218645.0,188145.0,False,,187899.6,188305.3,188790.54444444444,190816.70666666667,192626.13333333333,AZ,2021-10-27 18:13:45+00:00,0.0,2011.0,2812.0099999999998,True,12.75,True,TP,1.0,3382.007982718823,3194.5436867231956,3575.0261503191077,3388.7924816533214,3211.382783573443,3572.318486508334,3401.2051947380005,3231.6506953979197,3594.686733768401,3439.615755856894,3244.43898499346,3653.948869721078,3465.2294618882916,3268.779767088296,3665.973392300928
16,1680,,6,1.0,1.0,,2021-10-27 18:26:30+00:00,,,,Methane,1020.9,5645,,,2098,3.744716667,,,,,2021-10-27 18:26:30+00:00,,PRISMA/UPV,2,,188145.0,8.0,218645.0,188145.0,False,,187899.6,188305.3,188790.54444444444,190816.70666666667,192626.13333333333,AZ,2021-10-27 18:13:45+00:00,0.0,2011.0,2812.0099999999998,True,12.75,True,TP,1.0,3379.230203593881,3201.9865203462,3565.4767165946614,3396.3075257027504,3217.233080352602,3600.7068983319573,3398.3983762346184,3229.2162769725246,3605.4695365190805,3442.604808304994,3251.635895400705,3641.5028079007698,3469.714409759786,3278.764586731154,3689.036557907231
17,1703,,29,1.0,1.0,,2021-10-27 18:26:30+00:00,,,,Methane,422,5051,6454,3648,1-sigma confidence interval,3.36,46.7,191.0,,,2021-10-27 18:26:30+00:00,,PRISMA/Kayrros,2,,188145.0,8.0,218645.0,188145.0,False,,187899.6,188305.3,188790.54444444444,190816.70666666667,192626.13333333333,AZ,2021-10-27 18:13:45+00:00,0.0,2011.0,2812.0099999999998,True,12.75,True,TP,1.0,3384.784763741195,3192.731811931162,3565.6742046469926,3395.028617009676,3204.7235780186397,3586.7309330927155,3405.002257208541,3210.5230991927847,3598.7252689114493,3441.152096097941,3252.250628937463,3634.3885349609805,3468.063370586172,3280.063823741885,3662.716693467346
18,1633,,7,1.0,1.0,,2021-10-19 18:24:58+00:00,,,,Methane,170.88 ,5468 ,,,1446,1.481 ,-96.7 ,,,,2021-10-19 18:24:58+00:00,,Sentinel-2/UPV,1,,409664.08,8.0,218645.0,409664.08,False,,409695.38399999996,408949.2795,408024.50677777774,398437.5124333333,382612.9313666666,AZ,2021-10-19 18:05:36+00:00,0.0,2004.0,2874.49,True,19.366666666666667,True,TP,1.0,7377.143491885795,6997.035382046927,7806.180511720875,7356.222541348504,6984.607340159568,7773.822057236001,7357.981960221615,6958.979825830522,7774.511354350324,7183.605905122107,6783.638801037168,7560.344879615038,6894.175704274831,6536.630726522598,7279.95573103638
19,1644,,18,1.0,1.0,,2021-10-19 18:24:58+00:00,,,,Methane,319,6790,10408,4095,1-sigma confidence interval,2.9,338,189,,,2021-10-19 18:24:58+00:00,,Sentinel-2/Kayrros,1,,409664.08,8.0,218645.0,409664.08,False,,409695.38399999996,408949.2795,408024.50677777774,398437.5124333333,382612.9313666666,AZ,2021-10-19 18:05:36+00:00,0.0,2004.0,2874.49,True,19.366666666666667,True,TP,1.0,7373.3576227183885,6971.571921486324,7733.381086006003,7370.716233353255,7011.101795351421,7815.820273069075,7339.701047311845,6954.414316368983,7783.48737389319,7182.472990002903,6783.904627944845,7566.070828211591,6912.853553184552,6533.688250247413,7323.183709158232
20,1658,,32,1.0,1.0,,2021-10-19 18:24:58+00:00,,,,Methane,188,4069,6322,1816,+/- 1 sigma,0.96373,4.321728,UnknownSentinel2Direction,,,2021-10-19 18:24:58+00:00,,Sentinel-2/Harvard,1,,409664.08,8.0,218645.0,409664.08,False,,409695.38399999996,408949.2795,408024.50677777774,398437.5124333333,382612.9313666666,AZ,2021-10-19 18:05:36+00:00,0.0,2004.0,2874.49,True,19.366666666666667,True,TP,1.0,7382.110018737015,6986.46973828356,7807.452425820672,7352.260969201985,6981.600435881811,7748.077626906489,7333.344860968912,6958.227833286277,7708.672165320612,7172.378825011315,6799.254217083414,7572.565192639593,6879.608420042899,6519.634868937272,7229.373206965321
21,1666,,40,,,,2021-10-19 18:24:58+00:00,,,,Methane,340,3760,1970,6260,Min/max,1.8  [0.8-2.9],175,,,,2021-10-19 18:24:58+00:00,,Sentinel-2/SRON,1,,409664.08,8.0,218645.0,409664.08,False,,409695.38399999996,408949.2795,408024.50677777774,398437.5124333333,382612.9313666666,AZ,2021-10-19 18:05:36+00:00,0.0,2004.0,2874.49,True,19.366666666666667,True,TP,1.0,7386.025104884202,6993.279268600801,7838.933817572599,7365.763491748233,7008.997671793,7759.095837331836,7346.048153731052,7004.025029166079,7730.15415403164,7177.478398108697,6800.9231778437,7584.7532588537515,6882.4604933677965,6513.842982479202,7259.621478679158
22,1681,,7,1.0,1.0,,2021-10-19 18:24:58+00:00,,,,Methane,170.88 ,7234 ,18:24:58.763092Z,276.50 ,2331,2.40 ,,,,,2021-10-19 18:24:58+00:00,,Sentinel-2/UPV,2,,409664.08,8.0,218645.0,409664.08,False,,409695.38399999996,408949.2795,408024.50677777774,398437.5124333333,382612.9313666666,AZ,2021-10-19 18:05:36+00:00,0.0,2004.0,2874.49,True,19.366666666666667,True,TP,1.0,7360.850641389669,6958.201573830036,7816.128495239487,7359.676476466854,6991.754555824826,7726.890132722005,7338.651728590895,6934.365307165299,7750.425440483701,7168.605690618741,6795.613553793934,7596.228862481964,6900.303448423594,6508.162390639421,7310.5083194980825
23,1692,,18,1.0,1.0,,2021-10-19 18:24:58+00:00,,,,Methane,319,6098,7431,4765,1-sigma confidence interval,2.49,14.79,189.0,,,2021-10-19 18:24:58+00:00,,Sentinel-2/Kayrros,2,,409664.08,8.0,218645.0,409664.08,False,,409695.38399999996,408949.2795,408024.50677777774,398437.5124333333,382612.9313666666,AZ,2021-10-19 18:05:36+00:00,0.0,2004.0,2874.49,True,19.366666666666667,True,TP,1.0,7371.677093856827,6989.769706432635,7822.111837461171,7349.282218433945,6993.993039092953,7757.529284302372,7355.142989658747,6988.600096416522,7742.424800025692,7181.451589686118,6763.748862924838,7596.603505711346,6886.934464928402,6528.752001500374,7266.0975427348
24,1706,,32,1.0,1.0,,2021-10-19 18:24:58+00:00,,,,Methane,,5684,7053,4315,+/- 1 sigma,1.545715,,,,,2021-10-19 18:24:58+00:00,,Sentinel-2/Harvard,2,,409664.08,8.0,218645.0,409664.08,False,,409695.38399999996,408949.2795,408024.50677777774,398437.5124333333,382612.9313666666,AZ,2021-10-19 18:05:36+00:00,0.0,2004.0,2874.49,True,19.366666666666667,True,TP,1.0,7387.021260749836,6989.406550808849,7813.179927907911,7368.635941957392,6976.79734020333,7808.091876054753,7365.782815822681,6976.206593407096,7751.7530296856485,7172.192737046647,6798.811983142861,7614.227021489191,6892.1613809737955,6537.8525916096305,7289.533322994785
25,1714,,40,,,,2021-10-19 18:24:58+00:00,,,,Methane,340,4680,3410,6000,Min/max,2.6 [1.7-3.4]  ,197,,,,2021-10-19 18:24:58+00:00,,Sentinel-2/SRON,2,,409664.08,8.0,218645.0,409664.08,False,,409695.38399999996,408949.2795,408024.50677777774,398437.5124333333,382612.9313666666,AZ,2021-10-19 18:05:36+00:00,0.0,2004.0,2874.49,True,19.366666666666667,True,TP,1.0,7377.903035938209,6987.353250869561,7801.99161928865,7382.470641148331,6993.600951346361,7775.12886449586,7346.141943163281,7005.073557139414,7751.546612328821,7175.303379627467,6823.316496024871,7557.515671243823,6880.500672133809,6507.077701461361,7237.058108863442
26,1634,,8,1.0,2.0,,2021-10-21 18:10:37+00:00,,,,Methane,278.21 ,3032 ,,,1012,2.606 ,-86.2 ,,,,2021-10-21 18:10:37+00:00,,Landsat 8/UPV,1,,231569.0,8.0,218645.0,231569.0,True,,231569.0,231569.0,231569.0,231569.0,231569.0,AZ,2021-10-21 17:55:38+00:00,0.0,2005.0,3552.435,True,14.983333333333333,True,TP,1.0,4168.559397944883,3955.466183949321,4400.8510105051655,4167.654594365271,3948.4740583314097,4390.021228373496,4171.780813248462,3938.5513110081934,4411.643696145898,4189.453793463621,3935.2286271258777,4443.516688278875,4168.550252123394,3926.3913282233634,4395.188323320749
27,1651,,25,1.0,1.0,,2021-10-21 18:10:37+00:00,,,,Methane,319,2171,4958,626,1-sigma confidence interval,2.2,6,189,,,2021-10-21 18:10:37+00:00,,Landsat 8/Kayrros,1,,231569.0,8.0,218645.0,231569.0,True,,231569.0,231569.0,231569.0,231569.0,231569.0,AZ,2021-10-21 17:55:38+00:00,0.0,2005.0,3552.435,True,14.983333333333333,True,TP,1.0,4167.866318580354,3944.199422238059,4412.012691165685,4180.974319819081,3954.001970835345,4408.9368422445405,4168.58761207735,3926.4501762849213,4428.545248291522,4194.086573608721,3949.0327346698937,4451.349995635281,4162.65700199547,3953.524791832267,4413.603940597169
28,1667,,41,,,,2021-10-21 18:10:37+00:00,,,,Methane,490,1810,1418,2110,Min/max,2.2 [1.7-2.4],186,,,,2021-10-21 18:10:37+00:00,,Landsat 8/SRON,1,,231569.0,8.0,218645.0,231569.0,True,,231569.0,231569.0,231569.0,231569.0,231569.0,AZ,2021-10-21 17:55:38+00:00,0.0,2005.0,3552.435,True,14.983333333333333,True,TP,1.0,4167.948235169657,3939.8567347699095,4393.271070966069,4155.639046876647,3943.812525452677,4381.925599622427,4170.879619252722,3950.3238125114904,4421.934914047178,4192.92006813907,3941.5645115271564,4426.290056540501,4172.174110904076,3948.1303268504253,4393.354510109449
29,1682,,8,1.0,2.0,,2021-10-21 18:10:37+00:00,,,,Methane,278.21 ,4085 ,18:10:37.5283260Z,178.88 ,1531,3.98 ,,,,,2021-10-21 18:10:37+00:00,,Landsat 8/UPV,2,,231569.0,8.0,218645.0,231569.0,True,,231569.0,231569.0,231569.0,231569.0,231569.0,AZ,2021-10-21 17:55:38+00:00,0.0,2005.0,3552.435,True,14.983333333333333,True,TP,1.0,4171.795878110995,3939.8788827413155,4413.818764504408,4165.842080472954,3935.446642383687,4411.890407017807,4169.961121285675,3961.9936809160135,4428.963249600128,4189.410191716207,3947.544738222116,4428.413740699341,4170.982461659564,3915.661746040212,4419.289731823567
30,1699,,25,1.0,1.0,,2021-10-21 18:10:37+00:00,,,,Methane,319,3234,3921,2547,1-sigma confidence interval,3.9,47.46,189.0,,,2021-10-21 18:10:37+00:00,,Landsat 8/Kayrros,2,,231569.0,8.0,218645.0,231569.0,True,,231569.0,231569.0,231569.0,231569.0,231569.0,AZ,2021-10-21 17:55:38+00:00,0.0,2005.0,3552.435,True,14.983333333333333,True,TP,1.0,4175.6374114558175,3956.9221428046762,4395.967626559237,4164.993119865142,3953.222489850316,4373.147456679119,4179.768261816587,3936.9195376789344,4434.000593549163,4193.421846020335,3956.4982484735906,4467.523599632557,4164.236916086335,3931.4640543560404,4381.1999547344
31,1715,,41,,,,2021-10-21 18:10:37+00:00,,,,Methane,490,2780,2450,3170,Min/max,4.1 [3.9-4.4] ,221,,,,2021-10-21 18:10:37+00:00,,Landsat 8/SRON,2,,231569.0,8.0,218645.0,231569.0,True,,231569.0,231569.0,231569.0,231569.0,231569.0,AZ,2021-10-21 17:55:38+00:00,0.0,2005.0,3552.435,True,14.983333333333333,True,TP,1.0,4177.270620969877,3956.0230521078297,4420.539687570961,4167.9241076806475,3950.4071227775676,4403.087072620073,4170.864651807,3949.7510837326613,4418.20839460244,4181.870285492316,3942.3314058416377,4447.033860102558,4164.48619374543,3925.2308810471573,4403.0935480177195
32,1635,,9,1.0,1.0,,2021-10-22 18:34:54+00:00,,,,Methane,164.92 ,3005 ,,,1011,2.371 ,8.6 ,,,,2021-10-22 18:34:54+00:00,,Sentinel-2/UPV,1,,92870.1,4.0,218645.0,92870.1,False,,92537.35666666667,92536.41500000001,92699.32777777778,93015.67433333333,93858.35216666666,AZ,2021-10-22 18:16:57+00:00,0.0,2006.0,2148.9,True,17.95,True,TP,1.0,1664.9058187162968,1586.4525355694216,1767.9277765136248,1669.3055090399869,1578.6453643444722,1767.0564248116846,1669.4687539644929,1577.0393042264093,1765.973307520711,1673.2861843910096,1584.0095906727606,1764.88805576744,1691.1099400210965,1598.93731207351,1788.3904863661428
33,1645,,19,1.0,1.0,,2021-10-22 18:34:54+00:00,,,,Methane,0,0,,,,,,,,,2021-10-22 18:34:54+00:00,,Sentinel-2/Kayrros,1,,92870.1,4.0,218645.0,92870.1,False,,92537.35666666667,92536.41500000001,92699.32777777778,93015.67433333333,93858.35216666666,AZ,2021-10-22 18:16:57+00:00,0.0,2006.0,2148.9,True,17.95,True,TP,1.0,1666.415850717867,1577.6986968394874,1761.4624182823482,1663.4177922579531,1574.7445360856689,1752.6598641230423,1667.6005858737497,1578.0202900447764,1771.6110184009456,1672.667857372438,1578.5637128311396,1776.7632224444249,1687.009857136722,1594.9158889687544,1784.6372643119375
34,1659,,33,1.0,1.0,,2021-10-22 18:34:54+00:00,,,,Methane,148,2102,3056,1148,+/- 1 sigma,1.764591,269.780224,UnknownSentinel2Direction,,,2021-10-22 18:34:54+00:00,,Sentinel-2/Harvard,1,,92870.1,4.0,218645.0,92870.1,False,,92537.35666666667,92536.41500000001,92699.32777777778,93015.67433333333,93858.35216666666,AZ,2021-10-22 18:16:57+00:00,0.0,2006.0,2148.9,True,17.95,True,TP,1.0,1662.8655739851258,1575.6503992568933,1759.4454249061478,1662.154054218792,1571.1455611125768,1759.640135939977,1670.8087201401152,1578.2124848738101,1767.5758435305227,1677.1609345211596,1595.468017117288,1771.0203297861376,1687.5713816366163,1592.6033410100326,1792.4602781949297
35,1668,,42,,,,2021-10-22 18:34:54+00:00,,,,Methane,330,1160,570,2590,Min/max,1.4 [0.6-3.2],92,,,,2021-10-22 18:34:54+00:00,,Sentinel-2/SRON,1,,92870.1,4.0,218645.0,92870.1,False,,92537.35666666667,92536.41500000001,92699.32777777778,93015.67433333333,93858.35216666666,AZ,2021-10-22 18:16:57+00:00,0.0,2006.0,2148.9,True,17.95,True,TP,1.0,1665.4981477703554,1576.5772946892894,1761.8666043838878,1666.3772853357061,1578.209551808586,1769.9692101241158,1671.3223797290377,1584.5286431788547,1766.5080165634577,1676.3652028810359,1594.4498035146476,1767.3378404180517,1691.079087719519,1597.5111888433903,1793.8998677456896
36,1683,,9,1.0,1.0,,2021-10-22 18:34:54+00:00,,,,Methane,164.92 ,2773 ,18:34:54.542039Z,111.71 ,893,2.08 ,,,,,2021-10-22 18:34:54+00:00,,Sentinel-2/UPV,2,,92870.1,4.0,218645.0,92870.1,False,,92537.35666666667,92536.41500000001,92699.32777777778,93015.67433333333,93858.35216666666,AZ,2021-10-22 18:16:57+00:00,0.0,2006.0,2148.9,True,17.95,True,TP,1.0,1667.659787313268,1582.591195136664,1761.4390344939118,1669.7897430078408,1582.4201397283089,1766.68850348939,1669.0232558663597,1582.8195851054527,1760.9444448044715,1676.1211574303861,1583.7117312648365,1762.3989857724953,1692.0425096611439,1598.0337868117251,1791.6006517559151
37,1693,,19,1.0,1.0,,2021-10-22 18:34:54+00:00,,,,Methane,0,0,,,,,,,,,2021-10-22 18:34:54+00:00,,Sentinel-2/Kayrros,2,,92870.1,4.0,218645.0,92870.1,False,,92537.35666666667,92536.41500000001,92699.32777777778,93015.67433333333,93858.35216666666,AZ,2021-10-22 18:16:57+00:00,0.0,2006.0,2148.9,True,17.95,True,TP,1.0,1668.0565164569236,1570.597299155673,1765.437844490183,1666.6966488592334,1573.4108398348228,1765.1156803399579,1669.3627177143508,1579.9902283956328,1757.4800356468393,1677.8880236647217,1583.9750347066663,1772.5443301469552,1691.9863937044022,1613.8236685685413,1788.5260190657707
38,1707,,33,1.0,1.0,,2021-10-22 18:34:54+00:00,,,,Methane,,2652,3335,1969,+/- 1 sigma,2.373983,,,,,2021-10-22 18:34:54+00:00,,Sentinel-2/Harvard,2,,92870.1,4.0,218645.0,92870.1,False,,92537.35666666667,92536.41500000001,92699.32777777778,93015.67433333333,93858.35216666666,AZ,2021-10-22 18:16:57+00:00,0.0,2006.0,2148.9,True,17.95,True,TP,1.0,1665.6543243559468,1575.2390769293677,1757.519674289889,1667.6025486146007,1577.5561110435335,1765.0382854791299,1671.8682457582886,1589.4738110318465,1767.1215539237464,1675.574279821684,1590.5237917110805,1772.8137294981107,1690.1495694335772,1600.9749010491,1793.5227648332584
39,1716,,42,,,,2021-10-22 18:34:54+00:00,,,,Methane,330,1500,1203,1790,Min/max,1.9 [1.4-2.3],113,,,,2021-10-22 18:34:54+00:00,,Sentinel-2/SRON,2,,92870.1,4.0,218645.0,92870.1,False,,92537.35666666667,92536.41500000001,92699.32777777778,93015.67433333333,93858.35216666666,AZ,2021-10-22 18:16:57+00:00,0.0,2006.0,2148.9,True,17.95,True,TP,1.0,1666.3091923824927,1573.026316276887,1741.5943571130094,1665.909712797999,1579.8387180756388,1755.4173522424805,1671.7775859608096,1590.5869894202028,1755.929020727786,1675.295360088837,1583.0289810555737,1758.1832084245402,1692.4523397497107,1602.536671383967,1792.8463985382855
40,1636,,10,1.0,1.0,,2021-10-24 18:25:02+00:00,,,,Methane,FR,FR,FR,FR,FR,,,,,,2021-10-24 18:25:02+00:00,,Sentinel-2/UPV,1,,225354.0,8.0,218645.0,225354.0,False,,225786.66666666666,225899.8,225898.02222222224,221737.36333333334,219167.52333333335,AZ,2021-10-24 18:11:05+00:00,0.0,2009.0,1956.56,True,13.95,True,TP,1.0,4068.6197826136563,3866.501201091892,4312.3832794854425,4065.888721724016,3844.771807503743,4286.070674388985,4069.720333774734,3859.9565653527284,4323.88441406929,3993.9236618256314,3799.8356675105547,4226.507783666122,3951.8734209502704,3729.796404949967,4188.489124633476
41,1646,,20,1.0,1.0,,2021-10-24 18:25:02+00:00,,,,Methane,cloudy,cloudy,,,,,,,,,2021-10-24 18:25:02+00:00,,Sentinel-2/Kayrros,1,,225354.0,8.0,218645.0,225354.0,False,,225786.66666666666,225899.8,225898.02222222224,221737.36333333334,219167.52333333335,AZ,2021-10-24 18:11:05+00:00,0.0,2009.0,1956.56,True,13.95,True,TP,1.0,4070.0307050653055,3859.7369189216415,4282.505425532841,4067.945046221514,3869.239558408017,4317.099693300165,4058.7647613514896,3844.891765302746,4288.722071763989,3989.8285568683073,3787.5260848497383,4218.3201330963075,3944.3311378204985,3733.2146298752573,4180.127549253464
42,1660,,34,1.0,1.0,,2021-10-24 18:25:02+00:00,,,,Methane,FR,FR,FR,FR,FR,FR,FR,UnknownSentinel2Direction,,,2021-10-24 18:25:02+00:00,,Sentinel-2/Harvard,1,,225354.0,8.0,218645.0,225354.0,False,,225786.66666666666,225899.8,225898.02222222224,221737.36333333334,219167.52333333335,AZ,2021-10-24 18:11:05+00:00,0.0,2009.0,1956.56,True,13.95,True,TP,1.0,4071.4877682665533,3882.5965472098133,4315.69040162887,4067.886817353972,3843.251485341577,4299.72146626113,4061.865958798937,3846.0196650522603,4316.626544737482,3987.4671049409435,3770.15682844705,4222.502362626373,3948.613397170254,3725.8261925744127,4183.6698540415455
43,1669,,43,,,,2021-10-24 18:25:02+00:00,,,,Methane,FR,FR,FR,FR,FR,FR,FR,,,,2021-10-24 18:25:02+00:00,,Sentinel-2/SRON,1,,225354.0,8.0,218645.0,225354.0,False,,225786.66666666666,225899.8,225898.02222222224,221737.36333333334,219167.52333333335,AZ,2021-10-24 18:11:05+00:00,0.0,2009.0,1956.56,True,13.95,True,TP,1.0,4070.379721212719,3863.704171921419,4270.067784727293,4073.4143039266364,3832.471197221788,4305.045818412849,4062.9407163921746,3855.9470981049726,4312.9363449003495,3997.6793707057536,3778.283649001598,4223.724161872531,3952.343271219101,3748.7349522520926,4173.791889155854
44,1684,,10,1.0,1.0,,2021-10-24 18:25:02+00:00,,,,Methane,,FR,FR,FR,FR,,,,,,2021-10-24 18:25:02+00:00,,Sentinel-2/UPV,2,,225354.0,8.0,218645.0,225354.0,False,,225786.66666666666,225899.8,225898.02222222224,221737.36333333334,219167.52333333335,AZ,2021-10-24 18:11:05+00:00,0.0,2009.0,1956.56,True,13.95,True,TP,1.0,4066.1474469677382,3855.935231406265,4290.807864020852,4070.5660968056113,3851.497792310658,4293.430997550936,4060.201806821406,3844.5140221817037,4276.224819657612,3987.153939632181,3776.29058071627,4222.372420322157,3944.091524166825,3718.5795681520385,4185.616210084963
45,1694,,20,1.0,1.0,,2021-10-24 18:25:02+00:00,,,,Methane,cloudy,cloudy,,,,,,,,,2021-10-24 18:25:02+00:00,,Sentinel-2/Kayrros,2,,225354.0,8.0,218645.0,225354.0,False,,225786.66666666666,225899.8,225898.02222222224,221737.36333333334,219167.52333333335,AZ,2021-10-24 18:11:05+00:00,0.0,2009.0,1956.56,True,13.95,True,TP,1.0,4058.02358980953,3844.4061332999327,4287.151824023179,4070.5154864383467,3857.0935902386063,4277.5859338251,4070.9826890010636,3845.0983621129276,4314.548577964533,3990.1329256820827,3775.0660386960285,4231.5121805150675,3942.9912041471225,3729.648069219217,4176.417126075948
46,1708,,34,1.0,1.0,,2021-10-24 18:25:02+00:00,,,,Methane,,FR,FR,FR,FR,FR,,,,,2021-10-24 18:25:02+00:00,,Sentinel-2/Harvard,2,,225354.0,8.0,218645.0,225354.0,False,,225786.66666666666,225899.8,225898.02222222224,221737.36333333334,219167.52333333335,AZ,2021-10-24 18:11:05+00:00,0.0,2009.0,1956.56,True,13.95,True,TP,1.0,4064.1079599884138,3852.1728220989007,4309.518164867725,4068.7599629281003,3839.6436917741203,4298.616976436802,4074.054030129591,3845.156119197101,4306.272005866205,3994.6312684711716,3773.6636556257367,4238.28867972421,3949.517092519676,3741.8288932590426,4159.463220917915
47,1717,,43,,,,2021-10-24 18:25:02+00:00,,,,Methane,FR,FR,FR,FR,FR,FR,FR,,,,2021-10-24 18:25:02+00:00,,Sentinel-2/SRON,2,,225354.0,8.0,218645.0,225354.0,False,,225786.66666666666,225899.8,225898.02222222224,221737.36333333334,219167.52333333335,AZ,2021-10-24 18:11:05+00:00,0.0,2009.0,1956.56,True,13.95,True,TP,1.0,4067.2361641084412,3859.223442814792,4306.199444932426,4067.5038338249915,3857.4145315044047,4290.081789194119,4075.8449248256256,3887.8308929645937,4282.123227054866,4005.011295034528,3774.5439144650104,4230.653340568574,3935.219935029678,3736.3645526721825,4125.378187188803
48,1637,,11,1.0,1.0,,2021-10-27 18:34:57+00:00,,,,Methane,184.39 ,5333 ,,,2108,4.881 ,-97.5 ,,,,2021-10-27 18:34:57+00:00,,Sentinel-2/UPV,1,,195078.0,8.0,218645.0,195078.0,False,,195152.83333333334,195377.56666666668,195553.47777777776,194120.96666666667,191475.10333333333,AZ,2021-10-27 18:13:45+00:00,0.0,2011.0,4694.095,True,21.2,True,TP,1.0,3512.477827220732,3331.825074662548,3722.0596488969554,3513.140604715374,3344.8757771740347,3716.2734867808963,3519.464575194777,3340.3316850756282,3717.3664835422414,3491.784629103642,3292.918606068075,3675.487948800961,3445.7703325467546,3266.724477147524,3652.1522727480974
49,1647,,21,1.0,1.0,,2021-10-27 18:34:57+00:00,,,,Methane,376,5614,9773,2634,1-sigma confidence interval,3.8,350,189,,,2021-10-27 18:34:57+00:00,,Sentinel-2/Kayrros,1,,195078.0,8.0,218645.0,195078.0,False,,195152.83333333334,195377.56666666668,195553.47777777776,194120.96666666667,191475.10333333333,AZ,2021-10-27 18:13:45+00:00,0.0,2011.0,4694.095,True,21.2,True,TP,1.0,3519.7276748630434,3334.7141270636976,3731.0038529210356,3515.4578192034774,3322.719260895932,3703.99987732067,3512.3420757123517,3329.3836758114635,3702.5481783090927,3492.088514035981,3311.540818509891,3680.77687094716,3443.939588754189,3235.521144832493,3639.52026974757
50,1661,,35,1.0,1.0,,2021-10-27 18:34:57+00:00,,,,Methane,187,5187,6956,3418,+/- 1 sigma,4.407491,7.410631,UnknownSentinel2Direction,,,2021-10-27 18:34:57+00:00,,Sentinel-2/Harvard,1,,195078.0,8.0,218645.0,195078.0,False,,195152.83333333334,195377.56666666668,195553.47777777776,194120.96666666667,191475.10333333333,AZ,2021-10-27 18:13:45+00:00,0.0,2011.0,4694.095,True,21.2,True,TP,1.0,3512.1551537035452,3331.2649139226005,3733.235628119512,3526.4305713852814,3331.5682398446547,3731.1032245386155,3523.250436316397,3341.040232830795,3710.0625622616626,3496.442264898737,3295.6841669294295,3695.50441541717,3448.795506017657,3274.1845643961137,3653.4182242685383
51,1670,,44,,,,2021-10-27 18:34:57+00:00,,,,Methane,260,2250,1440,2870,Min/max,3.8 [2.6-4.4],184,,,,2021-10-27 18:34:57+00:00,,Sentinel-2/SRON,1,,195078.0,8.0,218645.0,195078.0,False,,195152.83333333334,195377.56666666668,195553.47777777776,194120.96666666667,191475.10333333333,AZ,2021-10-27 18:13:45+00:00,0.0,2011.0,4694.095,True,21.2,True,TP,1.0,3515.604492245371,3337.588910416314,3736.5717539297,3521.692672827635,3322.0272096092613,3721.457706400568,3524.121825718346,3336.2562840901596,3729.7846933266096,3492.7152233838056,3300.4133792659327,3680.160274717171,3450.1684305906956,3242.2620575493906,3643.8974379199067
52,1685,,11,1.0,1.0,,2021-10-27 18:34:57+00:00,,,,Methane,184.39 ,4427 ,18:34:57.856604Z,132.57 ,1651,3.82 ,,,,,2021-10-27 18:34:57+00:00,,Sentinel-2/UPV,2,,195078.0,8.0,218645.0,195078.0,False,,195152.83333333334,195377.56666666668,195553.47777777776,194120.96666666667,191475.10333333333,AZ,2021-10-27 18:13:45+00:00,0.0,2011.0,4694.095,True,21.2,True,TP,1.0,3518.9525597936718,3318.9829247958587,3734.098861481889,3515.319164773399,3324.7296492563314,3739.0552969747278,3526.7844765550008,3341.82762060936,3730.26408627927,3490.7823921364575,3307.747261615837,3712.200995194697,3452.9759693799583,3255.765764413814,3663.744174109711
53,1695,,21,1.0,1.0,,2021-10-27 18:34:57+00:00,,,,Methane,376,5134,6929,3340,1-sigma confidence interval,3.32,46.1,189.0,,,2021-10-27 18:34:57+00:00,,Sentinel-2/Kayrros,2,,195078.0,8.0,218645.0,195078.0,False,,195152.83333333334,195377.56666666668,195553.47777777776,194120.96666666667,191475.10333333333,AZ,2021-10-27 18:13:45+00:00,0.0,2011.0,4694.095,True,21.2,True,TP,1.0,3519.140296114399,3338.680640111601,3723.0382021675537,3516.6415150353128,3317.505882300848,3718.4206639811587,3519.728821749054,3336.962964434934,3737.432374007613,3498.2304975792,3303.767976864754,3699.7119178921425,3450.261049969671,3269.1434603570337,3661.247751716191
54,1709,,35,1.0,1.0,,2021-10-27 18:34:57+00:00,,,,Methane,,4447,5582,3312,+/- 1 sigma,3.699061,,,,,2021-10-27 18:34:57+00:00,,Sentinel-2/Harvard,2,,195078.0,8.0,218645.0,195078.0,False,,195152.83333333334,195377.56666666668,195553.47777777776,194120.96666666667,191475.10333333333,AZ,2021-10-27 18:13:45+00:00,0.0,2011.0,4694.095,True,21.2,True,TP,1.0,3517.752017860045,3316.537282560335,3719.1649475239265,3512.966718751353,3316.351973502935,3704.5863838665123,3518.708050827046,3327.901167583758,3703.033550721559,3496.21673707768,3298.003318036196,3694.927191730603,3447.1422716430557,3254.9976268311625,3634.3705959722215
55,1718,,44,,,,2021-10-27 18:34:57+00:00,,,,Methane,260,2380,1940,2840,Min/max,4.2 [3.9-4.4] ,221,,,,2021-10-27 18:34:57+00:00,,Sentinel-2/SRON,2,,195078.0,8.0,218645.0,195078.0,False,,195152.83333333334,195377.56666666668,195553.47777777776,194120.96666666667,191475.10333333333,AZ,2021-10-27 18:13:45+00:00,0.0,2011.0,4694.095,True,21.2,True,TP,1.0,3516.1366892303677,3338.5738625107733,3722.0892031742274,3517.6497450278316,3322.9123972996626,3734.4296132893082,3517.915755517356,3310.8159806277426,3708.2102146935417,3496.4904474427103,3315.1810609929526,3701.7602022555866,3458.3202002026355,3280.467121006565,3656.706101355455
56,1638,,12,1.0,2.0,,2021-10-28 18:16:48+00:00,,,,Methane,120.00 ,1625 ,,,692,4.419 ,-103.5 ,,,,2021-10-28 18:16:48+00:00,,Landsat 8/UPV,1,,116668.0,8.0,218645.0,116668.0,False,,116825.9,116765.35,116573.96666666666,115473.97666666667,114725.47333333333,AZ,2021-10-28 18:05:30+00:00,0.0,2012.0,3237.54,True,11.3,True,TP,1.0,2105.555711341486,1987.4325478783421,2224.8131446859984,2097.7764495807155,1970.5860330153776,2221.0667945196524,2099.8478069033536,1980.8140695367217,2234.6722424441164,2077.7813705194926,1956.4093774809241,2207.3131979531213,2068.3042935089625,1942.8975926081496,2200.081891668136
57,1652,,26,1.0,1.0,,2021-10-28 18:16:48+00:00,,,,Methane,280,2236,5136,363,1-sigma confidence interval,4,10,189,,,2021-10-28 18:16:48+00:00,,Landsat 8/Kayrros,1,,116668.0,8.0,218645.0,116668.0,False,,116825.9,116765.35,116573.96666666666,115473.97666666667,114725.47333333333,AZ,2021-10-28 18:05:30+00:00,0.0,2012.0,3237.54,True,11.3,True,TP,1.0,2105.784118867428,1976.3352184167722,2241.5766851790754,2106.082334661654,1994.5032461444498,2238.7778210148845,2101.57146528493,1988.4688514464058,2230.322479036013,2081.013722274256,1961.0126890922843,2209.2888310911558,2072.1447048038617,1954.2908095821183,2192.982770986053
58,1671,,45,,,,2021-10-28 18:16:48+00:00,,,,Methane,FR,FR,FR,FR,FR,FR,FR,,,,2021-10-28 18:16:48+00:00,,Landsat 8/SRON,1,,116668.0,8.0,218645.0,116668.0,False,,116825.9,116765.35,116573.96666666666,115473.97666666667,114725.47333333333,AZ,2021-10-28 18:05:30+00:00,0.0,2012.0,3237.54,True,11.3,True,TP,1.0,2103.7192163339205,1986.967945548376,2232.0271815692163,2105.59864273137,1986.3383090991283,2237.267913883026,2098.6570893294083,1978.689296943931,2219.992589608421,2077.711982639175,1954.8860406495915,2206.8366356211745,2070.227840562459,1951.137454191796,2188.434754845341
59,1686,,12,1.0,2.0,,2021-10-28 18:16:48+00:00,,,,Methane,120.00 ,1735 ,18:16:48.2627780Z,28.38 ,710,4.81 ,,,,,2021-10-28 18:16:48+00:00,,Landsat 8/UPV,2,,116668.0,8.0,218645.0,116668.0,False,,116825.9,116765.35,116573.96666666666,115473.97666666667,114725.47333333333,AZ,2021-10-28 18:05:30+00:00,0.0,2012.0,3237.54,True,11.3,True,TP,1.0,2105.3245033190788,1993.3396347745543,2232.910635506166,2101.833504437555,1976.211248938768,2227.0551128222137,2101.030556832387,1978.4195299292987,2230.244542858022,2078.7770491176652,1955.957922408995,2210.2448993071685,2068.640874523577,1959.0198666361255,2187.5688593993204
60,1700,,26,1.0,1.0,,2021-10-28 18:16:48+00:00,,,,Methane,280,2489,3024,1955,1-sigma confidence interval,4.6,45.59,189.0,,,2021-10-28 18:16:48+00:00,,Landsat 8/Kayrros,2,,116668.0,8.0,218645.0,116668.0,False,,116825.9,116765.35,116573.96666666666,115473.97666666667,114725.47333333333,AZ,2021-10-28 18:05:30+00:00,0.0,2012.0,3237.54,True,11.3,True,TP,1.0,2103.8082058704263,1986.6628005027856,2236.6635404270055,2102.733284549999,1979.774051338115,2236.7301573929653,2097.1260959491224,1967.027811912427,2231.14002294704,2083.5134308911047,1965.0697950402825,2195.715766094817,2068.4583009398943,1955.6052789377359,2186.999863977673
61,1719,,45,,,,2021-10-28 18:16:48+00:00,,,,Methane,FR,FR,FR,FR,FR,FR,FR,,,,2021-10-28 18:16:48+00:00,,Landsat 8/SRON,2,,116668.0,8.0,218645.0,116668.0,False,,116825.9,116765.35,116573.96666666666,115473.97666666667,114725.47333333333,AZ,2021-10-28 18:05:30+00:00,0.0,2012.0,3237.54,True,11.3,True,TP,1.0,2103.0840008422665,1988.8514454903902,2227.6688711797588,2100.545977931618,1974.04490393539,2223.8523709903316,2097.3867094393772,1977.5515167632423,2234.2258915446473,2079.4394367728346,1952.2335318424705,2199.901281988034,2069.677248295119,1945.5428898270154,2187.3676745142507
62,1639,,13,1.0,1.0,,2021-10-29 18:24:58+00:00,,,,Methane,,0 ,,,,2.223 ,-89.5 ,,,,2021-10-29 18:24:58+00:00,,Sentinel-2/UPV,1,,281513.0,8.0,218645.0,281513.0,False,,282310.6666666667,282645.81666666665,282310.3777777778,278775.04333333333,262685.75833333336,AZ,2021-10-29 18:09:15+00:00,0.0,2013.0,4719.235,True,15.716666666666669,True,TP,1.0,5080.661905601345,4813.61628542157,5341.50331456011,5089.171804488049,4829.430878850973,5375.901533361816,5083.051797914148,4803.091474198014,5381.598707276147,5027.380169790505,4754.622244531842,5315.196912833779,4727.938674850639,4470.009256416729,5003.181294594204
63,1648,,22,1.0,1.0,,2021-10-29 18:24:58+00:00,,,,Methane,348,4675,8052,2326,1-sigma confidence interval,2.6,1,189,,,2021-10-29 18:24:58+00:00,,Sentinel-2/Kayrros,1,,281513.0,8.0,218645.0,281513.0,False,,282310.6666666667,282645.81666666665,282310.3777777778,278775.04333333333,262685.75833333336,AZ,2021-10-29 18:09:15+00:00,0.0,2013.0,4719.235,True,15.716666666666669,True,TP,1.0,5078.575369522168,4813.673297045589,5368.0799275067775,5083.7745581072895,4826.881374997303,5359.667871346292,5084.36429328095,4833.239373511993,5383.717458053512,5014.683545139104,4751.147571044579,5297.74347131439,4725.3527940509675,4482.154951493811,4962.679881477438
64,1662,,36,1.0,1.0,,2021-10-29 18:24:58+00:00,,,,Methane,122,2762,3915,1609,+/- 1 sigma,2.448409,10.779561,UnknownSentinel2Direction,,,2021-10-29 18:24:58+00:00,,Sentinel-2/Harvard,1,,281513.0,8.0,218645.0,281513.0,False,,282310.6666666667,282645.81666666665,282310.3777777778,278775.04333333333,262685.75833333336,AZ,2021-10-29 18:09:15+00:00,0.0,2013.0,4719.235,True,15.716666666666669,True,TP,1.0,5085.613574892077,4835.052350535171,5392.725384680871,5081.1712978762525,4829.805460669749,5398.675971648204,5091.509615783996,4814.774695239865,5403.852595025876,5009.808999607444,4747.300222066966,5274.573235404235,4729.84890784141,4471.775853528741,5013.904597361576
65,1672,,46,,,,2021-10-29 18:24:58+00:00,,,,Methane,0,0,0,0,0,0,0,,,,2021-10-29 18:24:58+00:00,,Sentinel-2/SRON,1,,281513.0,8.0,218645.0,281513.0,False,,282310.6666666667,282645.81666666665,282310.3777777778,278775.04333333333,262685.75833333336,AZ,2021-10-29 18:09:15+00:00,0.0,2013.0,4719.235,True,15.716666666666669,True,TP,1.0,5078.174141206389,4796.139559073394,5397.9119402266415,5087.91451690221,4811.856810471568,5378.0262533095565,5075.402748927211,4791.522337193561,5382.682216906762,5006.18753443701,4742.981732345742,5264.613788073614,4736.123307594425,4491.868298729288,5018.7485808522015
66,1687,,13,1.0,1.0,,2021-10-29 18:24:58+00:00,,,,Methane,,0 ,,,,,,,,,2021-10-29 18:24:58+00:00,,Sentinel-2/UPV,2,,281513.0,8.0,218645.0,281513.0,False,,282310.6666666667,282645.81666666665,282310.3777777778,278775.04333333333,262685.75833333336,AZ,2021-10-29 18:09:15+00:00,0.0,2013.0,4719.235,True,15.716666666666669,True,TP,1.0,5086.627070776802,4832.120526398649,5378.888894820479,5089.299733645699,4835.303430125849,5394.066197198487,5079.374537457503,4807.183018626311,5336.465989316127,5018.414483067501,4738.020906459489,5312.611652521104,4734.4943571498325,4472.935139291594,5021.040749538189
67,1696,,22,1.0,1.0,,2021-10-29 18:24:58+00:00,,,,Methane,348,7267,10546,3988,1-sigma confidence interval,4.86,46.1,189.0,,,2021-10-29 18:24:58+00:00,,Sentinel-2/Kayrros,2,,281513.0,8.0,218645.0,281513.0,False,,282310.6666666667,282645.81666666665,282310.3777777778,278775.04333333333,262685.75833333336,AZ,2021-10-29 18:09:15+00:00,0.0,2013.0,4719.235,True,15.716666666666669,True,TP,1.0,5091.906503624375,4835.527001350623,5373.901310060566,5095.443171125446,4829.424685827091,5348.134662547374,5085.779421663084,4806.219827234111,5380.89647806395,5022.030334428451,4751.685077360625,5313.833460107471,4727.691627549229,4493.467547925303,5006.981813171856
68,1710,,36,1.0,1.0,,2021-10-29 18:24:58+00:00,,,,Methane,,4757,5890,3624,+/- 1 sigma,4.727615,,,,,2021-10-29 18:24:58+00:00,,Sentinel-2/Harvard,2,,281513.0,8.0,218645.0,281513.0,False,,282310.6666666667,282645.81666666665,282310.3777777778,278775.04333333333,262685.75833333336,AZ,2021-10-29 18:09:15+00:00,0.0,2013.0,4719.235,True,15.716666666666669,True,TP,1.0,5085.220781050319,4832.9404273386,5394.160711342292,5096.571032369918,4826.079365917823,5402.439208421039,5082.32222422189,4805.044844308012,5343.90347699925,5028.113166537312,4767.872588598806,5283.206477775335,4727.858194965552,4475.980624162476,5003.564907554864
69,1720,,46,,,,2021-10-29 18:24:58+00:00,,,,Methane,0,0,0,0,0,0,0,,,,2021-10-29 18:24:58+00:00,,Sentinel-2/SRON,2,,281513.0,8.0,218645.0,281513.0,False,,282310.6666666667,282645.81666666665,282310.3777777778,278775.04333333333,262685.75833333336,AZ,2021-10-29 18:09:15+00:00,0.0,2013.0,4719.235,True,15.716666666666669,True,TP,1.0,5083.058111498125,4823.275743104795,5372.272420386865,5097.0359221193985,4827.80986479751,5399.239320810017,5093.013085422119,4807.0616151106,5378.282734665447,5018.173279127982,4729.72476798545,5323.191655155222,4734.442173505888,4502.682106434879,4998.023438678661
70,1641,,15,1.0,1.0,,2021-11-03 18:25:01+00:00,,,,Methane,111.35 ,1191 ,,,458,3.024 ,-87.8 ,,,,2021-11-03 18:25:01+00:00,,Sentinel-2/UPV,1,,76596.4,4.0,308188.0,76596.4,False,,76628.08333333333,76649.40666666666,76656.90777777779,77025.21666666666,77539.2735,AZ,2021-11-03 18:12:18+00:00,0.0,2016.0,2606.13,True,12.716666666666667,True,TP,1.0,1379.6565519560224,1302.5050547227079,1457.9734592569264,1381.0813098988137,1309.9079918960765,1467.5657932890517,1380.9437500362958,1307.1995937939948,1463.1533028852741,1387.4912065494216,1311.0493876638748,1468.8088435386717,1397.416644327586,1326.5100852890391,1474.0779757262974
71,1650,,24,1.0,1.0,,2021-11-03 18:25:01+00:00,,,,Methane,330,2823,5657,1016,1-sigma confidence interval,2.5,353,189,,,2021-11-03 18:25:01+00:00,,Sentinel-2/Kayrros,1,,76596.4,4.0,308188.0,76596.4,False,,76628.08333333333,76649.40666666666,76656.90777777779,77025.21666666666,77539.2735,AZ,2021-11-03 18:12:18+00:00,0.0,2016.0,2606.13,True,12.716666666666667,True,TP,1.0,1379.2781446116287,1307.2968318065261,1459.4537650338311,1381.6675358653754,1307.2546621945514,1448.7840591038084,1378.332248504352,1308.9316471515813,1457.3249373698118,1388.0696616578468,1309.3683631061458,1472.1311061041615,1399.7159185040355,1326.0966382219503,1476.248811148434
72,1664,,38,1.0,1.0,,2021-11-03 18:25:01+00:00,,,,Methane,115,1300,1878,722,+/- 1 sigma,2.595344,3.860544,UnknownSentinel2Direction,,,2021-11-03 18:25:01+00:00,,Sentinel-2/Harvard,1,,76596.4,4.0,308188.0,76596.4,False,,76628.08333333333,76649.40666666666,76656.90777777779,77025.21666666666,77539.2735,AZ,2021-11-03 18:12:18+00:00,0.0,2016.0,2606.13,True,12.716666666666667,True,TP,1.0,1379.7496193678783,1305.4620650992274,1462.522335647813,1381.5211231569938,1304.770522574911,1459.2352968333696,1383.4195816624826,1307.573101104585,1461.1050018269402,1384.9473669406966,1307.6018430876666,1457.3709414253701,1398.2810557923383,1324.4190334850575,1481.934982524104
73,1674,,48,,,,2021-11-03 18:25:01+00:00,,,,Methane,0,0,0,0,0,0,0,,,,2021-11-03 18:25:01+00:00,,Sentinel-2/SRON,1,,76596.4,4.0,308188.0,76596.4,False,,76628.08333333333,76649.40666666666,76656.90777777779,77025.21666666666,77539.2735,AZ,2021-11-03 18:12:18+00:00,0.0,2016.0,2606.13,True,12.716666666666667,True,TP,1.0,1380.684717627159,1309.743932956759,1460.0335565498367,1377.357927137631,1305.6759247241757,1460.4056917111884,1378.4499766290025,1306.423843397971,1459.6113537495353,1386.9280610981468,1309.4536934813448,1461.0031191982482,1397.8693658841357,1320.7094748090924,1480.365279027501
74,1689,,15,1.0,1.0,,2021-11-03 18:25:01+00:00,,,,Methane,111.35 ,1344 ,18:25:01.184114Z,25.45 ,539,3.59 ,,,,,2021-11-03 18:25:01+00:00,,Sentinel-2/UPV,2,,76596.4,4.0,308188.0,76596.4,False,,76628.08333333333,76649.40666666666,76656.90777777779,77025.21666666666,77539.2735,AZ,2021-11-03 18:12:18+00:00,0.0,2016.0,2606.13,True,12.716666666666667,True,TP,1.0,1378.7208600278911,1300.5332165679777,1448.3866010038173,1380.134218629694,1303.6112500346342,1464.3943432099034,1381.804893504861,1307.6072593521803,1464.9601077032196,1390.2964194495971,1315.3011162148696,1465.257981839868,1395.95726070979,1321.0990413991267,1477.2234373630715
75,1698,,24,1.0,1.0,,2021-11-03 18:25:01+00:00,,,,Methane,330,3199,4899,1498,1-sigma confidence interval,2.96,36.9,189.0,,,2021-11-03 18:25:01+00:00,,Sentinel-2/Kayrros,2,,76596.4,4.0,308188.0,76596.4,False,,76628.08333333333,76649.40666666666,76656.90777777779,77025.21666666666,77539.2735,AZ,2021-11-03 18:12:18+00:00,0.0,2016.0,2606.13,True,12.716666666666667,True,TP,1.0,1381.8660599838372,1304.025160317468,1457.9684060089116,1380.1025971278598,1310.8085802863013,1450.2593067246287,1380.4921492239032,1308.3296909499466,1463.3400614494046,1386.6494925345107,1309.0620611121838,1467.6362259776859,1393.561231184417,1321.0990585081995,1466.1580474568848
76,1712,,38,1.0,1.0,,2021-11-03 18:25:01+00:00,,,,Methane,,1787,2333,1241,+/- 1 sigma,3.798211,,,,,2021-11-03 18:25:01+00:00,,Sentinel-2/Harvard,2,,76596.4,4.0,308188.0,76596.4,False,,76628.08333333333,76649.40666666666,76656.90777777779,77025.21666666666,77539.2735,AZ,2021-11-03 18:12:18+00:00,0.0,2016.0,2606.13,True,12.716666666666667,True,TP,1.0,1379.7948032809265,1297.021514856765,1465.8986414676945,1381.713846094706,1310.74635306295,1462.074446716488,1382.21492063468,1302.7899272900622,1466.8909486787898,1386.4101570657695,1305.1733296195725,1473.5763319119867,1393.1320691014892,1315.149488161476,1471.2493084944933
77,1722,,48,,,,2021-11-03 18:25:01+00:00,,,,Methane,0,0,0,0,0,0,0,,,,2021-11-03 18:25:01+00:00,,Sentinel-2/SRON,2,,76596.4,4.0,308188.0,76596.4,False,,76628.08333333333,76649.40666666666,76656.90777777779,77025.21666666666,77539.2735,AZ,2021-11-03 18:12:18+00:00,0.0,2016.0,2606.13,True,12.716666666666667,True,TP,1.0,1378.8940724439992,1308.4268124434716,1463.865092697736,1380.047735449014,1311.3451388312824,1451.07015939604,1380.084558889312,1304.7711793227459,1455.6394379052597,1385.6443105305818,1308.2943588226908,1463.3091464399026,1397.0696643060842,1325.659820158452,1465.376285353474
78,1642,,16,,,,2021-10-23 18:40:53+00:00,,,,Methane,277,4069,,,1515,3.771272995,47.0416,,,,2021-10-23 18:40:53+00:00,,WV3/UPV,1,,218027.0,8.0,218645.0,218027.0,False,,218693.56666666668,218451.78333333333,218208.0,219472.70666666667,222886.76666666666,AZ,2021-10-23 18:26:42+00:00,0.0,2007.0,3908.2,True,14.183333333333334,True,TP,1.0,3936.981295276577,3726.686751163875,4142.842766015004,3941.6378940660516,3723.8276361979065,4179.636109857442,3931.6149139142185,3726.1992394067092,4137.565105870945,3949.26014127555,3740.1757188083693,4182.260594943183,4011.9415198376155,3787.227605577027,4223.210369591293
79,1656,,30,1.0,1.0,,2021-10-23 18:40:53+00:00,,,,Methane,318,1282,2758,522,1-sigma confidence interval,2.9,207,190,,,2021-10-23 18:40:53+00:00,,WV3/Kayrros,1,,218027.0,8.0,218645.0,218027.0,False,,218693.56666666668,218451.78333333333,218208.0,219472.70666666667,222886.76666666666,AZ,2021-10-23 18:26:42+00:00,0.0,2007.0,3908.2,True,14.183333333333334,True,TP,1.0,3940.7174275225743,3735.5072446554373,4178.346526600463,3933.834763591744,3737.628121413265,4149.399309357656,3928.663644201436,3717.8484661111415,4149.224122797206,3952.3202254049506,3736.537610604394,4186.706196689349,4020.222109285658,3795.5054033882125,4260.806693368072
80,1690,,16,,,,2021-10-23 18:40:53+00:00,,,,Methane,277,4790,,,1876,4.673416667,,,,,2021-10-23 18:40:53+00:00,,WV3/UPV,2,,218027.0,8.0,218645.0,218027.0,False,,218693.56666666668,218451.78333333333,218208.0,219472.70666666667,222886.76666666666,AZ,2021-10-23 18:26:42+00:00,0.0,2007.0,3908.2,True,14.183333333333334,True,TP,1.0,3928.7875842473945,3723.727177199548,4141.972394495184,3933.1785587344148,3726.533339825342,4165.624398688012,3934.65686772536,3731.317558525326,4151.619607637689,3956.1753991958426,3744.637865313297,4196.1198525952295,4009.9957647958813,3791.9478596540953,4244.526105452215
81,1704,,30,1.0,1.0,,2021-10-23 18:40:53+00:00,,,,Methane,318,1578,2053,1236,1-sigma confidence interval,4.31,207,190.0,,,2021-10-23 18:40:53+00:00,,WV3/Kayrros,2,,218027.0,8.0,218645.0,218027.0,False,,218693.56666666668,218451.78333333333,218208.0,219472.70666666667,222886.76666666666,AZ,2021-10-23 18:26:42+00:00,0.0,2007.0,3908.2,True,14.183333333333334,True,TP,1.0,3936.066180022975,3739.432311772783,4136.343435969306,3927.5684484825074,3720.491894978233,4143.907718170122,3936.989811937604,3724.4080523652515,4173.404873073191,3945.599102874656,3735.2163541533228,4143.8346621016335,4019.2664654911487,3798.308157689038,4250.776142375021
