,level_0,index,PerformerExperimentID,FacilityID,EquipmentUnitID,DateOfSurvey,Operator_Timestamp,StartTime,EndTime,SurveyTime,Gas,PlumeLength (hyperspectral technologies only),FacilityEmissionRate,FacilityEmissionRateUpper,FacilityEmissionRateLower,UncertaintyType,UncertaintyTypeManual,WindSpeed,WindDirection,TransitDirection,QC filter,NumberOfEmissionSourcesReported,Stanford_timestamp,WindType,OperatorSet,Satellite,Team,UnblindingStage,Notes,cr_quad_scfh,PipeSize_inch,MeterCode,cr_allmeters_scfh,Flag_field_recorded,cr_Coriolis_gps,cr_scfh_mean30,cr_scfh_mean60,cr_scfh_mean90,cr_scfh_mean300,cr_scfh_mean600,TestLocation,cr_start,cr_end,cr_idx,PlumeLength_m,PlumeEstablished,PlumeDevelopTime,PlumeSteady,tc_Classification,Detection,cr_kgh_CH4_mean30,cr_kgh_CH4_lower30,cr_kgh_CH4_upper30,cr_kgh_CH4_mean60,cr_kgh_CH4_lower60,cr_kgh_CH4_upper60,cr_kgh_CH4_mean90,cr_kgh_CH4_lower90,cr_kgh_CH4_upper90,cr_kgh_CH4_mean300,cr_kgh_CH4_lower300,cr_kgh_CH4_upper300,cr_kgh_CH4_mean600,cr_kgh_CH4_lower600,cr_kgh_CH4_upper600
0,1627,,1,1,1,,2021-10-16 17:26:40+00:00,,,,Methane,,1382,1920.98,843.02,39%,+/- 1 sigma,3.72,,,,,2021-10-16 17:26:40+00:00,,GHGSat C2/GHGSat,GHGSat C2,GHGSat,1,,90419.82,8,218645,90419.82,TRUE,,90591.936,90977.237,90404.87644,92336.07887,92646.23762,AZ,2021-10-16 17:10:03+00:00,0,2001,4474.545,TRUE,16.61666667,TRUE,TP,1,1632.05245,1523.378015,1733.644787,1635.339924,1532.812613,1738.832115,1631.089209,1534.380992,1732.093796,1669.907308,1557.345135,1784.021993,1667.393717,1570.598181,1765.878653
1,1675,,1,1,1,,2021-10-16 17:26:40+00:00,,,,Methane,,1534,1886,1181,23%,+/- 1 sigma,4.27,,,,,2021-10-16 17:26:40+00:00,,GHGSat C2/GHGSat,GHGSat C2,GHGSat,2,,90419.82,8,218645,90419.82,TRUE,,90591.936,90977.237,90404.87644,92336.07887,92646.23762,AZ,2021-10-16 17:10:03+00:00,0,2001,4474.545,TRUE,16.61666667,TRUE,TP,1,1631.452078,1536.562611,1737.602301,1634.962276,1534.830604,1735.799033,1630.336824,1532.843889,1735.501005,1668.209842,1573.462978,1774.034151,1669.862763,1560.769211,1775.255545
2,1628,,2,1,1,,2021-10-24 17:35:19+00:00,,,,Methane,,3848,5772,1924,50%,+/- 1 sigma,2.01,,,,,2021-10-24 17:35:19+00:00,,GHGSat C2/GHGSat,GHGSat C2,GHGSat,1,,235496,8,218645,235496,FALSE,,234785,234745.2833,234765.1,234940.8567,234874.5117,AZ,2021-10-24 17:19:20+00:00,0,2008,2621.325,TRUE,15.98333333,TRUE,TP,1,4229.795523,4009.032713,4481.512186,4220.650176,4001.89545,4458.18018,4228.532635,4004.328253,4437.015234,4230.042644,3990.485581,4491.149857,4217.087328,3999.013863,4469.135273
3,1676,,2,1,1,,2021-10-24 17:35:19+00:00,,,,Methane,,4408,5378,3438,22%,+/- 1 sigma,2.49,,,,,2021-10-24 17:35:19+00:00,,GHGSat C2/GHGSat,GHGSat C2,GHGSat,2,,235496,8,218645,235496,FALSE,,234785,234745.2833,234765.1,234940.8567,234874.5117,AZ,2021-10-24 17:19:20+00:00,0,2008,2621.325,TRUE,15.98333333,TRUE,TP,1,4235.108023,4003.379496,4465.547161,4233.869554,4014.558126,4487.728189,4230.43604,4010.742627,4483.565455,4227.288932,3993.0809,4457.942212,4228.623525,4011.645415,4500.364993
4,1629,,3,1,1,,2021-10-25 17:24:37+00:00,,,,Methane,,223,305.51,140.49,37%,+/- 1 sigma,5.06,,,,,2021-10-25 17:24:37+00:00,,GHGSat C2/GHGSat,GHGSat C2,GHGSat,1,,10878.2,2,218645,10878.2,FALSE,,10928.99,10939.61333,10940.06222,10957.80633,11027.27433,AZ,2021-10-25 17:13:41+00:00,0,2010,3190.58,TRUE,10.93333333,TRUE,TP,1,197.0964604,186.5416916,208.5749309,197.2349041,185.5580259,209.0270405,196.5278411,186.4964695,208.4187318,197.6029957,187.4050127,208.6322183,198.5545695,187.3477951,210.4909917
5,1677,,3,1,1,,2021-10-25 17:24:37+00:00,,,,Methane,,253,317,189,25%,+/- 1 sigma,5.93,,,,,2021-10-25 17:24:37+00:00,,GHGSat C2/GHGSat,GHGSat C2,GHGSat,2,,10878.2,2,218645,10878.2,FALSE,,10928.99,10939.61333,10940.06222,10957.80633,11027.27433,AZ,2021-10-25 17:13:41+00:00,0,2010,3190.58,TRUE,10.93333333,TRUE,TP,1,196.7931665,186.006679,207.7900608,196.7951847,186.07106,208.2097654,197.0283352,186.351397,209.3478902,197.2601538,186.8444409,208.3081447,198.3667722,186.8887666,210.2630651
6,1630,,4,1,1,,2021-10-16 18:36:26+00:00,,,,Methane,445,2494,,,966,UT 1 sigma,4.144341036,194.6463,,,,2021-10-16 18:36:26+00:00,,PRISMA/UPV,PRISMA,UPV,1,,129412.8,8,218645,129412.8,TRUE,,129561.17,130340.9983,127318.7107,130047.8209,131662.4619,AZ,2021-10-16 18:11:14+00:00,0,2002,9804.84,TRUE,25.2,TRUE,TP,1,2334.829695,2207.894861,2473.946105,2348.234808,2218.133144,2473.728479,2299.820816,2164.499851,2440.604597,2348.254712,2195.987685,2490.211634,2376.144927,2237.165866,2516.607814
7,1653,,27,1,1,,2021-10-16 18:36:26+00:00,,,,Methane,703,2297,3149,1445,1-sigma confidence interval,+/- 1 sigma,3.8,359,191,,,2021-10-16 18:36:26+00:00,,PRISMA/Kayrros,PRISMA,Kayrros,1,,129412.8,8,218645,129412.8,TRUE,,129561.17,130340.9983,127318.7107,130047.8209,131662.4619,AZ,2021-10-16 18:11:14+00:00,0,2002,9804.84,TRUE,25.2,TRUE,TP,1,2326.707433,2191.611523,2464.031664,2342.559172,2206.088977,2477.65168,2288.886524,2167.500098,2426.140845,2354.762994,2205.632836,2507.833888,2370.589414,2227.353227,2514.438503
8,1678,,4,1,1,,2021-10-16 18:36:26+00:00,,,,Methane,445,3778,,,1614,UT 1 sigma,6.943938356,,,,,2021-10-16 18:36:26+00:00,,PRISMA/UPV,PRISMA,UPV,2,,129412.8,8,218645,129412.8,TRUE,,129561.17,130340.9983,127318.7107,130047.8209,131662.4619,AZ,2021-10-16 18:11:14+00:00,0,2002,9804.84,TRUE,25.2,TRUE,TP,1,2334.703087,2184.917921,2475.953304,2350.24522,2215.055035,2489.549704,2288.059647,2173.588055,2430.489806,2349.422006,2208.137655,2488.615793,2374.002751,2244.013618,2511.739082
9,1701,,27,1,1,,2021-10-16 18:36:26+00:00,,,,Methane,703,3379,4328,2430,1-sigma confidence interval,+/- 1 sigma,6.18,15.1,191,,,2021-10-16 18:36:26+00:00,,PRISMA/Kayrros,PRISMA,Kayrros,2,,129412.8,8,218645,129412.8,TRUE,,129561.17,130340.9983,127318.7107,130047.8209,131662.4619,AZ,2021-10-16 18:11:14+00:00,0,2002,9804.84,TRUE,25.2,TRUE,TP,1,2335.06563,2197.381101,2468.652569,2341.296825,2219.405669,2478.47607,2294.560546,2153.517475,2429.91281,2355.127527,2215.503484,2499.192432,2372.038095,2232.358161,2518.051399
10,1631,,5,1,1,,2021-10-21 18:23:12+00:00,,,,Methane,1004.9,4985,,,1691,UT 1 sigma,2.736019525,169.1555,,,,2021-10-21 18:23:12+00:00,,PRISMA/UPV,PRISMA,UPV,1,,248685,8,218645,248685,FALSE,,249130.8667,249464.3167,250304.6333,248276.6867,239922.8433,AZ,2021-10-21 17:55:38+00:00,0,2005,6527.635,TRUE,27.56666667,TRUE,TP,1,4484.584065,4248.186759,4706.556208,4498.686603,4276.1949,4766.892489,4515.654024,4302.229238,4744.35743,4477.520281,4235.616967,4737.121834,4310.818691,4078.049292,4552.724046
11,1654,,28,1,1,,2021-10-21 18:23:12+00:00,,,,Methane,1228,3561,4401,2721,1-sigma confidence interval,+/- 1 sigma,2.2,6,191,,,2021-10-21 18:23:12+00:00,,PRISMA/Kayrros,PRISMA,Kayrros,1,,248685,8,218645,248685,FALSE,,249130.8667,249464.3167,250304.6333,248276.6867,239922.8433,AZ,2021-10-21 17:55:38+00:00,0,2005,6527.635,TRUE,27.56666667,TRUE,TP,1,4491.663925,4260.916062,4737.005408,4488.34391,4244.668327,4770.363237,4511.066678,4262.430448,4748.992732,4472.503094,4231.395494,4716.542546,4316.960164,4092.888048,4545.999557
12,1679,,5,1,1,,2021-10-21 18:23:12+00:00,,,,Methane,1004.9,6469,,,2434,UT 1 sigma,3.935766667,,,,,2021-10-21 18:23:12+00:00,,PRISMA/UPV,PRISMA,UPV,2,,248685,8,218645,248685,FALSE,,249130.8667,249464.3167,250304.6333,248276.6867,239922.8433,AZ,2021-10-21 17:55:38+00:00,0,2005,6527.635,TRUE,27.56666667,TRUE,TP,1,4479.042658,4233.212749,4729.803379,4501.156309,4252.828822,4761.968295,4505.459379,4267.339068,4756.788744,4465.780055,4241.688457,4713.097916,4327.292663,4091.736767,4578.616653
13,1702,,28,1,1,,2021-10-21 18:23:12+00:00,,,,Methane,1228,4781,5727,3835,1-sigma confidence interval,+/- 1 sigma,3.89,42.9,191,,,2021-10-21 18:23:12+00:00,,PRISMA/Kayrros,PRISMA,Kayrros,2,,248685,8,218645,248685,FALSE,,249130.8667,249464.3167,250304.6333,248276.6867,239922.8433,AZ,2021-10-21 17:55:38+00:00,0,2005,6527.635,TRUE,27.56666667,TRUE,TP,1,4484.99443,4262.569993,4736.934877,4494.066358,4250.668092,4771.583346,4502.477403,4262.351632,4771.958038,4476.377336,4233.056563,4737.667879,4323.598851,4077.777118,4586.91184
14,1632,,6,1,1,,2021-10-27 18:26:30+00:00,,,,Methane,1020.9,7226,,,2890,UT 1 sigma,5.155525006,183.9472,,,,2021-10-27 18:26:30+00:00,,PRISMA/UPV,PRISMA,UPV,1,,188145,8,218645,188145,FALSE,,187899.6,188305.3,188790.5444,190816.7067,192626.1333,AZ,2021-10-27 18:13:45+00:00,0,2011,2812.01,TRUE,12.75,TRUE,TP,1,3384.390661,3187.701036,3567.352379,3390.393609,3208.126235,3608.559241,3396.675695,3221.414868,3606.108338,3440.282265,3234.144203,3628.909015,3465.16176,3277.674855,3678.238759
15,1655,,29,1,1,,2021-10-27 18:26:30+00:00,,,,Methane,422,5479,6821,4137,1-sigma confidence interval,+/- 1 sigma,3.8,350,191,,,2021-10-27 18:26:30+00:00,,PRISMA/Kayrros,PRISMA,Kayrros,1,,188145,8,218645,188145,FALSE,,187899.6,188305.3,188790.5444,190816.7067,192626.1333,AZ,2021-10-27 18:13:45+00:00,0,2011,2812.01,TRUE,12.75,TRUE,TP,1,3382.007983,3194.543687,3575.02615,3388.792482,3211.382784,3572.318487,3401.205195,3231.650695,3594.686734,3439.615756,3244.438985,3653.94887,3465.229462,3268.779767,3665.973392
16,1680,,6,1,1,,2021-10-27 18:26:30+00:00,,,,Methane,1020.9,5645,,,2098,UT 1 sigma,3.744716667,,,,,2021-10-27 18:26:30+00:00,,PRISMA/UPV,PRISMA,UPV,2,,188145,8,218645,188145,FALSE,,187899.6,188305.3,188790.5444,190816.7067,192626.1333,AZ,2021-10-27 18:13:45+00:00,0,2011,2812.01,TRUE,12.75,TRUE,TP,1,3379.230204,3201.98652,3565.476717,3396.307526,3217.23308,3600.706898,3398.398376,3229.216277,3605.469537,3442.604808,3251.635895,3641.502808,3469.71441,3278.764587,3689.036558
17,1703,,29,1,1,,2021-10-27 18:26:30+00:00,,,,Methane,422,5051,6454,3648,1-sigma confidence interval,+/- 1 sigma,3.36,46.7,191,,,2021-10-27 18:26:30+00:00,,PRISMA/Kayrros,PRISMA,Kayrros,2,,188145,8,218645,188145,FALSE,,187899.6,188305.3,188790.5444,190816.7067,192626.1333,AZ,2021-10-27 18:13:45+00:00,0,2011,2812.01,TRUE,12.75,TRUE,TP,1,3384.784764,3192.731812,3565.674205,3395.028617,3204.723578,3586.730933,3405.002257,3210.523099,3598.725269,3441.152096,3252.250629,3634.388535,3468.063371,3280.063824,3662.716693
18,1633,,7,1,1,,2021-10-19 18:24:58+00:00,,,,Methane,170.88,5468,,,1446,UT 1 sigma,1.481,-96.7,,,,2021-10-19 18:24:58+00:00,,Sentinel-2/UPV,Sentinel-2,UPV,1,,409664.08,8,218645,409664.08,FALSE,,409695.384,408949.2795,408024.5068,398437.5124,382612.9314,AZ,2021-10-19 18:05:36+00:00,0,2004,2874.49,TRUE,19.36666667,TRUE,TP,1,7377.143492,6997.035382,7806.180512,7356.222541,6984.60734,7773.822057,7357.98196,6958.979826,7774.511354,7183.605905,6783.638801,7560.34488,6894.175704,6536.630727,7279.955731
19,1644,,18,1,1,,2021-10-19 18:24:58+00:00,,,,Methane,319,6790,10408,4095,1-sigma confidence interval,+/- 1 sigma,2.9,338,189,,,2021-10-19 18:24:58+00:00,,Sentinel-2/Kayrros,Sentinel-2,Kayrros,1,,409664.08,8,218645,409664.08,FALSE,,409695.384,408949.2795,408024.5068,398437.5124,382612.9314,AZ,2021-10-19 18:05:36+00:00,0,2004,2874.49,TRUE,19.36666667,TRUE,TP,1,7373.357623,6971.571921,7733.381086,7370.716233,7011.101795,7815.820273,7339.701047,6954.414316,7783.487374,7182.47299,6783.904628,7566.070828,6912.853553,6533.68825,7323.183709
20,1658,,32,1,1,,2021-10-19 18:24:58+00:00,,,,Methane,188,4069,6322,1816,+/- 1 sigma,+/- 1 sigma,0.96373,4.321728,UnknownSentinel2Direction,,,2021-10-19 18:24:58+00:00,,Sentinel-2/Harvard,Sentinel-2,Harvard,1,,409664.08,8,218645,409664.08,FALSE,,409695.384,408949.2795,408024.5068,398437.5124,382612.9314,AZ,2021-10-19 18:05:36+00:00,0,2004,2874.49,TRUE,19.36666667,TRUE,TP,1,7382.110019,6986.469738,7807.452426,7352.260969,6981.600436,7748.077627,7333.344861,6958.227833,7708.672165,7172.378825,6799.254217,7572.565193,6879.60842,6519.634869,7229.373207
21,1666,,40,,,,2021-10-19 18:24:58+00:00,,,,Methane,340,3760,1970,6260,Min/max,Min/max,1.8  [0.8-2.9],175,,,,2021-10-19 18:24:58+00:00,,Sentinel-2/SRON,Sentinel-2,SRON,1,,409664.08,8,218645,409664.08,FALSE,,409695.384,408949.2795,408024.5068,398437.5124,382612.9314,AZ,2021-10-19 18:05:36+00:00,0,2004,2874.49,TRUE,19.36666667,TRUE,TP,1,7386.025105,6993.279269,7838.933818,7365.763492,7008.997672,7759.095837,7346.048154,7004.025029,7730.154154,7177.478398,6800.923178,7584.753259,6882.460493,6513.842982,7259.621479
22,1681,,7,1,1,,2021-10-19 18:24:58+00:00,,,,Methane,170.88,7234,18:24:58.763092Z,276.5,2331,UT 1 sigma,2.4,,,,,2021-10-19 18:24:58+00:00,,Sentinel-2/UPV,Sentinel-2,UPV,2,,409664.08,8,218645,409664.08,FALSE,,409695.384,408949.2795,408024.5068,398437.5124,382612.9314,AZ,2021-10-19 18:05:36+00:00,0,2004,2874.49,TRUE,19.36666667,TRUE,TP,1,7360.850641,6958.201574,7816.128495,7359.676476,6991.754556,7726.890133,7338.651729,6934.365307,7750.42544,7168.605691,6795.613554,7596.228862,6900.303448,6508.162391,7310.508319
23,1692,,18,1,1,,2021-10-19 18:24:58+00:00,,,,Methane,319,6098,7431,4765,1-sigma confidence interval,+/- 1 sigma,2.49,14.79,189,,,2021-10-19 18:24:58+00:00,,Sentinel-2/Kayrros,Sentinel-2,Kayrros,2,,409664.08,8,218645,409664.08,FALSE,,409695.384,408949.2795,408024.5068,398437.5124,382612.9314,AZ,2021-10-19 18:05:36+00:00,0,2004,2874.49,TRUE,19.36666667,TRUE,TP,1,7371.677094,6989.769706,7822.111837,7349.282218,6993.993039,7757.529284,7355.14299,6988.600096,7742.4248,7181.45159,6763.748863,7596.603506,6886.934465,6528.752002,7266.097543
24,1706,,32,1,1,,2021-10-19 18:24:58+00:00,,,,Methane,,5684,7053,4315,+/- 1 sigma,+/- 1 sigma,1.545715,,,,,2021-10-19 18:24:58+00:00,,Sentinel-2/Harvard,Sentinel-2,Harvard,2,,409664.08,8,218645,409664.08,FALSE,,409695.384,408949.2795,408024.5068,398437.5124,382612.9314,AZ,2021-10-19 18:05:36+00:00,0,2004,2874.49,TRUE,19.36666667,TRUE,TP,1,7387.021261,6989.406551,7813.179928,7368.635942,6976.79734,7808.091876,7365.782816,6976.206593,7751.75303,7172.192737,6798.811983,7614.227021,6892.161381,6537.852592,7289.533323
25,1714,,40,,,,2021-10-19 18:24:58+00:00,,,,Methane,340,4680,3410,6000,Min/max,Min/max,2.6 [1.7-3.4]  ,197,,,,2021-10-19 18:24:58+00:00,,Sentinel-2/SRON,Sentinel-2,SRON,2,,409664.08,8,218645,409664.08,FALSE,,409695.384,408949.2795,408024.5068,398437.5124,382612.9314,AZ,2021-10-19 18:05:36+00:00,0,2004,2874.49,TRUE,19.36666667,TRUE,TP,1,7377.903036,6987.353251,7801.991619,7382.470641,6993.600951,7775.128864,7346.141943,7005.073557,7751.546612,7175.30338,6823.316496,7557.515671,6880.500672,6507.077701,7237.058109
26,1634,,8,1,2,,2021-10-21 18:10:37+00:00,,,,Methane,278.21,3032,,,1012,UT 1 sigma,2.606,-86.2,,,,2021-10-21 18:10:37+00:00,,Landsat 8/UPV,Landsat 8,UPV,1,,231569,8,218645,231569,TRUE,,231569,231569,231569,231569,231569,AZ,2021-10-21 17:55:38+00:00,0,2005,3552.435,TRUE,14.98333333,TRUE,TP,1,4168.559398,3955.466184,4400.851011,4167.654594,3948.474058,4390.021228,4171.780813,3938.551311,4411.643696,4189.453793,3935.228627,4443.516688,4168.550252,3926.391328,4395.188323
27,1651,,25,1,1,,2021-10-21 18:10:37+00:00,,,,Methane,319,2171,4958,626,1-sigma confidence interval,+/- 1 sigma,2.2,6,189,,,2021-10-21 18:10:37+00:00,,Landsat 8/Kayrros,Landsat 8,Kayrros,1,,231569,8,218645,231569,TRUE,,231569,231569,231569,231569,231569,AZ,2021-10-21 17:55:38+00:00,0,2005,3552.435,TRUE,14.98333333,TRUE,TP,1,4167.866319,3944.199422,4412.012691,4180.97432,3954.001971,4408.936842,4168.587612,3926.450176,4428.545248,4194.086574,3949.032735,4451.349996,4162.657002,3953.524792,4413.603941
28,1667,,41,,,,2021-10-21 18:10:37+00:00,,,,Methane,490,1810,1418,2110,Min/max,Min/max,2.2 [1.7-2.4],186,,,,2021-10-21 18:10:37+00:00,,Landsat 8/SRON,Landsat 8,SRON,1,,231569,8,218645,231569,TRUE,,231569,231569,231569,231569,231569,AZ,2021-10-21 17:55:38+00:00,0,2005,3552.435,TRUE,14.98333333,TRUE,TP,1,4167.948235,3939.856735,4393.271071,4155.639047,3943.812525,4381.9256,4170.879619,3950.323813,4421.934914,4192.920068,3941.564512,4426.290057,4172.174111,3948.130327,4393.35451
29,1682,,8,1,2,,2021-10-21 18:10:37+00:00,,,,Methane,278.21,4085,18:10:37.5283260Z,178.88,1531,UT 1 sigma,3.98,,,,,2021-10-21 18:10:37+00:00,,Landsat 8/UPV,Landsat 8,UPV,2,,231569,8,218645,231569,TRUE,,231569,231569,231569,231569,231569,AZ,2021-10-21 17:55:38+00:00,0,2005,3552.435,TRUE,14.98333333,TRUE,TP,1,4171.795878,3939.878883,4413.818765,4165.84208,3935.446642,4411.890407,4169.961121,3961.993681,4428.96325,4189.410192,3947.544738,4428.413741,4170.982462,3915.661746,4419.289732
30,1699,,25,1,1,,2021-10-21 18:10:37+00:00,,,,Methane,319,3234,3921,2547,1-sigma confidence interval,+/- 1 sigma,3.9,47.46,189,,,2021-10-21 18:10:37+00:00,,Landsat 8/Kayrros,Landsat 8,Kayrros,2,,231569,8,218645,231569,TRUE,,231569,231569,231569,231569,231569,AZ,2021-10-21 17:55:38+00:00,0,2005,3552.435,TRUE,14.98333333,TRUE,TP,1,4175.637411,3956.922143,4395.967627,4164.99312,3953.22249,4373.147457,4179.768262,3936.919538,4434.000594,4193.421846,3956.498248,4467.5236,4164.236916,3931.464054,4381.199955
31,1715,,41,,,,2021-10-21 18:10:37+00:00,,,,Methane,490,2780,2450,3170,Min/max,Min/max,4.1 [3.9-4.4] ,221,,,,2021-10-21 18:10:37+00:00,,Landsat 8/SRON,Landsat 8,SRON,2,,231569,8,218645,231569,TRUE,,231569,231569,231569,231569,231569,AZ,2021-10-21 17:55:38+00:00,0,2005,3552.435,TRUE,14.98333333,TRUE,TP,1,4177.270621,3956.023052,4420.539688,4167.924108,3950.407123,4403.087073,4170.864652,3949.751084,4418.208395,4181.870285,3942.331406,4447.03386,4164.486194,3925.230881,4403.093548
32,1635,,9,1,1,,2021-10-22 18:34:54+00:00,,,,Methane,164.92,3005,,,1011,UT 1 sigma,2.371,8.6,,,,2021-10-22 18:34:54+00:00,,Sentinel-2/UPV,Sentinel-2,UPV,1,,92870.1,4,218645,92870.1,FALSE,,92537.35667,92536.415,92699.32778,93015.67433,93858.35217,AZ,2021-10-22 18:16:57+00:00,0,2006,2148.9,TRUE,17.95,TRUE,TP,1,1664.905819,1586.452536,1767.927777,1669.305509,1578.645364,1767.056425,1669.468754,1577.039304,1765.973308,1673.286184,1584.009591,1764.888056,1691.10994,1598.937312,1788.390486
33,1645,,19,1,1,,2021-10-22 18:34:54+00:00,,,,Methane,0,0,,,,,,,,,,2021-10-22 18:34:54+00:00,,Sentinel-2/Kayrros,Sentinel-2,Kayrros,1,,92870.1,4,218645,92870.1,FALSE,,92537.35667,92536.415,92699.32778,93015.67433,93858.35217,AZ,2021-10-22 18:16:57+00:00,0,2006,2148.9,TRUE,17.95,TRUE,TP,1,1666.415851,1577.698697,1761.462418,1663.417792,1574.744536,1752.659864,1667.600586,1578.02029,1771.611018,1672.667857,1578.563713,1776.763222,1687.009857,1594.915889,1784.637264
34,1659,,33,1,1,,2021-10-22 18:34:54+00:00,,,,Methane,148,2102,3056,1148,+/- 1 sigma,+/- 1 sigma,1.764591,269.780224,UnknownSentinel2Direction,,,2021-10-22 18:34:54+00:00,,Sentinel-2/Harvard,Sentinel-2,Harvard,1,,92870.1,4,218645,92870.1,FALSE,,92537.35667,92536.415,92699.32778,93015.67433,93858.35217,AZ,2021-10-22 18:16:57+00:00,0,2006,2148.9,TRUE,17.95,TRUE,TP,1,1662.865574,1575.650399,1759.445425,1662.154054,1571.145561,1759.640136,1670.80872,1578.212485,1767.575844,1677.160935,1595.468017,1771.02033,1687.571382,1592.603341,1792.460278
35,1668,,42,,,,2021-10-22 18:34:54+00:00,,,,Methane,330,1160,570,2590,Min/max,Min/max,1.4 [0.6-3.2],92,,,,2021-10-22 18:34:54+00:00,,Sentinel-2/SRON,Sentinel-2,SRON,1,,92870.1,4,218645,92870.1,FALSE,,92537.35667,92536.415,92699.32778,93015.67433,93858.35217,AZ,2021-10-22 18:16:57+00:00,0,2006,2148.9,TRUE,17.95,TRUE,TP,1,1665.498148,1576.577295,1761.866604,1666.377285,1578.209552,1769.96921,1671.32238,1584.528643,1766.508017,1676.365203,1594.449804,1767.33784,1691.079088,1597.511189,1793.899868
36,1683,,9,1,1,,2021-10-22 18:34:54+00:00,,,,Methane,164.92,2773,18:34:54.542039Z,111.71,893,UT 1 sigma,2.08,,,,,2021-10-22 18:34:54+00:00,,Sentinel-2/UPV,Sentinel-2,UPV,2,,92870.1,4,218645,92870.1,FALSE,,92537.35667,92536.415,92699.32778,93015.67433,93858.35217,AZ,2021-10-22 18:16:57+00:00,0,2006,2148.9,TRUE,17.95,TRUE,TP,1,1667.659787,1582.591195,1761.439034,1669.789743,1582.42014,1766.688503,1669.023256,1582.819585,1760.944445,1676.121157,1583.711731,1762.398986,1692.04251,1598.033787,1791.600652
37,1693,,19,1,1,,2021-10-22 18:34:54+00:00,,,,Methane,0,0,,,,,,,,,,2021-10-22 18:34:54+00:00,,Sentinel-2/Kayrros,Sentinel-2,Kayrros,2,,92870.1,4,218645,92870.1,FALSE,,92537.35667,92536.415,92699.32778,93015.67433,93858.35217,AZ,2021-10-22 18:16:57+00:00,0,2006,2148.9,TRUE,17.95,TRUE,TP,1,1668.056516,1570.597299,1765.437844,1666.696649,1573.41084,1765.11568,1669.362718,1579.990228,1757.480036,1677.888024,1583.975035,1772.54433,1691.986394,1613.823669,1788.526019
38,1707,,33,1,1,,2021-10-22 18:34:54+00:00,,,,Methane,,2652,3335,1969,+/- 1 sigma,+/- 1 sigma,2.373983,,,,,2021-10-22 18:34:54+00:00,,Sentinel-2/Harvard,Sentinel-2,Harvard,2,,92870.1,4,218645,92870.1,FALSE,,92537.35667,92536.415,92699.32778,93015.67433,93858.35217,AZ,2021-10-22 18:16:57+00:00,0,2006,2148.9,TRUE,17.95,TRUE,TP,1,1665.654324,1575.239077,1757.519674,1667.602549,1577.556111,1765.038285,1671.868246,1589.473811,1767.121554,1675.57428,1590.523792,1772.813729,1690.149569,1600.974901,1793.522765
39,1716,,42,,,,2021-10-22 18:34:54+00:00,,,,Methane,330,1500,1203,1790,Min/max,Min/max,1.9 [1.4-2.3],113,,,,2021-10-22 18:34:54+00:00,,Sentinel-2/SRON,Sentinel-2,SRON,2,,92870.1,4,218645,92870.1,FALSE,,92537.35667,92536.415,92699.32778,93015.67433,93858.35217,AZ,2021-10-22 18:16:57+00:00,0,2006,2148.9,TRUE,17.95,TRUE,TP,1,1666.309192,1573.026316,1741.594357,1665.909713,1579.838718,1755.417352,1671.777586,1590.586989,1755.929021,1675.29536,1583.028981,1758.183208,1692.45234,1602.536671,1792.846399
40,1636,,10,1,1,,2021-10-24 18:25:02+00:00,,,,Methane,FR,FR,FR,FR,FR,,,,,,,2021-10-24 18:25:02+00:00,,Sentinel-2/UPV,Sentinel-2,UPV,1,,225354,8,218645,225354,FALSE,,225786.6667,225899.8,225898.0222,221737.3633,219167.5233,AZ,2021-10-24 18:11:05+00:00,0,2009,1956.56,TRUE,13.95,TRUE,TP,1,4068.619783,3866.501201,4312.383279,4065.888722,3844.771808,4286.070674,4069.720334,3859.956565,4323.884414,3993.923662,3799.835668,4226.507784,3951.873421,3729.796405,4188.489125
41,1646,,20,1,1,,2021-10-24 18:25:02+00:00,,,,Methane,cloudy,cloudy,,,,,,,,,,2021-10-24 18:25:02+00:00,,Sentinel-2/Kayrros,Sentinel-2,Kayrros,1,,225354,8,218645,225354,FALSE,,225786.6667,225899.8,225898.0222,221737.3633,219167.5233,AZ,2021-10-24 18:11:05+00:00,0,2009,1956.56,TRUE,13.95,TRUE,TP,1,4070.030705,3859.736919,4282.505426,4067.945046,3869.239558,4317.099693,4058.764761,3844.891765,4288.722072,3989.828557,3787.526085,4218.320133,3944.331138,3733.21463,4180.127549
42,1660,,34,1,1,,2021-10-24 18:25:02+00:00,,,,Methane,FR,FR,FR,FR,FR,,FR,FR,UnknownSentinel2Direction,,,2021-10-24 18:25:02+00:00,,Sentinel-2/Harvard,Sentinel-2,Harvard,1,,225354,8,218645,225354,FALSE,,225786.6667,225899.8,225898.0222,221737.3633,219167.5233,AZ,2021-10-24 18:11:05+00:00,0,2009,1956.56,TRUE,13.95,TRUE,TP,1,4071.487768,3882.596547,4315.690402,4067.886817,3843.251485,4299.721466,4061.865959,3846.019665,4316.626545,3987.467105,3770.156828,4222.502363,3948.613397,3725.826193,4183.669854
43,1669,,43,,,,2021-10-24 18:25:02+00:00,,,,Methane,FR,FR,FR,FR,FR,,FR,FR,,,,2021-10-24 18:25:02+00:00,,Sentinel-2/SRON,Sentinel-2,SRON,1,,225354,8,218645,225354,FALSE,,225786.6667,225899.8,225898.0222,221737.3633,219167.5233,AZ,2021-10-24 18:11:05+00:00,0,2009,1956.56,TRUE,13.95,TRUE,TP,1,4070.379721,3863.704172,4270.067785,4073.414304,3832.471197,4305.045818,4062.940716,3855.947098,4312.936345,3997.679371,3778.283649,4223.724162,3952.343271,3748.734952,4173.791889
44,1684,,10,1,1,,2021-10-24 18:25:02+00:00,,,,Methane,,FR,FR,FR,FR,,,,,,,2021-10-24 18:25:02+00:00,,Sentinel-2/UPV,Sentinel-2,UPV,2,,225354,8,218645,225354,FALSE,,225786.6667,225899.8,225898.0222,221737.3633,219167.5233,AZ,2021-10-24 18:11:05+00:00,0,2009,1956.56,TRUE,13.95,TRUE,TP,1,4066.147447,3855.935231,4290.807864,4070.566097,3851.497792,4293.430998,4060.201807,3844.514022,4276.22482,3987.15394,3776.290581,4222.37242,3944.091524,3718.579568,4185.61621
45,1694,,20,1,1,,2021-10-24 18:25:02+00:00,,,,Methane,cloudy,cloudy,,,,,,,,,,2021-10-24 18:25:02+00:00,,Sentinel-2/Kayrros,Sentinel-2,Kayrros,2,,225354,8,218645,225354,FALSE,,225786.6667,225899.8,225898.0222,221737.3633,219167.5233,AZ,2021-10-24 18:11:05+00:00,0,2009,1956.56,TRUE,13.95,TRUE,TP,1,4058.02359,3844.406133,4287.151824,4070.515486,3857.09359,4277.585934,4070.982689,3845.098362,4314.548578,3990.132926,3775.066039,4231.512181,3942.991204,3729.648069,4176.417126
46,1708,,34,1,1,,2021-10-24 18:25:02+00:00,,,,Methane,,FR,FR,FR,FR,,FR,,,,,2021-10-24 18:25:02+00:00,,Sentinel-2/Harvard,Sentinel-2,Harvard,2,,225354,8,218645,225354,FALSE,,225786.6667,225899.8,225898.0222,221737.3633,219167.5233,AZ,2021-10-24 18:11:05+00:00,0,2009,1956.56,TRUE,13.95,TRUE,TP,1,4064.10796,3852.172822,4309.518165,4068.759963,3839.643692,4298.616976,4074.05403,3845.156119,4306.272006,3994.631268,3773.663656,4238.28868,3949.517093,3741.828893,4159.463221
47,1717,,43,,,,2021-10-24 18:25:02+00:00,,,,Methane,FR,FR,FR,FR,FR,,FR,FR,,,,2021-10-24 18:25:02+00:00,,Sentinel-2/SRON,Sentinel-2,SRON,2,,225354,8,218645,225354,FALSE,,225786.6667,225899.8,225898.0222,221737.3633,219167.5233,AZ,2021-10-24 18:11:05+00:00,0,2009,1956.56,TRUE,13.95,TRUE,TP,1,4067.236164,3859.223443,4306.199445,4067.503834,3857.414532,4290.081789,4075.844925,3887.830893,4282.123227,4005.011295,3774.543914,4230.653341,3935.219935,3736.364553,4125.378187
48,1637,,11,1,1,,2021-10-27 18:34:57+00:00,,,,Methane,184.39,5333,,,2108,UT 1 sigma,4.881,-97.5,,,,2021-10-27 18:34:57+00:00,,Sentinel-2/UPV,Sentinel-2,UPV,1,,195078,8,218645,195078,FALSE,,195152.8333,195377.5667,195553.4778,194120.9667,191475.1033,AZ,2021-10-27 18:13:45+00:00,0,2011,4694.095,TRUE,21.2,TRUE,TP,1,3512.477827,3331.825075,3722.059649,3513.140605,3344.875777,3716.273487,3519.464575,3340.331685,3717.366484,3491.784629,3292.918606,3675.487949,3445.770333,3266.724477,3652.152273
49,1647,,21,1,1,,2021-10-27 18:34:57+00:00,,,,Methane,376,5614,9773,2634,1-sigma confidence interval,+/- 1 sigma,3.8,350,189,,,2021-10-27 18:34:57+00:00,,Sentinel-2/Kayrros,Sentinel-2,Kayrros,1,,195078,8,218645,195078,FALSE,,195152.8333,195377.5667,195553.4778,194120.9667,191475.1033,AZ,2021-10-27 18:13:45+00:00,0,2011,4694.095,TRUE,21.2,TRUE,TP,1,3519.727675,3334.714127,3731.003853,3515.457819,3322.719261,3703.999877,3512.342076,3329.383676,3702.548178,3492.088514,3311.540819,3680.776871,3443.939589,3235.521145,3639.52027
50,1661,,35,1,1,,2021-10-27 18:34:57+00:00,,,,Methane,187,5187,6956,3418,+/- 1 sigma,+/- 1 sigma,4.407491,7.410631,UnknownSentinel2Direction,,,2021-10-27 18:34:57+00:00,,Sentinel-2/Harvard,Sentinel-2,Harvard,1,,195078,8,218645,195078,FALSE,,195152.8333,195377.5667,195553.4778,194120.9667,191475.1033,AZ,2021-10-27 18:13:45+00:00,0,2011,4694.095,TRUE,21.2,TRUE,TP,1,3512.155154,3331.264914,3733.235628,3526.430571,3331.56824,3731.103225,3523.250436,3341.040233,3710.062562,3496.442265,3295.684167,3695.504415,3448.795506,3274.184564,3653.418224
51,1670,,44,,,,2021-10-27 18:34:57+00:00,,,,Methane,260,2250,1440,2870,Min/max,Min/max,3.8 [2.6-4.4],184,,,,2021-10-27 18:34:57+00:00,,Sentinel-2/SRON,Sentinel-2,SRON,1,,195078,8,218645,195078,FALSE,,195152.8333,195377.5667,195553.4778,194120.9667,191475.1033,AZ,2021-10-27 18:13:45+00:00,0,2011,4694.095,TRUE,21.2,TRUE,TP,1,3515.604492,3337.58891,3736.571754,3521.692673,3322.02721,3721.457706,3524.121826,3336.256284,3729.784693,3492.715223,3300.413379,3680.160275,3450.168431,3242.262058,3643.897438
52,1685,,11,1,1,,2021-10-27 18:34:57+00:00,,,,Methane,184.39,4427,18:34:57.856604Z,132.57,1651,UT 1 sigma,3.82,,,,,2021-10-27 18:34:57+00:00,,Sentinel-2/UPV,Sentinel-2,UPV,2,,195078,8,218645,195078,FALSE,,195152.8333,195377.5667,195553.4778,194120.9667,191475.1033,AZ,2021-10-27 18:13:45+00:00,0,2011,4694.095,TRUE,21.2,TRUE,TP,1,3518.95256,3318.982925,3734.098861,3515.319165,3324.729649,3739.055297,3526.784477,3341.827621,3730.264086,3490.782392,3307.747262,3712.200995,3452.975969,3255.765764,3663.744174
53,1695,,21,1,1,,2021-10-27 18:34:57+00:00,,,,Methane,376,5134,6929,3340,1-sigma confidence interval,+/- 1 sigma,3.32,46.1,189,,,2021-10-27 18:34:57+00:00,,Sentinel-2/Kayrros,Sentinel-2,Kayrros,2,,195078,8,218645,195078,FALSE,,195152.8333,195377.5667,195553.4778,194120.9667,191475.1033,AZ,2021-10-27 18:13:45+00:00,0,2011,4694.095,TRUE,21.2,TRUE,TP,1,3519.140296,3338.68064,3723.038202,3516.641515,3317.505882,3718.420664,3519.728822,3336.962964,3737.432374,3498.230498,3303.767977,3699.711918,3450.26105,3269.14346,3661.247752
54,1709,,35,1,1,,2021-10-27 18:34:57+00:00,,,,Methane,,4447,5582,3312,+/- 1 sigma,+/- 1 sigma,3.699061,,,,,2021-10-27 18:34:57+00:00,,Sentinel-2/Harvard,Sentinel-2,Harvard,2,,195078,8,218645,195078,FALSE,,195152.8333,195377.5667,195553.4778,194120.9667,191475.1033,AZ,2021-10-27 18:13:45+00:00,0,2011,4694.095,TRUE,21.2,TRUE,TP,1,3517.752018,3316.537283,3719.164948,3512.966719,3316.351974,3704.586384,3518.708051,3327.901168,3703.033551,3496.216737,3298.003318,3694.927192,3447.142272,3254.997627,3634.370596
55,1718,,44,,,,2021-10-27 18:34:57+00:00,,,,Methane,260,2380,1940,2840,Min/max,Min/max,4.2 [3.9-4.4] ,221,,,,2021-10-27 18:34:57+00:00,,Sentinel-2/SRON,Sentinel-2,SRON,2,,195078,8,218645,195078,FALSE,,195152.8333,195377.5667,195553.4778,194120.9667,191475.1033,AZ,2021-10-27 18:13:45+00:00,0,2011,4694.095,TRUE,21.2,TRUE,TP,1,3516.136689,3338.573863,3722.089203,3517.649745,3322.912397,3734.429613,3517.915756,3310.815981,3708.210215,3496.490447,3315.181061,3701.760202,3458.3202,3280.467121,3656.706101
56,1638,,12,1,2,,2021-10-28 18:16:48+00:00,,,,Methane,120,1625,,,692,UT 1 sigma,4.419,-103.5,,,,2021-10-28 18:16:48+00:00,,Landsat 8/UPV,Landsat 8,UPV,1,,116668,8,218645,116668,FALSE,,116825.9,116765.35,116573.9667,115473.9767,114725.4733,AZ,2021-10-28 18:05:30+00:00,0,2012,3237.54,TRUE,11.3,TRUE,TP,1,2105.555711,1987.432548,2224.813145,2097.77645,1970.586033,2221.066795,2099.847807,1980.81407,2234.672242,2077.781371,1956.409377,2207.313198,2068.304294,1942.897593,2200.081892
57,1652,,26,1,1,,2021-10-28 18:16:48+00:00,,,,Methane,280,2236,5136,363,1-sigma confidence interval,+/- 1 sigma,4,10,189,,,2021-10-28 18:16:48+00:00,,Landsat 8/Kayrros,Landsat 8,Kayrros,1,,116668,8,218645,116668,FALSE,,116825.9,116765.35,116573.9667,115473.9767,114725.4733,AZ,2021-10-28 18:05:30+00:00,0,2012,3237.54,TRUE,11.3,TRUE,TP,1,2105.784119,1976.335218,2241.576685,2106.082335,1994.503246,2238.777821,2101.571465,1988.468851,2230.322479,2081.013722,1961.012689,2209.288831,2072.144705,1954.29081,2192.982771
58,1671,,45,,,,2021-10-28 18:16:48+00:00,,,,Methane,FR,FR,FR,FR,FR,,FR,FR,,,,2021-10-28 18:16:48+00:00,,Landsat 8/SRON,Landsat 8,SRON,1,,116668,8,218645,116668,FALSE,,116825.9,116765.35,116573.9667,115473.9767,114725.4733,AZ,2021-10-28 18:05:30+00:00,0,2012,3237.54,TRUE,11.3,TRUE,TP,1,2103.719216,1986.967946,2232.027182,2105.598643,1986.338309,2237.267914,2098.657089,1978.689297,2219.99259,2077.711983,1954.886041,2206.836636,2070.227841,1951.137454,2188.434755
59,1686,,12,1,2,,2021-10-28 18:16:48+00:00,,,,Methane,120,1735,18:16:48.2627780Z,28.38,710,UT 1 sigma,4.81,,,,,2021-10-28 18:16:48+00:00,,Landsat 8/UPV,Landsat 8,UPV,2,,116668,8,218645,116668,FALSE,,116825.9,116765.35,116573.9667,115473.9767,114725.4733,AZ,2021-10-28 18:05:30+00:00,0,2012,3237.54,TRUE,11.3,TRUE,TP,1,2105.324503,1993.339635,2232.910636,2101.833504,1976.211249,2227.055113,2101.030557,1978.41953,2230.244543,2078.777049,1955.957922,2210.244899,2068.640875,1959.019867,2187.568859
60,1700,,26,1,1,,2021-10-28 18:16:48+00:00,,,,Methane,280,2489,3024,1955,1-sigma confidence interval,+/- 1 sigma,4.6,45.59,189,,,2021-10-28 18:16:48+00:00,,Landsat 8/Kayrros,Landsat 8,Kayrros,2,,116668,8,218645,116668,FALSE,,116825.9,116765.35,116573.9667,115473.9767,114725.4733,AZ,2021-10-28 18:05:30+00:00,0,2012,3237.54,TRUE,11.3,TRUE,TP,1,2103.808206,1986.662801,2236.66354,2102.733285,1979.774051,2236.730157,2097.126096,1967.027812,2231.140023,2083.513431,1965.069795,2195.715766,2068.458301,1955.605279,2186.999864
61,1719,,45,,,,2021-10-28 18:16:48+00:00,,,,Methane,FR,FR,FR,FR,FR,,FR,FR,,,,2021-10-28 18:16:48+00:00,,Landsat 8/SRON,Landsat 8,SRON,2,,116668,8,218645,116668,FALSE,,116825.9,116765.35,116573.9667,115473.9767,114725.4733,AZ,2021-10-28 18:05:30+00:00,0,2012,3237.54,TRUE,11.3,TRUE,TP,1,2103.084001,1988.851445,2227.668871,2100.545978,1974.044904,2223.852371,2097.386709,1977.551517,2234.225892,2079.439437,1952.233532,2199.901282,2069.677248,1945.54289,2187.367675
62,1639,,13,1,1,,2021-10-29 18:24:58+00:00,,,,Methane,,0,,,,,2.223,-89.5,,,,2021-10-29 18:24:58+00:00,,Sentinel-2/UPV,Sentinel-2,UPV,1,,281513,8,218645,281513,FALSE,,282310.6667,282645.8167,282310.3778,278775.0433,262685.7583,AZ,2021-10-29 18:09:15+00:00,0,2013,4719.235,TRUE,15.71666667,TRUE,TP,1,5080.661906,4813.616285,5341.503315,5089.171804,4829.430879,5375.901533,5083.051798,4803.091474,5381.598707,5027.38017,4754.622245,5315.196913,4727.938675,4470.009256,5003.181295
63,1648,,22,1,1,,2021-10-29 18:24:58+00:00,,,,Methane,348,4675,8052,2326,1-sigma confidence interval,+/- 1 sigma,2.6,1,189,,,2021-10-29 18:24:58+00:00,,Sentinel-2/Kayrros,Sentinel-2,Kayrros,1,,281513,8,218645,281513,FALSE,,282310.6667,282645.8167,282310.3778,278775.0433,262685.7583,AZ,2021-10-29 18:09:15+00:00,0,2013,4719.235,TRUE,15.71666667,TRUE,TP,1,5078.57537,4813.673297,5368.079928,5083.774558,4826.881375,5359.667871,5084.364293,4833.239374,5383.717458,5014.683545,4751.147571,5297.743471,4725.352794,4482.154951,4962.679881
64,1662,,36,1,1,,2021-10-29 18:24:58+00:00,,,,Methane,122,2762,3915,1609,+/- 1 sigma,+/- 1 sigma,2.448409,10.779561,UnknownSentinel2Direction,,,2021-10-29 18:24:58+00:00,,Sentinel-2/Harvard,Sentinel-2,Harvard,1,,281513,8,218645,281513,FALSE,,282310.6667,282645.8167,282310.3778,278775.0433,262685.7583,AZ,2021-10-29 18:09:15+00:00,0,2013,4719.235,TRUE,15.71666667,TRUE,TP,1,5085.613575,4835.052351,5392.725385,5081.171298,4829.805461,5398.675972,5091.509616,4814.774695,5403.852595,5009.809,4747.300222,5274.573235,4729.848908,4471.775854,5013.904597
65,1672,,46,,,,2021-10-29 18:24:58+00:00,,,,Methane,0,0,0,0,0,,0,0,,,,2021-10-29 18:24:58+00:00,,Sentinel-2/SRON,Sentinel-2,SRON,1,,281513,8,218645,281513,FALSE,,282310.6667,282645.8167,282310.3778,278775.0433,262685.7583,AZ,2021-10-29 18:09:15+00:00,0,2013,4719.235,TRUE,15.71666667,TRUE,TP,1,5078.174141,4796.139559,5397.91194,5087.914517,4811.85681,5378.026253,5075.402749,4791.522337,5382.682217,5006.187534,4742.981732,5264.613788,4736.123308,4491.868299,5018.748581
66,1687,,13,1,1,,2021-10-29 18:24:58+00:00,,,,Methane,,0,,,,,,,,,,2021-10-29 18:24:58+00:00,,Sentinel-2/UPV,Sentinel-2,UPV,2,,281513,8,218645,281513,FALSE,,282310.6667,282645.8167,282310.3778,278775.0433,262685.7583,AZ,2021-10-29 18:09:15+00:00,0,2013,4719.235,TRUE,15.71666667,TRUE,TP,1,5086.627071,4832.120526,5378.888895,5089.299734,4835.30343,5394.066197,5079.374537,4807.183019,5336.465989,5018.414483,4738.020906,5312.611653,4734.494357,4472.935139,5021.04075
67,1696,,22,1,1,,2021-10-29 18:24:58+00:00,,,,Methane,348,7267,10546,3988,1-sigma confidence interval,+/- 1 sigma,4.86,46.1,189,,,2021-10-29 18:24:58+00:00,,Sentinel-2/Kayrros,Sentinel-2,Kayrros,2,,281513,8,218645,281513,FALSE,,282310.6667,282645.8167,282310.3778,278775.0433,262685.7583,AZ,2021-10-29 18:09:15+00:00,0,2013,4719.235,TRUE,15.71666667,TRUE,TP,1,5091.906504,4835.527001,5373.90131,5095.443171,4829.424686,5348.134663,5085.779422,4806.219827,5380.896478,5022.030334,4751.685077,5313.83346,4727.691628,4493.467548,5006.981813
68,1710,,36,1,1,,2021-10-29 18:24:58+00:00,,,,Methane,,4757,5890,3624,+/- 1 sigma,+/- 1 sigma,4.727615,,,,,2021-10-29 18:24:58+00:00,,Sentinel-2/Harvard,Sentinel-2,Harvard,2,,281513,8,218645,281513,FALSE,,282310.6667,282645.8167,282310.3778,278775.0433,262685.7583,AZ,2021-10-29 18:09:15+00:00,0,2013,4719.235,TRUE,15.71666667,TRUE,TP,1,5085.220781,4832.940427,5394.160711,5096.571032,4826.079366,5402.439208,5082.322224,4805.044844,5343.903477,5028.113167,4767.872589,5283.206478,4727.858195,4475.980624,5003.564908
69,1720,,46,,,,2021-10-29 18:24:58+00:00,,,,Methane,0,0,0,0,0,,0,0,,,,2021-10-29 18:24:58+00:00,,Sentinel-2/SRON,Sentinel-2,SRON,2,,281513,8,218645,281513,FALSE,,282310.6667,282645.8167,282310.3778,278775.0433,262685.7583,AZ,2021-10-29 18:09:15+00:00,0,2013,4719.235,TRUE,15.71666667,TRUE,TP,1,5083.058111,4823.275743,5372.27242,5097.035922,4827.809865,5399.239321,5093.013085,4807.061615,5378.282735,5018.173279,4729.724768,5323.191655,4734.442174,4502.682106,4998.023439
70,1641,,15,1,1,,2021-11-01 18:35:00+00:00,,,,Methane,0,0,0,0,0,,,,,,,2021-11-01 18:35:00+00:00,,Sentinel-2/UPV,Sentinel-2,UPV,1,,0,4,308188,0,FALSE,,0,0,0,0,0,AZ,2021-11-01 18:35:00+00:00,0,2016,0,TRUE,12.71666667,TRUE,TP,1,0,0,0,0,0,0,0,0,0,0,0,0,0,0,0
71,1650,,24,1,1,,2021-11-01 18:35:00+00:00,,,,Methane,0,0,0,0,0,,,,,,,2021-11-01 18:35:00+00:00,,Sentinel-2/Kayrros,Sentinel-2,Kayrros,1,,0,4,308188,0,FALSE,,0,0,0,0,0,AZ,2021-11-01 18:35:00+00:00,0,2016,0,TRUE,12.71666667,TRUE,TP,1,0,0,0,0,0,0,0,0,0,0,0,0,0,0,0
72,1664,,38,1,1,,2021-11-01 18:35:00+00:00,,,,Methane,0,0,0,0,0,,,,,,,2021-11-01 18:35:00+00:00,,Sentinel-2/Harvard,Sentinel-2,Harvard,1,,0,4,308188,0,FALSE,,0,0,0,0,0,AZ,2021-11-01 18:35:00+00:00,0,2016,0,TRUE,12.71666667,TRUE,TP,1,0,0,0,0,0,0,0,0,0,0,0,0,0,0,0
73,1674,,48,,,,2021-11-01 18:35:00+00:00,,,,Methane,FR,FR,FR,FR,FR,,,,,,,2021-11-01 18:35:00+00:00,,Sentinel-2/SRON,Sentinel-2,SRON,1,,0,4,308188,0,FALSE,,0,0,0,0,0,AZ,2021-11-01 18:35:00+00:00,0,2016,0,TRUE,12.71666667,TRUE,TP,1,0,0,0,0,0,0,0,0,0,0,0,0,0,0,0
74,1689,,15,1,1,,2021-11-01 18:35:00+00:00,,,,Methane,0,0,0,0,0,,,,,,,2021-11-01 18:35:00+00:00,,Sentinel-2/UPV,Sentinel-2,UPV,2,,0,4,308188,0,FALSE,,0,0,0,0,0,AZ,2021-11-01 18:35:00+00:00,0,2016,0,TRUE,12.71666667,TRUE,TP,1,0,0,0,0,0,0,0,0,0,0,0,0,0,0,0
75,1698,,24,1,1,,2021-11-01 18:35:00+00:00,,,,Methane,0,0,0,0,0,,,,,,,2021-11-01 18:35:00+00:00,,Sentinel-2/Kayrros,Sentinel-2,Kayrros,2,,0,4,308188,0,FALSE,,0,0,0,0,0,AZ,2021-11-01 18:35:00+00:00,0,2016,0,TRUE,12.71666667,TRUE,TP,1,0,0,0,0,0,0,0,0,0,0,0,0,0,0,0
76,1712,,38,1,1,,2021-11-01 18:35:00+00:00,,,,Methane,0,0,0,0,0,,,,,,,2021-11-01 18:35:00+00:00,,Sentinel-2/Harvard,Sentinel-2,Harvard,2,,0,4,308188,0,FALSE,,0,0,0,0,0,AZ,2021-11-01 18:35:00+00:00,0,2016,0,TRUE,12.71666667,TRUE,TP,1,0,0,0,0,0,0,0,0,0,0,0,0,0,0,0
77,1722,,48,,,,2021-11-01 18:35:00+00:00,,,,Methane,FR,FR,FR,FR,FR,,,,,,,2021-11-01 18:35:00+00:00,,Sentinel-2/SRON,Sentinel-2,SRON,2,,0,4,308188,0,FALSE,,0,0,0,0,0,AZ,2021-11-01 18:35:00+00:00,0,2016,0,TRUE,12.71666667,TRUE,TP,1,0,0,0,0,0,0,0,0,0,0,0,0,0,0,0
70,1641,,15,1,1,,2021-11-03 18:25:01+00:00,,,,Methane,111.35,1191,,,458,UT 1 sigma,3.024,-87.8,,,,2021-11-03 18:25:01+00:00,,Sentinel-2/UPV,Sentinel-2,UPV,1,,76596.4,4,308188,76596.4,FALSE,,76628.08333,76649.40667,76656.90778,77025.21667,77539.2735,AZ,2021-11-03 18:12:18+00:00,0,2016,2606.13,TRUE,12.71666667,TRUE,TP,1,1379.656552,1302.505055,1457.973459,1381.08131,1309.907992,1467.565793,1380.94375,1307.199594,1463.153303,1387.491207,1311.049388,1468.808844,1397.416644,1326.510085,1474.077976
71,1650,,24,1,1,,2021-11-03 18:25:01+00:00,,,,Methane,330,2823,5657,1016,1-sigma confidence interval,+/- 1 sigma,2.5,353,189,,,2021-11-03 18:25:01+00:00,,Sentinel-2/Kayrros,Sentinel-2,Kayrros,1,,76596.4,4,308188,76596.4,FALSE,,76628.08333,76649.40667,76656.90778,77025.21667,77539.2735,AZ,2021-11-03 18:12:18+00:00,0,2016,2606.13,TRUE,12.71666667,TRUE,TP,1,1379.278145,1307.296832,1459.453765,1381.667536,1307.254662,1448.784059,1378.332249,1308.931647,1457.324937,1388.069662,1309.368363,1472.131106,1399.715919,1326.096638,1476.248811
72,1664,,38,1,1,,2021-11-03 18:25:01+00:00,,,,Methane,115,1300,1878,722,+/- 1 sigma,+/- 1 sigma,2.595344,3.860544,UnknownSentinel2Direction,,,2021-11-03 18:25:01+00:00,,Sentinel-2/Harvard,Sentinel-2,Harvard,1,,76596.4,4,308188,76596.4,FALSE,,76628.08333,76649.40667,76656.90778,77025.21667,77539.2735,AZ,2021-11-03 18:12:18+00:00,0,2016,2606.13,TRUE,12.71666667,TRUE,TP,1,1379.749619,1305.462065,1462.522336,1381.521123,1304.770523,1459.235297,1383.419582,1307.573101,1461.105002,1384.947367,1307.601843,1457.370941,1398.281056,1324.419033,1481.934983
73,1674,,48,,,,2021-11-03 18:25:01+00:00,,,,Methane,0,0,0,0,0,,0,0,,,,2021-11-03 18:25:01+00:00,,Sentinel-2/SRON,Sentinel-2,SRON,1,,76596.4,4,308188,76596.4,FALSE,,76628.08333,76649.40667,76656.90778,77025.21667,77539.2735,AZ,2021-11-03 18:12:18+00:00,0,2016,2606.13,TRUE,12.71666667,TRUE,TP,1,1380.684718,1309.743933,1460.033557,1377.357927,1305.675925,1460.405692,1378.449977,1306.423843,1459.611354,1386.928061,1309.453693,1461.003119,1397.869366,1320.709475,1480.365279
74,1689,,15,1,1,,2021-11-03 18:25:01+00:00,,,,Methane,111.35,1344,18:25:01.184114Z,25.45,539,UT 1 sigma,3.59,,,,,2021-11-03 18:25:01+00:00,,Sentinel-2/UPV,Sentinel-2,UPV,2,,76596.4,4,308188,76596.4,FALSE,,76628.08333,76649.40667,76656.90778,77025.21667,77539.2735,AZ,2021-11-03 18:12:18+00:00,0,2016,2606.13,TRUE,12.71666667,TRUE,TP,1,1378.72086,1300.533217,1448.386601,1380.134219,1303.61125,1464.394343,1381.804894,1307.607259,1464.960108,1390.296419,1315.301116,1465.257982,1395.957261,1321.099041,1477.223437
75,1698,,24,1,1,,2021-11-03 18:25:01+00:00,,,,Methane,330,3199,4899,1498,1-sigma confidence interval,+/- 1 sigma,2.96,36.9,189,,,2021-11-03 18:25:01+00:00,,Sentinel-2/Kayrros,Sentinel-2,Kayrros,2,,76596.4,4,308188,76596.4,FALSE,,76628.08333,76649.40667,76656.90778,77025.21667,77539.2735,AZ,2021-11-03 18:12:18+00:00,0,2016,2606.13,TRUE,12.71666667,TRUE,TP,1,1381.86606,1304.02516,1457.968406,1380.102597,1310.80858,1450.259307,1380.492149,1308.329691,1463.340061,1386.649493,1309.062061,1467.636226,1393.561231,1321.099059,1466.158047
76,1712,,38,1,1,,2021-11-03 18:25:01+00:00,,,,Methane,,1787,2333,1241,+/- 1 sigma,+/- 1 sigma,3.798211,,,,,2021-11-03 18:25:01+00:00,,Sentinel-2/Harvard,Sentinel-2,Harvard,2,,76596.4,4,308188,76596.4,FALSE,,76628.08333,76649.40667,76656.90778,77025.21667,77539.2735,AZ,2021-11-03 18:12:18+00:00,0,2016,2606.13,TRUE,12.71666667,TRUE,TP,1,1379.794803,1297.021515,1465.898641,1381.713846,1310.746353,1462.074447,1382.214921,1302.789927,1466.890949,1386.410157,1305.17333,1473.576332,1393.132069,1315.149488,1471.249308
77,1722,,48,,,,2021-11-03 18:25:01+00:00,,,,Methane,0,0,0,0,0,,0,0,,,,2021-11-03 18:25:01+00:00,,Sentinel-2/SRON,Sentinel-2,SRON,2,,76596.4,4,308188,76596.4,FALSE,,76628.08333,76649.40667,76656.90778,77025.21667,77539.2735,AZ,2021-11-03 18:12:18+00:00,0,2016,2606.13,TRUE,12.71666667,TRUE,TP,1,1378.894072,1308.426812,1463.865093,1380.047735,1311.345139,1451.070159,1380.084559,1304.771179,1455.639438,1385.644311,1308.294359,1463.309146,1397.069664,1325.65982,1465.376285
78,1642,,16,,,,2021-10-23 18:40:53+00:00,,,,Methane,277,4069,,,1515,UT 1 sigma,3.771272995,47.0416,,,,2021-10-23 18:40:53+00:00,,WV3/UPV,WV3,UPV,1,,218027,8,218645,218027,FALSE,,218693.5667,218451.7833,218208,219472.7067,222886.7667,AZ,2021-10-23 18:26:42+00:00,0,2007,3908.2,TRUE,14.18333333,TRUE,TP,1,3936.981295,3726.686751,4142.842766,3941.637894,3723.827636,4179.63611,3931.614914,3726.199239,4137.565106,3949.260141,3740.175719,4182.260595,4011.94152,3787.227606,4223.21037
79,1656,,30,1,1,,2021-10-23 18:40:53+00:00,,,,Methane,318,1282,2758,522,1-sigma confidence interval,+/- 1 sigma,2.9,207,190,,,2021-10-23 18:40:53+00:00,,WV3/Kayrros,WV3,Kayrros,1,,218027,8,218645,218027,FALSE,,218693.5667,218451.7833,218208,219472.7067,222886.7667,AZ,2021-10-23 18:26:42+00:00,0,2007,3908.2,TRUE,14.18333333,TRUE,TP,1,3940.717428,3735.507245,4178.346527,3933.834764,3737.628121,4149.399309,3928.663644,3717.848466,4149.224123,3952.320225,3736.537611,4186.706197,4020.222109,3795.505403,4260.806693
80,1690,,16,,,,2021-10-23 18:40:53+00:00,,,,Methane,277,4790,,,1876,UT 1 sigma,4.673416667,,,,,2021-10-23 18:40:53+00:00,,WV3/UPV,WV3,UPV,2,,218027,8,218645,218027,FALSE,,218693.5667,218451.7833,218208,219472.7067,222886.7667,AZ,2021-10-23 18:26:42+00:00,0,2007,3908.2,TRUE,14.18333333,TRUE,TP,1,3928.787584,3723.727177,4141.972394,3933.178559,3726.53334,4165.624399,3934.656868,3731.317559,4151.619608,3956.175399,3744.637865,4196.119853,4009.995765,3791.94786,4244.526105
81,1704,,30,1,1,,2021-10-23 18:40:53+00:00,,,,Methane,318,1578,2053,1236,1-sigma confidence interval,+/- 1 sigma,4.31,207,190,,,2021-10-23 18:40:53+00:00,,WV3/Kayrros,WV3,Kayrros,2,,218027,8,218645,218027,FALSE,,218693.5667,218451.7833,218208,219472.7067,222886.7667,AZ,2021-10-23 18:26:42+00:00,0,2007,3908.2,TRUE,14.18333333,TRUE,TP,1,3936.06618,3739.432312,4136.343436,3927.568448,3720.491895,4143.907718,3936.989812,3724.408052,4173.404873,3945.599103,3735.216354,4143.834662,4019.266465,3798.308158,4250.776142