plume_id,emission_source_id,wind_independent_emission_rate_kghmps,wind_mps
1,710,195.6503153,2.87334919
2,710,324.3538894,2.87334919
3,710,368.6038769,2.768518686
4,711,77.26727607,2.574738741
5,878,25.08914405,3.364265203
8,878,24.26454016,3.364265203
9,712,13.06270988,3.25462985
10,712,24.40424498,3.25462985
12,708,11.59747746,2.681394815
13,713,16.1196536,3.31712985
14,713,12.123816,3.31712985
15,713,10.0627891,3.31712985
16,713,13.5270262,3.31712985
17,879,9.298309352,3.736950397
18,717,7.468176542,1.965277791
19,717,11.00838887,1.965277791
28,716,16.91118115,5.824172497
29,718,222.4879729,6.73886919
30,718,9.380736461,6.73886919
31,704,172.4262123,6.12070322
32,704,48.43184513,6.12070322
33,704,35.77623388,6.12070322
36,715,27.32465271,7.597555161
37,715,31.60300437,7.597555161
38,715,28.82908844,7.597555161
40,963,21.88799945,6.08135128
41,963,7.84842613,6.08135128
43,698,99.47938547,5.003264427
45,718,23.08499269,3.595855951
46,721,307.9599697,3.491689444
49,720,157.5933329,4.843327999
50,720,85.44260529,4.843327999
51,703,1562.873757,5.662773609
54,725,32.11993785,6.322495461
55,703,1603.75455,5.662773609
56,719,14.85048222,4.718327522
57,703,692.6350365,5.662773609
59,726,79.07544565,5.391841888
61,702,58.70768586,4.917304516
62,724,172.1296772,5.072397232
63,722,188.137248,5.470545292
64,726,67.80598705,5.391841888
67,726,60.24853182,5.391841888
69,722,194.5046448,5.470545292
70,977,57.46759762,4.917304516
71,951,13.71841839,4.917304516
72,722,12.03800591,5.470545292
73,962,158.1165798,5.470545292
76,723,32.61646834,6.08135128
78,723,15.12224612,6.08135128
79,723,17.23215579,6.08135128
81,970,9.367308535,6.08135128
86,727,12.2608542,6.12070322
90,714,18.11361447,6.10449934
91,714,13.94367554,6.10449934
95,967,11.26653108,6.10449934
102,684,33.23136186,6.157740116
103,684,9.594305593,6.833776474
109,698,25.80853059,7.597555161
110,698,18.15054393,7.067462444
112,732,26.02887293,6.12070322
114,965,35.49490294,7.597555161
117,728,27.77457487,6.461413383
119,728,13.31756978,6.461413383
120,729,22.04160105,6.461413383
121,729,13.98089748,6.461413383
124,730,19.27650199,4.435524464
129,731,3.330683859,2.130563974
130,731,13.87249378,2.130563974
131,1084,63.37813507,5.169745922
132,1084,113.341069,5.169745922
133,1084,110.1029197,5.169745922
140,733,27.34577785,2.557339668
144,695,52.71029112,5.169745922
145,695,36.18581325,5.169745922
151,696,10.59879588,3.136913538
152,696,19.79223291,3.136913538
153,958,38.01881652,3.136913538
154,958,54.30292352,3.136913538
155,956,11.32921739,3.201728344
157,734,53.07017787,4.077152729
158,734,10.29524733,5.052257061
159,971,40.06289747,4.72123909
160,972,18.16486678,4.72123909
161,973,16.1246813,3.757708311
162,735,8.261325879,5.052257061
163,736,16.33813421,4.630960941
164,737,73.90279994,6.332532883
165,699,20.7600836,6.332532883
167,940,126.6769392,6.267718315
168,881,21.24671963,6.404292583
172,974,24.28111498,12.61979294
173,738,148.7019377,12.61979294
174,738,182.3647369,12.61979294
179,671,18.80971284,11.49890614
180,671,12.37826221,11.49890614
181,740,27.95224619,13.06765938
182,741,26.06761043,12.79108906
183,742,19.55867915,13.06765938
185,743,13.35934554,12.66025257
187,705,21.64039965,13.06765938
191,749,51.16008267,12.60358906
197,745,11.97796635,10.87159061
200,744,117.710965,12.37442207
208,747,13.31486729,3.148927212
209,667,22.17713795,3.135038376
210,667,19.28826988,3.135038376
211,748,61.13342687,3.174390078
212,748,27.29582892,3.174390078
213,746,15.04475711,3.223001242
214,697,37.82786708,3.223001242
215,1003,126.7590408,3.711850405
218,1005,63.03532997,3.711850405
220,1007,55.50876374,3.670183897
221,1007,50.31241636,3.670183897
222,750,63.39949501,3.670183897
223,975,45.26664549,3.670183897
224,1040,13.20398147,4.337999344
225,751,90.14446189,4.451425552
227,751,84.18514937,4.451425552
228,751,76.72372503,4.451425552
442,764,13.96991809,6.103366375
443,658,62.94754229,7.600091457
444,658,111.1079826,7.537591457
445,691,55.08138661,8.204257965
446,691,18.05510694,8.204257965
447,691,19.17030693,8.204257965
448,765,16.90730537,8.204257965
449,766,15.8461932,10.63567924
450,706,256.2254588,10.7745676
451,767,35.63730888,7.565369129
452,767,29.99193942,9.479514122
454,669,488.3074296,8.176480293
457,659,41.02412443,8.236665726
458,763,11.07188072,8.799165726
459,763,12.12792246,8.799165726
465,636,157.1607087,8.799165726
466,636,87.60711469,8.799165726
469,637,14.45187254,12.61397743
470,637,23.22150892,12.61397743
471,637,23.08802067,12.66701508
472,770,45.13261448,7.530646801
473,770,42.56999267,9.417014122
474,770,56.40195174,9.417014122
475,942,34.6222855,7.600091457
476,769,36.91726507,7.600091457
477,769,18.75204595,9.41932869
481,772,21.7510108,9.565161705
482,772,29.86881339,9.484143257
483,772,74.18060351,9.484143257
485,773,13.05579055,7.757498741
486,773,15.19626953,9.484143257
488,638,14.5056019,7.757498741
489,638,30.83799252,9.484143257
490,955,34.7997908,9.479514122
492,774,53.58440748,9.479514122
494,775,12.530967,9.417014122
495,960,32.96657398,9.565161705
496,776,35.89380003,12.23414421
502,777,75.82496782,9.484143257
503,692,13.51731281,10.03275394
504,943,16.15473778,7.600091457
505,944,46.24795996,7.600091457
506,662,39.17241127,7.600091457
507,662,27.22075645,7.600091457
508,662,50.5033056,7.600091457
509,952,21.7383877,4.398184776
510,959,14.5671713,4.349573612
511,778,21.69036685,4.349573612
513,779,19.11382261,4.349573612
514,780,17.01956342,4.349573612
515,976,13.45269557,4.349573612
519,952,21.4525105,4.398184776
524,783,91.34992971,11.11018085
525,1000,37.51818022,11.26295853
526,784,123.9227092,10.51006985
528,785,41.845607,9.697570801
530,785,57.90325289,9.697570801
531,785,28.06754354,9.697570801
532,786,59.29810476,10.51238441
534,786,145.4338162,10.51238441
535,787,10.78437993,10.44525528
536,1002,104.1224887,10.51238441
537,788,126.9437139,10.51238441
559,789,17.61231279,10.49457455
596,1001,74.54422538,11.26295853
597,643,40.76955298,10.99820042
598,643,57.08381476,10.99820042
599,792,24.482056,11.24125576
600,792,22.30680494,11.24125576
601,793,33.89447045,11.23199654
602,793,59.17598012,13.22752666
603,793,26.79369132,13.22752666
605,666,34.01658025,12.73678589
606,666,16.35737851,12.73678589
607,666,26.7761288,12.73678589
609,794,14.57575131,12.73678589
610,794,34.39822787,12.73678589
611,795,39.28336262,12.73678589
612,795,24.58084582,12.73678589
619,796,29.96519667,13.41825008
620,796,18.12270881,13.41825008
626,948,27.55483913,12.74695396
628,798,21.43176938,12.74695396
629,798,11.93041672,12.74695396
631,640,42.83462829,12.74695396
632,640,39.43994734,12.74695396
633,640,56.87895825,12.74695396
634,937,12.10648331,12.74695396
637,797,46.85445774,12.74695396
638,797,46.83767166,12.74695396
639,797,57.31499507,12.74695396
640,949,28.88364537,12.74695396
641,949,24.82887811,12.74695396
642,949,32.37175758,12.74695396
644,799,29.99012064,13.92519474
645,799,32.83828348,13.92519474
646,800,45.61636548,13.41825008
647,800,29.47332683,13.41825008
648,801,14.79432157,12.51084232
649,801,12.45582678,12.50938702
656,802,9.850875337,9.249446869
657,803,10.81330604,9.020280838
659,1041,22.31705553,8.886021614
660,641,19.08186427,5.615912437
661,641,17.05882963,5.615912437
667,804,20.55692014,5.917124271
670,805,40.41064489,5.95784235
672,806,73.30822822,6.29349041
673,806,59.20038708,6.29349041
674,806,60.74047922,6.29349041
675,807,22.77098784,6.858304977
676,808,19.97908387,5.693953514
695,809,115.3163948,8.836117744
696,809,117.7882686,8.836117744
699,809,257.5229729,8.836117744
701,810,19.59453596,8.313300133
702,811,9.009781801,9.094047546
747,814,34.27730134,5.480626583
752,644,20.1813799,6.382143021
755,815,17.70657648,6.2015872
756,816,17.0704863,6.088161469
757,816,9.55414622,6.088161469
758,816,19.77996531,6.664343357
761,817,20.5121047,6.638880253
762,818,30.74159532,6.557861805
765,819,31.34685846,6.664343357
770,645,53.1171907,6.784713745
771,645,43.65097603,6.309366226
772,645,57.09998582,6.309366226
778,820,83.16703544,5.30555439
779,820,57.30039864,5.30555439
781,821,167.9836448,5.733795166
782,979,225.800008,5.497684002
783,822,50.73872558,5.497684002
784,822,38.35481873,5.497684002
785,981,40.65013754,5.291665554
786,803,25.561242,5.830219269
787,824,14.52198179,5.837163925
788,824,22.61041791,5.837163925
790,825,45.51620609,4.599805355
791,825,34.23574749,4.599805355
792,825,39.29865934,4.599805355
793,794,19.86101223,5.062720299
794,794,29.67534267,5.062720299
797,672,143.9947623,5.488424778
798,672,127.7828348,5.488424778
801,826,24.99564723,5.79861021
802,826,29.34895299,5.79861021
803,646,20.05850485,5.780091286
806,646,75.98306707,5.780091286
809,639,17.81935241,5.291665554
810,639,13.29299099,5.291665554
812,933,23.51181627,5.291665554
815,982,9.734146604,5.291665554
816,983,61.5505523,5.291665554
817,827,9.987679718,5.638887882
818,827,11.18142878,5.638887882
819,823,12.16758684,5.291665554
820,828,1611.901008,4.520832062
825,670,72.4167642,4.518786907
826,670,27.58907723,4.518786907
827,670,20.35908368,4.69225502
828,829,24.05998714,4.776979446
830,829,33.30379559,4.136842728
832,830,25.36190226,6.560183525
833,831,20.39836601,4.948275566
841,832,11.37695522,7.029119492
842,833,18.90310861,5.469108105
843,833,12.36612511,7.245368481
844,833,8.307480547,5.469108105
848,834,12.60505765,3.502583265
853,835,10.20510076,4.152776718
862,823,9.481149228,5.291665554
864,924,18.23327424,5.497684002
865,836,16.74093076,5.365739822
870,984,16.93747496,5.291665554
872,837,24.23976757,5.770034313
875,986,10.59535729,5.857997417
880,838,17.25618428,5.170497894
881,839,6.218939002,7.330931664
952,840,28.99284817,2.367955446
953,841,13.34306802,2.918881416
954,842,27.34930969,3.413497925
955,842,18.83612072,3.413497925
956,842,31.71343166,3.413497925
957,843,52.23553744,2.27692318
958,843,99.09992583,2.27692318
959,843,131.9923543,2.27692318
960,844,392.9616225,2.283867836
961,845,49.3039972,3.141103745
962,846,51.5008956,2.81471467
963,846,42.64066902,2.81471467
964,652,29.30582283,2.657307386
965,673,10.06484503,2.805455446
966,673,25.07852099,2.805455446
967,673,12.84412012,2.805455446
968,847,15.59123747,2.50840497
969,674,20.28324715,2.751460552
970,674,7.734314772,2.751460552
972,848,15.43679187,1.966738105
980,849,33.56241829,2.81471467
981,849,10.77051769,2.81471467
983,850,9.861928018,2.805455446
984,851,16.25939595,2.520733118
987,941,23.38145198,2.81471467
990,852,15.35522612,2.516103506
991,853,22.24677845,2.516103506
992,987,12.96431552,3.131844521
995,660,22.78718879,11.10046196
1000,990,12.27728347,2.150034666
1003,857,11.52337871,3.132958889
1004,853,195.3893368,3.172310829
1009,858,38.36303791,3.237125635
1010,655,15.60662384,3.267218113
1011,654,59.1840261,3.267218113
1012,654,47.99209126,3.267218113
1013,650,44.95879723,3.267218113
1017,859,26.91952684,3.114440441
1018,860,23.33874636,3.114440441
1020,854,12.73607664,3.160736561
1022,861,33.17540793,4.187538624
1030,883,26.41986635,11.37360954
1034,862,81.09329887,11.30416489
1035,664,16.02122874,6.688675404
1045,865,8.724712503,3.812538385
1046,865,5.034257091,3.812538385
1051,709,19.00573993,11.19768429
1055,866,70.32476989,2.716292143
1056,866,57.61294615,3.875038385
1059,867,21.3750353,4.020871639
1060,867,14.70758069,4.020871639
1063,868,177.2754024,3.791705132
1064,869,18.2631548,3.706056833
1068,794,46.28362128,2.480180979
1070,978,15.30142936,6.2015872
1073,993,7.531325668,6.143716812
1074,870,19.96787971,6.143716812
1076,985,9.287293325,2.487125635
1077,871,105.2293804,3.832712173
1081,872,71.0273524,3.830397606
1082,994,14.52252891,3.830397606
1083,676,23.30804383,3.619749546
1086,884,16.51686661,5.674994946
1087,873,23.60580702,4.601588249
1091,874,16.62183896,4.796032906
1093,875,13.24425395,4.601588249
1094,876,14.88768579,5.674994946
1095,876,19.83356308,5.674994946
1096,877,11.23753883,5.05529213
1101,885,26.10714745,7.70045805
1102,854,11.0606489,6.282167435
1103,854,39.32464774,6.282167435
1104,854,12.4962846,6.282167435
1105,886,12.94370524,7.534459591
1115,887,14.05746795,6.990478039
1116,887,14.46202123,6.990478039
1118,677,15.17601567,5.930315495
1119,650,39.31573197,5.738185883
1120,650,20.16409762,5.738185883
1121,650,24.15132971,5.738185883
1126,651,9.670510876,6.698811054
1127,652,19.91859487,5.527537823
1128,652,38.6756741,5.738185883
1129,653,32.32328124,5.738185883
1130,653,11.04290494,5.738185883
1131,941,10.88111594,5.738185883
1132,654,20.68728989,5.738185883
1133,654,23.05089669,5.738185883
1134,655,40.49278054,5.738185883
1135,655,25.08925653,5.738185883
1136,668,6.509382449,5.799994946
1138,656,13.36328712,5.820828438
1146,678,21.82498915,5.899532318
1147,678,15.67100136,5.300662994
1149,888,16.87981543,6.121754169
1150,889,8.691363339,5.731218815
1152,988,11.6687549,5.015964031
1153,853,18.04208888,5.309945107
1154,853,17.00588513,5.309945107
1155,988,11.61428214,5.015964031
1157,890,11.37183299,5.309945107
1161,891,13.32714134,5.731218815
1162,891,20.51655774,5.731218815
1164,892,13.59920969,6.121754169
1166,992,13.86881374,5.015964031
1168,964,43.24378481,5.777514935
1170,679,63.03059395,5.777514935
1171,679,46.75937355,5.777514935
1176,858,47.7553508,5.527537823
1177,858,47.51565904,5.527537823
1181,781,12.49970204,4.356241226
1182,781,17.24282237,4.356241226
1183,781,12.21497088,5.05529213
1184,998,16.27264055,4.356241226
1185,998,13.10345595,5.05529213
1186,991,47.73166373,4.657167435
1187,991,26.01223327,4.657167435
1191,893,17.37018691,5.386311054
1192,893,13.92542786,5.386311054
1194,893,8.894953048,5.386311054
1195,894,9.833438081,5.270570755
1196,894,9.999396374,5.270570755
1197,680,27.1828047,5.270570755
1199,680,43.01808763,5.270570755
1200,680,15.40066859,5.270570755
1201,895,6.759885,5.270570755
1202,896,19.41604596,4.573833942
1203,897,8.398487582,5.231218815
1205,897,13.0278338,5.231218815
1215,898,44.12712165,7.052146435
1220,873,11.88396988,4.601588249
1222,889,8.226448878,5.731218815
1223,899,31.3936583,2.3320086
1224,954,10.11916291,2.445434332
1226,681,15.36109306,2.445434332
1227,681,13.35655169,3.267999887
1236,997,23.55315985,2.737100601
1237,997,15.21955676,2.737100601
1239,689,8.909369766,9.390649796
1241,649,61.66042274,2.556545019
1242,649,36.04637167,2.556545019
1243,649,30.56441359,2.556545019
1244,903,11.10247655,9.390649796
1245,903,11.99293173,9.390649796
1249,996,62.85957378,2.737100601
1250,996,59.81716762,2.737100601
1251,900,97.84523916,9.281853676
1253,682,7.198574912,9.983561516
1255,900,75.49929743,9.756709099
1257,900,55.42445488,9.756709099
1258,675,12.41008375,9.888653755
1261,904,8.051464699,10.55994987
1263,905,41.58167173,2.922285795
1264,905,39.83343049,2.922285795
1265,907,10.76612607,3.220896959
1266,907,16.92560273,3.125989676
1267,907,23.94984164,3.220896959
1269,906,38.71947919,2.01040864
1300,855,17.00607829,4.149944305
1305,855,11.34376659,4.149944305
1306,909,13.28505862,4.022629738
1307,687,10.36687676,4.874481678
1308,855,18.25747965,4.149944305
1309,690,12.44986539,3.777259588
1312,911,29.59276584,4.645314693
1313,910,10.50905354,4.233277798
1314,912,18.01158479,4.022629738
1317,911,45.0091075,5.046906471
1329,689,4.490680994,9.390649796
1363,913,31.15954552,10.33641434
1367,869,11.03143515,10.16974735
1370,914,23.871107,7.237746239
1371,914,27.51530853,7.237746239
1372,914,24.03367143,7.237746239
1373,915,18.98220185,7.189135075
1374,915,13.49405282,7.189135075
1375,915,19.24883777,7.189135075
1376,916,83.6472457,7.189135075
1377,916,46.78080893,7.189135075
1378,916,26.92557723,7.189135075
1379,688,15.13776315,9.966044426
1380,688,10.62127279,9.966044426
1386,917,12.3373701,7.992375851
1387,917,12.98020888,7.992375851
1388,917,28.18015333,10.55051327
1389,918,88.49097337,7.992375851
1390,918,54.75107797,7.992375851
1391,918,77.68215831,10.55051327
1392,919,32.70148818,8.300246239
1393,919,16.67549338,8.300246239
1394,902,21.87232389,8.300246239
1395,902,21.24731338,8.300246239
1396,902,28.76784921,10.94171619
1398,920,10.15979266,10.55051327
1399,920,6.379925898,10.55051327
1403,921,16.34066467,8.812087059
1405,688,47.09896728,8.772734642
1406,922,4.981823388,7.161357403
1407,922,6.4417129,9.941717148
1408,950,5.471284753,7.161357403
1409,923,56.22863835,7.644320965
1410,923,81.14052384,7.644320965
1411,980,9.564532737,6.605068684
1412,935,48.64080137,6.415253639
1413,935,33.69827828,6.415253639
1415,933,33.52301268,6.605068684
1416,924,18.62720376,6.415253639
1417,924,45.36168598,7.584136486
1418,925,31.05622122,7.440618038
1419,925,21.06437088,7.440618038
1420,925,26.77368511,7.440618038
1422,821,442.8014329,6.077291012
1423,646,68.90728957,5.949975967
1424,939,63.29633111,5.949975967
1425,931,141.1607328,5.285624027
1426,883,56.38002133,6.760062218
1427,883,18.9942308,6.760062218
1428,827,36.01728616,4.500901699
1429,827,23.82771407,4.500901699
1430,826,34.14929644,4.623586655
1431,826,20.51097658,4.623586655
1432,927,9.171638286,5.11895752
1433,927,17.69394763,5.11895752
1434,928,35.97740019,5.600439072
1437,947,23.73619218,7.440618038
1438,660,27.55591427,7.440618038
1439,709,16.90884289,6.192932606
1440,709,15.75269858,6.192932606
1441,947,20.46712002,7.440618038
1442,660,8.642070782,7.440618038
1443,660,31.39142874,7.440618038
1445,665,11.81671171,7.253118038
1448,661,14.98130099,5.415154457
1450,929,171.4953498,6.895901203
1452,930,94.24652123,7.386641979
1453,926,20.96279015,7.047240734
1454,926,7.349997813,5.54893446
1462,648,118.3445194,3.827208281
1463,1034,12.10724145,5.484615803
1464,701,682.1427607,4.760078907
1465,659,25.10723838,4.760078907
1466,659,31.61636686,5.18863821
1467,659,22.17450237,5.18863821
1468,669,25.89456453,4.148967743
1469,669,32.03148999,4.401600838
1470,669,43.70963057,4.401600838
1471,669,41.61183442,4.401600838
1472,691,81.01447603,3.903597116
1473,691,47.44594874,4.075212002
1475,685,202.0851131,3.762712002
1476,685,181.5381071,3.762712002
1477,686,13.507391,3.473360062
1478,686,11.48043908,3.473360062
1479,686,7.331892778,3.473360062
1482,658,81.25774225,3.255767584
1483,658,66.5491198,3.255767584
1484,694,22.34490614,3.223360062
1485,694,62.24625471,3.223360062
1486,1035,29.58242305,3.202526808
1487,683,16.22639157,3.202526808
1488,683,20.99862153,3.202526808
1489,1033,49.87133147,6.137712479
1492,693,42.02737179,5.458613873
1493,693,25.2215323,5.458613873
1495,669,160.8585167,8.176480293
1496,977,39.58047347,4.935823441
1499,1003,189.0795844,3.711850405
1500,1005,72.72534941,3.711850405
1515,1031,4.259669932,2.36772418
1516,1031,17.13314877,2.36772418
1518,1010,210.3241219,3.706708193
1519,1010,299.5183058,5.243494511
1520,1011,35.43874559,2.374668598
1521,1011,44.85075366,3.928930283
1522,1011,29.06465469,3.732171059
1523,1032,19.69330665,6.662476063
1524,1012,152.8123993,5.847661495
1525,1012,155.3707948,5.847661495
1526,1013,77.0343348,4.72754097
1527,1013,27.6875144,4.72754097
1528,1013,19.49746987,6.317568779
1529,1014,76.82402558,4.715715885
1531,1030,11.95805533,5.287726879
1532,1030,12.77879705,5.287726879
1538,1036,44.15259857,7.311908245
1541,1037,74.55615818,6.921735287
1543,1037,19.7617428,7.973946095
1548,1042,34.67190373,6.885982513
1549,1038,23.17654606,6.885982513
1550,1038,24.75845193,6.885982513
1551,1038,17.31328571,6.885982513
1552,1039,60.65143404,7.855889797
1553,1039,177.3673708,7.855889797
1554,1045,117.7077824,7.855889797
1555,1045,67.4248432,7.855889797
1556,1043,40.52751123,7.973946095
1559,903,17.39910862,9.561611176
1560,900,9.830083129,9.452815056
1562,1046,25.16479951,9.11709404
1563,1046,37.77917673,9.11709404
1564,1068,6.537636235,8.698112488
1567,1047,18.01977692,8.045334816
1568,1047,9.324145954,8.045334816
1570,1066,16.68186933,8.482834816
1573,1049,55.42653991,8.059223175
1574,1050,35.71956891,7.489563942
1575,1050,33.85724726,7.489563942
1576,1050,26.52808087,7.489563942
1577,1051,10.96682515,7.489563942
1578,1080,41.70612246,4.404182911
1579,693,9.741709106,4.404182911
1580,1052,9.683134733,5.13781929
1581,1053,37.05052122,3.82084918
1582,1069,33.65731353,3.82084918
1586,1054,46.87520968,3.138595343
1587,1064,7.308120007,3.052947044
1588,1065,11.05586772,3.73118782
1589,1065,9.475565437,3.73118782
1590,920,16.87089148,3.587669373
1591,1055,161.1856947,3.9155972
1593,1056,32.32501851,2.93874526
1594,1057,12.53372026,2.93874526
1598,1057,16.4780091,3.052947044
1599,1056,21.6813068,3.052947044
1600,1070,6.730730534,3.502021313
1603,1071,13.93852637,5.545062065
1605,1058,13.93354356,5.851777077
1606,1058,10.24356999,5.851777077
1607,1059,9.162082877,5.227885723
1608,1059,9.269992284,5.227885723
1609,1060,13.61515298,3.848467588
1610,1060,8.985309713,3.848467588
1611,1061,17.41133716,3.829948902
1612,1061,18.52237005,3.709738016
1613,1062,31.85943742,3.829948902
1614,1062,31.43931847,3.709738016
1615,1062,38.44452651,3.709738016
1616,1063,24.7945764,3.908812284
1623,1067,9.153842776,3.612515688
1625,1067,6.497122742,3.612515688
1627,1081,25.40566926,5.76619482
1628,1082,6.842488702,5.76619482
1629,1082,11.66310716,5.76619482
1630,1085,39.79491503,4.314568043
1631,1085,15.29505406,4.314568043
1632,1085,9.966167651,4.314568043
1633,1088,15.46496167,5.272901058
1634,1086,10.41588311,6.078456879
1635,1086,10.95635432,6.687835693
1637,1087,23.31260862,6.028113365
1638,1091,145.1352234,6.854097366
1641,1089,54.11922637,7.667014599
1642,900,19.39655947,7.661967754
1645,1090,13.37776192,8.393866539
1646,1092,5.597422458,7.792014599
1647,904,12.42716383,7.667014599
1648,1093,27.96041461,7.467940807
1649,1098,19.58699306,5.510281563
1650,1098,49.81568398,5.510281563
1651,1094,39.2806398,5.510281563
1652,1095,23.7538422,5.510281563
1653,1094,82.68637537,5.510281563
1654,1094,12.20179958,5.510281563
1656,1097,5.298178496,5.044890881
1657,1097,5.679678256,5.044890881
1658,1096,11.50190594,5.035631657
1659,1096,26.74944421,5.035631657
1660,1097,12.13048489,5.044890881
1661,869,30.28141289,5.146742821
1662,1089,75.94180791,7.667014599
1663,1091,23.09955834,7.667014599
1664,659,17.79183836,4.077309608
1665,1099,14.06603172,4.290272713
1667,1100,14.64661567,4.660643101
1668,1101,37.23394339,4.364346981
1669,1102,25.68586164,2.922217131
1670,1103,68.64762748,2.581939459
1671,1104,66.90322036,2.581939459
1672,774,25.29714358,3.109717131
1673,1150,81.66434625,3.109717131
1674,1105,30.25026408,4.440801144
1675,1104,51.6721666,3.938486338
1676,1101,22.08714669,4.76718998
1677,1151,10.46895077,4.836634159
1678,1104,31.64986576,3.938486338
1679,1110,8.614923393,3.892190218
1680,1107,19.83502923,4.76718998
1681,1108,15.23894067,4.836634159
1682,1123,15.41307787,3.892190218
1683,1110,13.22736566,3.892190218
1684,1111,31.22363872,4.068116188
1686,1111,8.120808644,4.068116188
1687,1154,29.59743624,5.036031723
1688,1112,91.2829411,5.036031723
1689,1112,16.66691541,7.590845108
1690,1113,16.66495287,5.399457932
1691,1113,9.884481815,5.399457932
1692,1114,27.16490386,5.399457932
1693,1139,42.76594876,4.600458145
1694,1139,57.93337672,5.31580019
1695,1139,48.98548661,5.31580019
1696,872,16.44683381,5.31580019
1697,872,10.85803924,5.31580019
1698,994,26.80869359,5.31580019
1699,994,21.04114028,5.31580019
1700,1115,11.70036487,4.774069309
1701,1115,14.69229752,5.755615234
1702,1157,8.299717406,7.715845108
1704,1116,14.65548923,5.065735817
1707,1117,9.402863979,4.774069309
1708,1117,8.01103155,5.755615234
1709,1118,20.98867095,5.755615234
1710,1118,9.707659462,5.566124916
1711,1118,17.01349292,5.566124916
1712,871,29.65001315,7.600104809
1714,1158,11.22403369,4.734717369
1717,1159,15.50058094,4.600458145
1718,1119,31.76435105,6.497559547
1719,1119,7.642517913,6.497559547
1722,1120,32.83954409,6.481356144
1723,1168,27.18082781,6.481356144
1725,706,162.4642711,4.2602458
1726,706,92.01816288,4.686494827
1729,1123,8.740392467,4.573068619
1730,1122,16.81672621,6.460522652
1732,1160,32.40409134,6.460522652
1733,1161,154.2776067,5.36473608
1734,1124,58.40539427,4.575383663
1735,1123,20.07296211,4.573068619
1736,706,139.3186013,4.686494827
1738,1125,96.58370297,4.686494827
1739,1126,26.70347673,5.040661335
1740,1125,82.45868813,4.686494827
1741,706,145.6607791,4.686494827
1743,1127,14.7721055,4.559179783
1744,1124,31.12286744,4.566124439
1745,1128,18.74361963,4.566124439
1746,1129,24.01544677,5.292976856
1747,682,11.34851576,4.523765087
1748,900,54.72730441,4.197376251
1749,1162,17.39020375,4.197376251
1750,1162,7.873883668,4.197376251
1751,903,12.26965822,4.523765087
1752,1036,34.30753845,5.08395052
1753,1036,23.25537766,5.607843399
1754,903,6.486394137,5.374047279
1755,1149,5.658706171,5.605528831
1756,1130,365.400743,5.781454563
1757,1131,6.787708131,5.897195339
1758,1131,10.86722183,5.897195339
1759,1132,54.96654646,5.860158443
1760,1133,49.03365915,5.66339922
1761,1134,127.8901055,5.607843399
1762,1163,7.959653823,5.684232235
1763,1134,32.1470807,5.607843399
1765,1132,25.54072751,5.860158443
1766,1132,17.77941245,6.694495201
1767,1164,113.9804143,6.627365589
1768,1135,13.58065585,6.504680634
1770,1134,23.25627095,6.472272873
1771,1136,249.8915128,6.617102623
1772,1136,109.3566313,4.671913624
1773,1137,87.16499726,7.036084175
1774,1055,163.0376458,3.433487415
1775,1055,90.03033174,3.433487415
1776,1138,37.75444464,7.036084175
1778,1121,19.77727401,7.036084175
1782,1140,64.4920766,1.247476935
1783,1140,47.51671915,1.247476935
1788,1148,31.97531538,1.092384458
1790,1141,13.88799605,0.904884398
1791,1152,107.1970421,1.029884458
1792,1152,79.4274357,1.307662249
1793,1153,21.09192354,1.307662249
1794,1165,15.40605717,1.247476935
1805,1142,42.65112808,1.933487654
1806,1143,21.60918878,1.806172848
1807,1155,18.43833019,1.882561684
1808,1144,15.12455827,2.063117266
1809,1144,16.21062617,2.063117266
1810,1144,17.95714505,3.982843161
1811,1145,30.77626216,1.99830246
1812,1145,19.46772668,1.99830246
1814,1145,12.19000765,4.005991459
1815,1156,12.09075553,1.99830246
1816,1146,33.69600788,2.2876544
1817,1056,61.24393286,1.933487654
1823,1147,25.90959928,1.806172848
1824,1149,5.147273267,5.605528831
1827,1169,355.4757251,7.719222069
1828,1170,70.74635424,5.252495766
1829,1172,60.37979015,5.252495766
1830,1187,76.39416279,5.928421497
1831,1170,53.96415165,5.252495766
1832,1172,46.10200511,5.222403049
1833,1172,47.83060424,5.222403049
1834,1170,43.68069765,5.252495766
1840,1179,33.12923702,4.707503319
1841,1177,13.25077353,4.763059139
1842,1177,9.63664899,6.235118866
1845,1178,26.15258485,5.351022243
1846,1178,8.571949151,6.753637314
1847,1180,7.362818969,5.10102272
1848,1180,10.97590759,6.262896538
1850,1190,9.929311894,6.279100418
1852,1181,46.03409188,6.211970806
1853,1181,29.08013893,7.071517467
1854,1182,17.29125968,7.784480572
1857,1183,22.35781057,8.215819359
1859,1184,12.80791064,8.238967896
1862,1185,15.88832259,8.250541687
1866,1186,21.52177901,3.905502081
1867,1186,38.09679787,5.282588482
1868,1186,39.79636961,5.282588482
1871,1170,106.9289875,4.167076111
1875,855,34.74992633,5.282588482
1876,855,17.77919022,5.282588482
1877,1042,35.54620176,6.166324139
1878,1189,15.99423754,5.192310333
1879,1187,34.46657861,5.928421497
1882,1188,16.17028807,5.333514214
1883,1191,19.17593113,5.790145874
1885,855,37.29294302,5.282588482
1891,679,269.1796956,3.517699957
1892,853,39.71509811,3.071576834
1893,1172,24.39823176,3.459829569
1894,1170,26.59738167,3.487607241
1895,1173,766.6034026,3.066946983
1896,679,153.7423291,3.517699957
1897,1174,126.6101859,3.378811121
1898,1174,57.57233977,3.378811121
1900,1192,32.5702055,3.057687759
1901,1175,16.95132435,3.057687759
1902,853,49.23697491,3.071576834
1903,1176,46.60471957,3.717410088
1905,1198,115.586877,3.066946983
1906,1186,14.6534759,2.97743535
1907,1194,54.00252823,3.489922047
1908,652,64.78784454,3.066946983
1909,652,62.44953021,3.066946983
1910,1195,28.74131148,2.955836058
1911,892,24.08776744,3.476033211
1914,1112,13.88869317,3.417250156
1915,855,9.620652807,2.97743535
1916,1187,16.89455701,3.494551659
1921,871,5.998411483,3.324657679
1925,894,5.565218048,3.376496315
1926,894,7.047605715,3.376496315
1927,1211,22.08453619,3.060002565
1930,1212,11.21984203,3.057687759
1931,1212,10.20060058,3.057687759
1933,941,10.75134676,3.164169312
1937,887,14.3932658,3.594088793
1938,1196,12.92940387,3.594088793
1942,1213,8.895477499,8.795641899
1943,1214,66.05418227,9.057215691
1944,1197,11.06487169,9.16801548
1945,1043,13.62141584,3.628811121
1946,1039,26.25459743,3.619551659
1947,903,9.097469306,4.158903599
1948,1042,7.884614239,4.200570107
1949,1199,13.29995217,4.200570107
1950,1038,27.98415958,3.762157202
1951,1045,9.652323325,3.192713022
1952,1200,392.6998476,3.109379768
1953,1201,378.3931716,3.104750156
1954,1202,57.01358883,2.919564962
1955,1203,12.8959358,2.870953798
1956,1202,28.25034098,2.919564962
1957,1215,9.141602247,2.995953798
1958,1202,45.49467066,2.919564962
1959,1204,128.8430621,2.686936617
1960,1205,20.65719209,2.686936617
1962,1216,6.449107434,2.795732737
1963,1216,21.35880236,2.795732737
1964,1206,57.74257166,2.962399483
1965,1206,53.95158546,2.962399483
1966,1207,224.5270624,2.795732737
1967,1205,24.8717536,3.182958841
1968,1204,42.34360878,3.182958841
1969,1204,43.36366,3.182958841
1970,1205,35.09602819,3.182958841
1971,1207,74.16384673,3.296384811
1972,1217,11.26639328,3.335736513
1973,1206,40.55530386,3.437588453
1974,1184,29.98972187,3.968085289
1976,1219,12.00533429,3.794474363
1977,799,26.69992689,3.794474363
1978,1172,20.81318395,3.713065863
1981,1208,216.5567871,3.921399117
1982,1209,13.45756941,4.263991833
1983,1209,11.39991334,4.263991833
1984,1210,26.46478468,3.502417088
1987,1228,14.11778841,11.85845375
1989,1220,32.02992198,10.36539745
1990,1226,125.5582453,10.36539745
1991,1221,12.00869651,7.440453053
1992,1222,27.31138465,7.440453053
1993,1222,31.86310214,7.440453053
1994,1222,26.08284484,7.440453053
1995,1223,14.25714319,7.27841568
1996,1223,9.242924007,7.27841568
1997,1224,18.37163868,7.63079834
1998,1224,17.47093406,7.63079834
1999,1225,83.37927753,8.107649803
2000,1225,87.43541391,8.107649803
2001,1227,11.16693231,8.499341011
2002,1228,17.30194599,11.85845375
2006,1229,9.267601275,4.758823395
2007,1230,11.65363085,4.059616089
2008,1230,14.35786956,4.059616089
2009,1239,23.4974431,4.758823395
2011,1231,12.78001737,4.490915775
2012,1239,24.69935536,4.758823395
2013,1230,19.70199781,4.059616089
2014,1232,26.43059797,6.040533066
2016,1233,42.55475074,4.791231155
2017,1234,36.56000546,3.593251467
2018,1234,27.41365083,3.593251467
2019,1235,27.14670278,5.559051514
2020,1233,57.3288248,4.791231155
2021,1234,33.04146192,3.593251467
2022,1236,54.8341866,4.300490379
2027,1096,54.99736301,5.787744522
2028,1237,13.78079425,5.84561491
2074,1245,329.0453654,5.88713932
2077,1236,6.738689553,7.591870785
2078,1236,11.21743725,7.591870785
2083,1254,20.08803003,6.343157768
2086,1233,19.9378427,7.341871262
2171,878,8.189755051,8.180448532
2172,1282,26.1919112,8.527402878
2173,1282,14.30483752,8.527402878
2174,1282,16.15393593,8.527402878
2178,1096,32.17779022,7.843459606
2180,1237,11.33420875,7.968459606
2183,1237,6.415183334,7.968459606
2184,1237,10.1543704,7.968459606
2188,1290,20.52732292,7.905959606
2192,1290,17.93497182,7.905959606
2194,1290,12.02840487,7.905959606
2195,1244,25.51141297,7.748552322
2196,1244,12.40091983,7.748552322
2199,1340,13.41371897,7.748552322
2204,900,213.5084622,6.457376957
2205,904,16.16644551,6.610155106
2207,1291,12.15970979,6.936543941
2209,1334,32.88046808,6.586174965
2213,1334,12.75571646,6.586174965
2214,1292,311.2692549,6.384786129
2219,1292,618.9412127,6.384786129
2220,1296,31.12241594,6.586174965
2271,1299,18.05120473,5.729693413
2273,1329,6.348276058,6.787238121
2278,1298,31.61840471,6.912801266
2279,1298,24.02672061,6.912801266
2280,1298,39.83784802,6.65066433
2285,1330,18.02147898,6.945208549
2287,1309,30.24857449,6.929004669
2289,1309,17.76023672,6.929004669
2292,1309,15.39635073,6.929004669
2296,1310,16.01544166,7.128181934
2298,1310,8.861147427,7.239544392
2301,1310,29.21956526,7.239544392
2305,1311,14.35362914,7.239544392
2307,1311,11.26036205,7.239544392
2308,1311,12.29853903,7.239544392
2309,1312,21.07739738,7.223340511
2310,1312,26.02914118,7.223340511
2311,1315,10.3592172,7.313618183
2312,1315,7.072906566,7.313618183
2313,1220,28.29393814,6.952255726
2314,1220,15.65266317,6.952255726
2315,1313,40.37498955,6.973089218
2316,1313,40.61337514,6.973089218
2317,1313,32.73621596,6.973089218
2318,1220,18.62693802,6.952255726
2319,1316,4.314571903,6.952255726
2320,1314,35.58076931,7.074941158
2634,1522,12.52728845,6.21458149
2636,1334,66.19371246,6.21458149
2638,1296,33.57269878,6.21458149
2639,1296,30.17096294,5.492441654
2640,1296,50.67653514,5.492441654
2642,1356,8.663109742,6.121988773
2643,1356,11.28037206,6.121988773
2644,1356,10.30149183,6.121988773
2645,1356,14.83580928,5.635976791
2647,1358,28.4802083,6.251618385
2648,1360,10.29604011,5.506347179
2650,1359,70.58352467,4.407389641
2651,1359,62.57473183,4.407389641
2653,1361,47.94688122,4.53933382
2654,1292,12.93527627,5.473923206
2656,1523,9.346810111,6.08263731
2657,1364,12.73522277,5.473923206
2658,1524,8.549053437,4.472204208
2659,1362,16.21541917,4.532389641
2680,1518,16.6009945,5.082736492
2682,1370,16.56136801,5.043384552
2712,1387,217.6555336,4.436304569
2713,1388,52.58332451,4.348341942
2714,1387,108.2676038,4.436304569
2718,1391,10.83833956,4.482601166
2720,1519,16.74877979,4.535841942
2721,1536,61.55176234,4.535841942
2722,1397,1246.11607,4.878434181
2723,1402,37.4665967,4.82750845
2726,1254,58.78526083,4.535841942
2727,1370,16.94810241,4.482601166
2728,1391,16.1018001,4.482601166
2733,1387,54.52320853,4.436304569
2734,1388,30.83248678,4.348341942
2740,1418,484.035228,4.576728344
2744,1428,125.1394076,4.238765717
2745,916,69.93309822,4.111450672
2752,915,21.8157952,4.072098732
2760,1148,16.70275835,4.340617657
2761,1418,54.20939595,4.576728344
2883,1430,34.78686127,4.111450672
2889,1518,4.115101439,4.535841942
2892,942,35.16667936,9.208438873
2893,658,51.25308682,9.208438873
2894,1558,9.036430491,8.168833733
2895,1558,9.211327684,8.168833733
2896,1558,22.8122973,8.168833733
2900,1559,7.8096647,8.328556061
2901,1559,10.22570718,8.328556061
2903,1560,22.13732549,8.527629852
2904,1560,9.754997943,8.527629852
2905,1560,19.80116477,8.527629852
2906,1561,10.04366834,8.777629852
2907,1595,5.214520888,8.777629852
2908,1561,19.86883897,8.777629852
2909,1595,11.51129129,8.777629852
2910,1561,34.68649138,8.777629852
2911,1595,6.641544152,8.777629852
2913,1561,20.29602599,8.777629852
2914,1562,16.96282921,7.851704121
2916,1562,12.7314082,7.851704121
2917,1563,9.88953511,9.319296837
2918,1563,17.4231958,9.319296837
2920,1563,34.00008769,9.088959694
2923,1563,65.90160173,9.088959694
2927,1564,42.48479462,7.972074509
2928,1564,70.9866906,8.169978142
2930,1564,60.99166831,8.169978142
2932,1564,28.26888446,8.169978142
2933,1594,8.146045505,8.176922798
2934,1565,7.745556589,8.216274261
2936,1565,12.16684961,8.216274261
2937,1565,10.782412,8.216274261
2938,1566,17.18532297,8.165349007
2940,1567,6.892581471,8.644515038
2941,1567,11.86858405,8.644515038
2942,1590,5.810322485,8.306552887
2948,1573,80.51945262,3.539474487
2950,1574,54.32022378,3.560307741
2951,1573,45.05744834,3.539474487
2958,1574,86.43688766,4.32542944
2959,1574,98.5222674,4.32542944
2960,1575,53.93721401,3.750122547
2961,1574,44.67428815,3.560307741
2962,1576,38.38703019,4.244410992
2963,1575,26.72160712,3.750122547
2965,1559,31.93446875,4.244410992
2967,1597,24.37940491,3.726974487
2969,1573,24.72520297,4.276818275
2971,1578,23.94079056,3.750122547
2972,1579,16.52506394,3.641326427
2973,1580,13.02510328,4.441170216
2974,1575,14.03287668,3.750122547
2975,1575,22.32102062,4.302280903
2984,1581,7.793847586,3.794104099
2991,1598,7.325399013,4.309225559
2997,996,25.43587202,9.924559593
2998,997,11.72128836,9.924559593
2999,1582,181.7155072,5.169496536
3000,1582,115.4862577,5.169496536
3001,1582,113.7814649,6.372739792
3003,1592,16.61643185,7.263943672
3004,1592,9.586099199,7.263943672
3006,1583,15.91395481,6.521348
3007,1584,29.77025767,6.585702896
3008,1584,14.41244219,6.585702896
3009,1584,24.0330789,6.585702896
3010,1600,23.9843,6.585702896
3011,1600,16.67547111,6.585702896
3012,1600,33.23953954,5.9433465
3013,1585,261.9161409,6.375054836
3014,1585,264.3165256,6.375054836
3015,1585,299.4114136,6.375054836
3026,1586,151.9526422,6.100753784
3030,1586,124.0742867,6.423666
3053,1587,235.5273364,5.169496536
3054,1587,229.256471,6.372739792
3055,1587,200.904017,6.372739792
3056,1588,60.27123061,4.146614552
3057,783,23.76859283,8.389754295
3058,785,38.05323898,8.4152174
3060,785,42.18275288,8.4152174
3061,785,81.81742132,5.97505188
3064,785,59.30262309,5.97505188
3065,1593,15.59879841,5.259774208
3066,827,17.73385425,2.615316391
3068,826,74.82298695,2.615316391
3069,927,15.14505194,3.571334839
3073,928,22.68434626,3.798186779
3074,928,41.33433465,3.798186779
3077,672,184.7810494,3.791242361
3078,821,161.1905706,3.555131197
3079,836,10.02821046,3.339853287
3080,836,36.35540049,3.147723675
3082,822,25.4957819,3.194020033
3084,822,29.69228117,3.194020033
3085,933,51.95613647,3.231057167
3086,933,148.6196819,3.231057167
3087,2429,10.3667615,3.231057167
3088,1607,27.24083277,3.372260809
3091,1607,23.37571347,3.372260809
3094,821,147.9930393,3.555131197
3102,1608,58.4555993,3.761757135
3103,1608,53.05296852,3.761757135
3107,1609,32.17987069,3.865923882
3108,1609,28.12671234,3.865923882
3109,1609,29.74476165,5.190666676
3111,1611,78.36481947,3.652961493
3112,1611,83.69613127,3.652961493
3113,1608,473.5861942,3.761757135
3114,1612,45.12898272,3.893701553
3115,1612,35.85251838,5.292518139
3116,1612,35.88133517,5.292518139
3117,1614,55.99694277,3.893701553
3118,1614,31.27868712,5.292518139
3119,1615,62.74081568,3.884442329
3120,1615,34.00977457,3.884442329
3122,1615,67.82018222,5.148999691
3123,1616,87.62566281,3.91222024
3124,1616,113.4283154,3.884442329
3125,1616,87.43013592,5.128166676
3127,1613,9.874853161,5.172147751
3129,1613,3.147187393,5.172147751
3132,1611,49.73709017,4.48927784
3133,1611,64.89110025,4.48927784
3138,1617,12.68185579,5.172147751
3140,1618,29.15999511,4.572611332
3170,981,15.01087371,3.231057167
3172,1687,21.14313446,3.231057167
3173,1687,52.61362686,3.231057167
3174,983,14.51851153,3.231057167
3175,823,20.4705608,3.231057167
3176,984,5.345427281,3.231057167
3179,1628,31.74821193,3.898331165
3180,1628,9.965821836,5.297147751
3183,1618,240.6850723,1.732259989
3187,1630,47.29693306,3.119547844
3188,1630,43.31340538,3.119547844
3189,1630,19.46016433,3.119547844
3191,1631,21.01210162,3.119547844
3196,1681,24.63053888,3.119547844
3197,1681,14.45161856,3.119547844
3198,1681,35.09503439,3.596799612
3199,1632,20.36933495,2.982973814
3200,1632,23.48787737,2.982973814
3201,1633,17.82963223,2.982973814
3202,1633,23.34989011,2.982973814
3206,1634,13.45066005,5.97179985
3207,1634,29.55957593,5.97179985
3209,1635,401.8386488,3.307447672
3210,1636,80.75010972,3.307447672
3211,1637,51.43738753,3.856058836
3212,1637,63.67377499,3.909075737
3213,1637,43.530104,3.730834961
3214,1637,93.53563165,3.730834961
3215,1638,27.35107663,3.569021702
3219,1685,13.45090989,5.575741768
3220,1685,16.59415598,5.575741768
3222,1639,97.09980504,4.580371857
3224,1640,380.3658851,3.193797827
3225,1693,126.1523286,3.404446125
3226,1641,53.30718017,3.404446125
3227,1641,33.74348108,3.404446125
3228,1693,236.3019216,3.404446125
3230,1642,61.39715715,3.543334961
3231,1639,24.49048705,4.580371857
3233,1643,58.00307859,5.890556812
3234,1643,28.65514655,5.890556812
3236,1644,26.65287769,5.890556812
3238,1639,112.4104774,4.580371857
3239,1693,62.53761402,3.404446125
3241,1645,8.554618998,5.442216873
3242,1359,71.87569913,5.618142605
3244,1524,15.01701397,5.960735321
3245,1362,10.86668716,6.048697948
3292,1624,17.47612068,5.653419018
3293,1624,17.96049701,5.653419018
3294,1625,10.3269754,5.824715614
3295,1625,13.05108652,5.824715614
3299,1626,113.8158076,5.167308807
3300,1626,270.383656,5.167308807
3302,1626,38.68384625,5.167308807
3303,1629,11.02071552,4.186718464
3304,1629,10.67277077,4.186718464
3306,1646,23.55957524,4.186718464
3307,1646,26.34391298,4.186718464
3308,1646,16.31921634,4.186718464
3309,1650,14.73476371,4.043200016
3312,1359,30.71577129,3.913570642
3313,1651,26.65574659,3.80708909
3316,1652,53.71884894,3.737644672
3322,1618,113.5367053,3.289214611
3324,1618,127.2781526,3.289214611
3325,1660,6.99327661,3.117918253
3326,1660,12.82520768,3.117918253
3328,1617,15.65696323,2.999862671
3329,1617,15.48578,2.999862671
3330,1662,32.89201809,3.060047865
3331,1662,10.19491836,3.060047865
3335,672,218.8150253,5.47665596
3336,1614,36.97986563,5.474340916
3337,1693,41.84150208,3.814619303
3339,1642,25.60209136,3.664156199
3340,1643,9.991470703,4.694248199
3342,1694,144.9905988,4.694248199
3345,1644,36.14652063,4.694248199
3346,1644,36.82180956,4.694248199
3382,1673,13.39155642,6.841880322
3383,1673,7.492545961,6.545126438
3384,1673,11.57749304,6.545126438
3385,1674,10.99671415,6.772436142
3386,1122,26.21687555,6.867343426
3387,1122,20.18164235,6.359941483
3389,1119,31.96406413,6.969195366
3392,1675,29.53758879,6.403922558
3393,1675,32.28827815,6.403922558
3394,1675,23.38805034,6.403922558
3396,1603,5669.11805,6.963893414
3398,1603,1281.237095,5.00345993
3399,1602,16.25375627,6.40160799
3400,1602,19.78235269,6.40160799
3415,1610,15.27828288,4.172899246
3417,1610,8.890392596,4.172899246
3420,1648,205.65717,6.413181782
3421,1648,174.8255854,6.413181782
3422,1648,103.3906684,6.413181782
3430,1657,38.00520829,6.359941483
3432,1657,21.81240989,6.359941483
3436,1692,45.51022446,6.359941483
3437,1654,29.76014739,7.158337593
3439,1692,26.11969955,6.359941483
3440,1659,100.3909462,6.359941483
3446,1659,89.35625611,6.359941483
3447,1659,84.22316178,6.359941483
3456,1679,8.64548955,6.359941483
3457,1679,5.733316908,6.359941483
3458,1683,7.52566582,6.413181782
3459,1683,6.050665089,6.716015816
3460,1677,7.252143846,6.729904652
3461,1677,4.719418976,6.729904652
3463,1678,35.95180045,6.695182323
3465,1678,35.60165236,6.695182323
3466,1678,22.9736719,6.695182323
3468,793,31.81244295,6.757682323
3471,793,38.40875287,7.220837593
3472,1606,30.84742765,7.188430309
3473,1606,17.71358347,7.188430309
3474,1606,19.01296332,7.188430309
3475,1684,8.855482626,7.262504101
3476,1682,11.10381663,7.230096817
3477,1610,30.64657534,4.945589542
3480,1698,9.378596606,6.698985577
3481,1698,7.38409684,6.698985577
3482,1737,16.6823629,6.698985577
3483,1737,8.855594797,6.698985577
3484,1699,23.17531123,6.405736923
3504,1667,19.24731179,4.946413994
3505,1667,16.2918094,4.946413994
3506,1667,19.08778523,4.946413994
3507,1610,10.84942587,4.766247272
3508,1610,9.294335093,4.766247272
3509,1610,16.21234972,4.766247272
3524,1141,46.6342997,4.791321754
3525,1141,31.58471352,4.791321754
3526,1141,32.47452619,4.791321754
3531,1711,9.271036894,4.699117661
3536,1153,17.2156434,4.664007187
3540,1668,10.17591178,4.079074383
3541,1669,125.1980092,4.148519039
3553,1723,10.23494597,4.148519039
3555,1723,14.33264919,4.148519039
3572,1724,15.08726364,4.224907398
3575,1725,29.40652666,4.13533926
3576,1725,32.99635203,4.13533926
3578,1726,3.550256174,4.13533926
3579,1726,24.90481128,4.13533926
3581,1732,6.456488648,4.070524216
3582,1732,13.90389504,4.070524216
3584,1733,25.05381436,3.878394842
3585,1734,402.7749983,3.767283678
3590,1747,34.82632599,3.685170174
3591,1747,28.23032412,3.685170174
3593,1741,142.7235368,3.685170174
3597,1741,74.01760712,3.685170174
3598,1741,95.25923318,3.638873816
3601,1742,26.97414934,3.701373816
3603,1743,13.37347011,4.971799374
3605,1744,28.11144046,6.002765656
3610,1744,25.91654928,6.002765656
3756,1773,58.22867007,3.535009146
3757,1773,54.85170992,3.535009146
3758,1586,189.9270004,3.535009146
3760,1586,152.3954595,3.535009146
3762,1775,32.48375957,3.634546041
3763,1775,52.68080097,2.302740812
3764,1775,38.77824412,2.302740812
3765,1775,13.16347074,2.302740812
3766,1773,56.35459736,3.535009146
3767,1776,56.77146337,3.648434877
3769,1777,27.71524362,3.648434877
3770,1777,68.75348596,3.648434877
3772,1776,59.9413918,3.648434877
3774,1778,22.17971338,2.47403717
3775,1777,50.75112374,2.47403717
3776,1778,10.63471621,2.47403717
3777,1782,17.94463897,2.302740812
3778,1780,19.32500565,2.328203917
3779,1780,28.54190334,2.328203917
3780,1780,68.78848866,2.328203917
3781,1780,32.15034059,2.051866293
3782,1796,8.365607066,2.439314842
3783,1782,13.34236814,2.302740812
3997,1849,11.90916634,7.54849577
3999,1850,31.01921106,5.650745392
4003,1851,19.70602853,5.650745392
4008,1852,54.82028825,5.546578407
4012,1849,10.0781951,5.85676384
4021,1853,50.12872325,6.0766716
4026,1854,55.8901734,6.0766716
4166,1853,44.12004773,4.378190517
4171,1917,2708.10909,4.378190517
4173,1853,65.56241827,4.378190517
4174,1917,6249.607694,4.378190517
4183,1853,52.65500394,4.799519062
4185,1918,13.33300608,4.531902313
4186,1919,100.677738,3.39230895
4188,1919,76.80272151,3.496475458
4190,1919,48.53516095,3.39230895
4194,1920,82.23603733,3.362216234
4195,1920,94.00789711,3.362216234
4196,1920,63.30629924,3.362216234
4198,1920,64.26577352,3.362216234
4200,1921,16.84617417,3.366845846
4201,1921,11.33075803,3.366845846
4203,1921,19.43462799,3.366845846
4204,1921,18.25242968,3.366845846
4205,1922,34.40578117,4.813605309
4206,1922,53.95257918,4.813605309
4208,1922,23.64042803,4.813605309
4209,1923,28.01537443,3.369160652
4211,1923,18.65063172,3.369160652
4215,1923,25.34929514,3.855167627
4217,1923,21.48456266,3.855167627
4219,1924,8.160870811,3.380734682
4220,1924,12.60641397,3.380734682
4221,1924,9.622949169,3.968593359
4222,1924,17.87131085,3.968593359
4224,1907,8.790353614,3.369160652
4227,1925,78.74489476,3.584438562
4230,1926,17.73912394,4.014994144
4231,1926,26.90569058,4.082019329
4233,1926,36.9114826,4.082019329
4234,1926,41.70851296,4.082019329
4235,1927,43.41817358,3.848222971
4236,1927,60.21679792,3.848222971
4238,1927,85.69563295,3.848222971
4240,1927,1873.162646,3.848222971
4244,1928,36.63433605,4.065815449
4245,1928,27.68002858,4.065815449
4246,1929,18.28701238,3.968593359
4248,1930,17.81504609,4.007945538
4249,1930,7.373463012,4.007945538
4250,1931,11.39718598,3.880630493
4251,1931,15.08417131,3.880630493
4253,1932,332.2539783,3.968593359
4254,1932,29.7032198,3.968593359
4256,1932,28.83793387,3.968593359
4257,1934,10.78807816,4.065815449
4258,1934,13.68104979,4.065815449
4259,1934,11.2668534,4.348097801
4260,1935,6.225622297,4.855167389
4261,1935,16.780955,4.855167389
4263,1935,19.48030416,4.526338577
4264,1936,13.83257127,3.931556463
4266,1936,22.73275663,4.693005085
4268,1936,62.76988589,4.693005085
4271,1936,71.50880892,4.693005085
4273,1938,25.15331345,4.334208965
4274,1938,44.62636507,4.334208965
4277,1939,83.23557312,4.408283234
4278,1947,45.25228202,4.408283234
4281,1939,99.54845542,4.408283234
4282,1947,64.8080526,4.408283234
4283,1947,48.22665945,4.408283234
4285,1947,48.48138708,4.843500614
4287,1940,64.70007736,4.361986637
4288,1940,72.74362252,4.361986637
4290,1940,53.48502164,4.781000614
4294,1941,29.68191298,5.017111778
4297,1942,33.18079533,4.845782757
4299,1942,18.6824052,5.262482166
4301,1943,20.71662825,4.334208965
4303,1943,20.14583197,4.778686047
4308,1854,21.35312655,4.799519062
5134,2169,584.1075817,1.93827188
5135,2169,75.1488069,3.847478628
5136,2170,33.60866025,2.172068119
5137,2170,9.060373469,4.11368227
5140,2171,626.3413504,1.857253313
5141,2171,612.4149276,1.857253313
5142,2171,212.2344551,1.857253313
5144,2172,10.44911377,1.64891994
5146,2172,37.24296796,1.604167223
5149,2172,61.8249288,1.604167223
5152,2174,509.2512183,5.704706669
5156,997,57.37094836,5.889892101
5157,996,67.03624031,5.889892101
5160,2175,11.79029329,5.829706669
5162,996,126.4160545,5.889892101
5165,997,61.65769954,5.889892101
5166,2176,22.04164127,5.704706669
5169,2174,337.6738003,5.704706669
5170,649,51.94849891,5.688503265
5171,1673,10.6548024,5.690817833
5173,2177,53.80885158,5.751003265
5174,2182,36.79677079,7.62240839
5175,2182,44.25693917,6.746373653
5176,2182,27.92476923,6.746373653
5177,2178,10.83227381,5.707021713
5178,2202,28.97391605,6.746373653
5179,2202,39.63077706,6.746373653
5180,2202,43.61701139,6.746373653
5181,2201,4.961639751,6.746373653
5182,2179,7.968516418,5.700077057
5183,2178,13.02499215,5.707021713
5184,2180,29.46435957,6.638611794
5185,2180,12.76530485,6.638611794
5187,2200,46.77063756,5.707021713
5387,2221,72.5625017,7.932926655
5388,2181,27.49581117,8.349593163
5389,2222,24.41507714,8.779222488
5390,2222,21.59992433,8.779222488
5391,2222,26.72047469,8.779222488
5392,2223,18.48797861,8.735240936
5393,2223,16.16934259,8.328760147
5394,2224,12.00990374,8.749130249
5395,2224,6.860408248,8.749130249
5397,1213,13.84980645,8.749130249
5398,1213,13.29993423,8.749130249
5399,1213,12.19209874,8.749130249
5400,2225,39.46643791,6.212369442
5403,643,74.48009667,7.152288437
5404,643,65.77269368,8.684315681
5406,2244,18.35816164,7.840969563
5407,2244,26.41773466,7.840969563
5408,2244,17.70017607,7.840969563
5410,2245,22.65155614,7.854858398
5411,2245,15.93881326,7.854858398
5412,2246,6.811991268,7.579031467
5413,2246,7.449740109,7.579031467
5414,2247,11.69341735,7.551253796
5415,2247,10.84633183,7.551253796
5433,2248,668.5956756,4.00532198
5436,1849,955.0430446,3.70902586
5438,2248,696.7567393,3.70902586
5439,2248,632.1051875,3.70902586
5440,1849,907.9699508,3.70902586
5443,2249,348.8179949,3.70902586
5444,2249,474.4950096,3.70902586
5445,1849,786.7890678,3.70902586
5446,2248,472.3969964,3.70902586
5447,2249,463.7637065,3.70902586
5451,2251,1310.119228,5.109488487
5456,2251,1014.607297,5.109488487
5457,2251,376.3387085,5.109488487
5458,2251,319.9764382,5.109488487
5460,2252,41.8187606,4.505322456
5461,2252,22.7468191,4.505322456
5462,2252,38.7847034,4.505322456
5464,2253,76.07054347,4.00532198
5465,2253,55.59739413,4.00532198
5466,2253,74.70991568,4.00532198
5467,2249,378.819553,3.70902586
5469,2254,184.0622823,5.222549915
5470,2254,115.9985335,5.222549915
5471,2254,248.7450792,5.222549915
5472,2241,24.39817522,5.222549915
5473,2254,125.6704359,3.70902586
5474,2265,6.504138113,3.70902586
5475,2266,28.80767224,3.70902586
5477,2241,108.5364054,3.70902586
5478,2262,19.7861316,3.70902586
5479,2241,482.8969821,3.70902586
5481,2263,74.40617853,3.70902586
5486,2264,202.2582617,3.70902586
5488,2263,82.76284881,3.70902586
5489,2241,542.4560889,3.70902586
5490,2263,231.1554355,3.70902586
5491,2264,110.2207464,3.70902586
5494,2264,105.2169215,3.70902586
5495,2256,36.8129786,3.581711054
5496,2256,32.61575901,3.581711054
5497,2256,60.87664033,3.581711054
5498,2256,31.97151595,3.581711054
5499,2255,9.314738532,3.567822218
5500,2257,44.92027723,3.567822218
5501,1943,93.32285057,3.567822218
5503,2257,40.71337993,3.567822218
5504,2258,19.38561566,3.567822218
5505,2258,21.94958862,3.567822218
5507,2259,70.02706851,3.58402586
5508,2259,83.59159367,3.58402586
5509,2259,111.2144912,3.58402586
5511,2259,55.12070972,5.210976124
5512,1940,25.93524062,3.58402586
5513,2260,13.24369195,5.188192368
5514,2260,8.648260641,5.188192368
5517,2242,22.77754187,4.00532198
5518,2242,19.36950113,4.00532198
5519,2242,12.04117311,4.00532198
5520,2267,28.72015383,3.58402586
5521,2267,35.87024317,5.210976124
5522,2267,11.32758792,5.210976124
5523,2226,10.09467216,5.229494572
5524,2226,39.98656599,5.229494572
5525,2227,16.09592936,5.250327587
5526,2227,5.517007812,5.250327587
5527,2228,16.32051952,5.250327587
5528,2229,11.01707746,5.398476124
5530,1854,17.94643371,5.250327587
5531,1854,10.15870527,5.250327587
5532,2243,65.82086655,5.43551302
5533,2230,62.57098275,5.229494572
5534,2268,6.284263708,5.229494572
5538,2269,627.6510835,4.726143837
5539,2269,563.6218641,4.587255001
5546,2231,9.39055346,4.385866165
5547,2231,8.538087416,4.385866165
5548,2231,20.5740566,4.385866165
5549,2232,24.09863733,4.478458881
5550,2232,8.633523974,4.478458881
5551,2232,13.19286954,4.478458881
5552,2232,14.88202394,4.399696827
5553,2234,21.88424783,4.531699657
5554,2233,205.6707984,4.339511871
5556,2233,50.45971312,4.339511871
5557,2233,71.41758126,4.339511871
5560,2239,14.00992308,4.415900707
5561,2239,7.301250329,4.415900707
5564,2235,83.8656187,4.311733723
5566,2235,60.58113333,4.356846809
5568,2235,64.10480733,4.356846809
5570,2236,13.43981988,4.354532242
5571,2236,24.34420701,4.354532242
5572,2236,71.46359985,4.354532242
5573,2237,12.05303776,4.141569138
5574,2238,20.92085074,4.250365257
5575,2271,10.72657048,5.362659454
5576,2272,12.32133854,5.418215275
5580,2273,16.63933387,5.44373703
5581,2270,82.65383792,5.44373703
5582,2292,294.1819172,5.44373703
5583,2270,60.33074302,5.44373703
5584,2292,301.6479136,5.44373703
5587,2270,58.73154021,5.44373703
5588,2292,229.2530197,5.44373703
5590,2292,156.9411899,5.44373703
5594,2274,56.69483592,5.614974499
5596,2274,69.00822322,5.614974499
5599,2275,6.606295194,5.506177902
5600,2275,4.70708174,5.506177902
5602,2278,19.48649604,5.42753315
5603,2276,30.10189938,5.42753315
5605,2277,66.75635605,5.903143883
5606,2277,105.8459004,5.903143883
5608,2277,208.9953425,5.798977375
5616,1201,73.76330343,5.570992947
5618,1201,66.04864089,5.974903107
5619,1201,104.0780028,5.974903107
5620,2279,472.0476538,5.570992947
5621,2280,361.5049622,5.570992947
5622,2279,713.2287189,5.570992947
5624,2280,127.5241681,5.570992947
5628,2280,49.82593987,5.570992947
5630,2279,713.5775716,5.570992947
5641,2281,33.16605957,5.501607418
5642,2281,89.87466924,5.501607418
5663,2288,11.97353822,5.486486912
5665,2286,11.84128289,5.336023808
5666,2286,12.27258856,5.324450016
5667,1174,222.3971996,2.779832125
5677,2291,13.61968961,1.724276423
5678,2289,12.54781896,3.58741045
5680,2289,55.86065123,3.58741045
5681,2289,34.17040764,3.58741045
5684,2290,43.75386863,2.779832125
5685,2288,4.603081769,5.486486912
5690,2293,27.95246368,6.206139088
5691,2293,20.66806678,6.206139088
5695,2329,23.03824477,3.350030899
5696,785,95.02018211,3.072253227
5698,2330,162.3098404,2.332903147
5699,2330,73.45202272,2.332903147
5700,2331,50.96417131,2.383829117
5701,2345,34.25476717,2.332903147
5702,2345,20.2189093,2.332903147
5703,2345,11.87836714,2.332903147
5705,2332,66.45795805,2.332903147
5706,2332,83.16549781,2.332903147
5707,2333,22.565505,2.288921833
5710,2317,2.494497059,2.383829117
5711,2334,21.92523857,2.935352087
5712,2334,10.74945434,2.935352087
5713,2318,18.63758941,3.000166893
5715,2336,21.86170781,4.444611549
5716,2336,26.3986257,4.444611549
5717,2336,9.255091343,4.444611549
5720,2294,17.07848502,4.444611549
5721,2294,17.77352072,4.444611549
5722,2294,5.937023166,4.444611549
5723,2346,31.6928002,3.479333639
5724,2319,21.45518013,4.604333878
5727,2295,11.62665174,4.470074177
5728,2295,11.10925136,4.470074177
5729,2295,15.68247957,4.526673794
5730,2296,14.5369733,4.250166893
5731,2296,11.65164355,4.250166893
5733,2296,9.6771863,4.422507286
5735,2348,16.0872301,4.375166893
5736,2348,38.66483014,4.515099525
5750,2297,34.14520589,8.245371819
5754,2298,55.92358502,8.635687828
5755,2298,15.85798741,8.152778625
5756,2349,14.5970334,8.152778625
5757,2298,29.92303163,8.152778625
5758,2298,41.35993967,8.152778625
5759,2349,8.684289928,8.152778625
5760,2299,17.00657416,8.405094147
5763,2300,33.82488428,5.436020374
5764,2300,39.9937468,5.436020374
5765,2300,26.02213877,5.436020374
5769,2301,6.059370446,5.915187359
5770,2301,6.621846768,5.915187359
5771,2301,19.55355719,5.915187359
5772,2302,99.26544274,5.753149986
5773,2303,120.4162724,5.095556736
5774,2302,47.40970831,5.023797512
5776,2304,49.33311133,5.139538288
5777,2306,14.42558575,4.485681057
5778,2306,17.37298468,4.485681057
5779,2307,14.44438006,4.469477177
5780,2307,18.52835591,4.469477177
5781,2307,23.9232946,4.406977177
5782,2306,17.5835571,4.485681057
5784,2308,87.64561433,4.418551445
5785,2341,200.7552688,4.391370773
5786,2309,9.199617211,4.391370773
5787,2309,3.518582653,4.391370773
5788,2309,4.500924788,4.391370773
5789,2341,82.94544442,4.391370773
5791,2310,201.4564703,4.363593102
5793,2308,876.9990578,4.363593102
5794,2341,179.9433288,4.363593102
5798,2312,114.4301662,5.541837692
5799,2312,87.08532922,5.541837692
5800,2313,15.83967194,5.541837692
5801,2312,103.2853783,5.541837692
5805,2316,7.009077125,4.23904705
5807,2314,40.86972719,4.853133678
5808,2315,35.59509686,4.67720747
5811,2320,8.744799467,3.88719511
5812,2320,13.53633259,3.88719511
5814,2321,6.151786968,4.07469511
5815,2321,7.849464376,4.07469511
5816,2342,14.27219746,3.450356007
5817,2342,29.28792947,3.450356007
5818,2322,32.17033487,3.450356007
5819,2322,54.67842491,3.450356007
5820,2343,30.38961234,3.450356007
5822,2347,70.84276959,3.662656546
5823,2323,23.01739039,3.410341501
5824,2238,42.41709678,0.84609133
5826,2238,53.37943878,0.718443751
5828,2237,71.33993622,0.760443151
5829,2237,21.52652071,0.648999333
5830,2324,58.17051371,1.431406498
5831,2324,56.31493204,1.431406498
5832,2324,75.31636135,1.431406498
5833,2324,67.33605408,1.560708404
5834,2344,19.76831583,1.431406498
5835,2344,37.15975513,1.560708404
5836,2344,18.31620748,1.560708404
5837,2305,18.98560127,1.17909193
5839,2305,34.55756966,1.17909193
5840,2305,50.77969207,1.17909193
5841,2325,35.16323406,0.625851154
5842,2325,42.13338827,0.625851154
5843,2325,39.19750503,0.625851154
5844,2325,28.69659251,1.069967628
5845,2326,28.79379626,1.090801001
5846,2326,54.56615198,1.090801001
5847,2326,42.94663894,1.090801001
5848,2327,45.92003315,1.933393598
5849,2327,17.33018591,1.933393598
5851,2327,9.833010166,1.933393598
5852,2311,8.653138873,1.266726851
5853,2311,23.78474887,1.266726851
5854,2328,28.31845973,1.340801001
5855,2328,45.73837016,1.340801001
5856,2335,24.1903799,1.998208404
5857,2335,59.68657387,1.998208404
5858,2335,41.13952121,2.611144066
5860,2339,154.5339744,1.560708404
5862,2337,9.243705186,1.972255111
5863,2337,6.922094587,1.972255111
5865,2338,24.01979747,1.942162514
5866,2340,7.405305133,2.078736544
5979,721,32.30892794,2.245165586
5980,2394,278.9063276,1.973931909
5983,933,26.22179325,3.299073219
5991,2395,21.58700877,2.16606164
5992,2395,30.49730084,2.16606164
5996,724,28.7154776,2.214672565
5997,724,21.11249367,2.214672565
5998,724,124.0921351,2.214672565
5999,2410,25.45811975,2.698265553
6000,672,11.02608952,2.76770997
6001,672,30.22171789,2.76770997
6002,2397,62.04185253,2.779284239
6003,2397,746.6936825,2.779284239
6004,2397,1111.463199,2.779284239
6005,2397,930.2140232,2.779284239
6006,927,10.93589999,2.825580359
6007,826,101.678325,2.890395164
6012,770,23.25110426,1.548005939
6013,767,73.25757975,1.765598536
6014,774,72.60484018,1.765598536
6016,774,226.6155035,1.765598536
6017,767,13.42456826,1.765598536
6022,774,242.9374733,1.765598536
6025,955,10.82354115,1.765598536
6026,955,79.53749403,1.765598536
6036,2350,448.8658975,2.795487881
6037,2350,309.1913587,2.499394655
6038,709,29.15745477,2.455413342
6039,1101,27.53375063,1.351246715
6040,709,11.65077101,2.825580359
6041,1101,27.42267483,1.351246715
6042,1101,10.92263243,2.494562387
6043,709,11.17987086,2.825580359
6045,2399,10.2044509,2.455413342
6046,2351,239.5955278,1.392913342
6047,2351,266.8784022,2.239932537
6048,2351,258.1388386,2.239932537
6050,960,25.27329956,1.392913342
6051,960,49.27601247,1.392913342
6052,1103,119.6943603,1.337357879
6053,1103,51.30137085,1.337357879
6056,638,65.90023013,1.337357879
6058,2416,10.93354273,1.466987491
6061,2352,18.41075835,1.383654118
6063,2352,12.81049275,2.767710686
6064,2352,6.581776535,2.767710686
6068,2353,73.08229208,2.307062149
6069,2353,77.35265371,2.307062149
6070,1334,130.4400106,4.571649551
6071,2353,25.78082648,3.588424921
6072,1522,27.62110038,4.571649551
6073,1522,9.142200548,4.571649551
6076,1111,18.56800396,2.272340059
6078,1111,37.08472322,2.272340059
6080,1111,16.40532892,3.442591667
6083,1110,23.08898952,2.283914089
6084,2417,10.16063961,2.272340059
6085,2418,38.24309737,2.272340059
6086,1110,27.26389844,3.512036085
6089,2417,14.55427484,3.442591667
6090,2418,29.82761863,3.442591667
6091,2418,118.761706,3.442591667
6092,1110,21.92819195,3.512036085
6093,2418,46.33751294,3.442591667
6095,2354,36.91171776,3.512036085
6097,2354,29.89304484,3.512036085
6099,2354,19.54403936,3.512036085
6101,1123,22.64989943,3.512036085
6102,1123,9.004374391,3.512036085
6103,1123,23.17468065,3.512036085
6105,2355,52.32290468,3.393980503
6106,2355,65.75498323,3.393980503
6108,2355,20.48450498,3.393980503
6110,2422,15.09004808,3.711110115
6111,2356,14.17264804,3.618517637
6112,2411,15.8163688,3.588424921
6114,1640,63.90767958,3.116202831
6118,2357,100.4616889,3.637036085
6119,693,13.13913324,3.637036085
6120,2358,9.793738269,4.898038387
6121,2359,26.18160234,4.884149551
6127,2361,93.18074622,3.060188532
6129,2361,84.82951578,3.060188532
6130,2362,13.21127643,3.277803421
6131,2362,11.61837881,3.523151636
6132,2362,46.13581348,3.523151636
6133,2363,267.1305837,3.52083683
6134,2363,242.0253895,3.52083683
6135,2364,76.56623,3.52083683
6136,2365,13.49375167,3.428244114
6137,2366,23.33643409,3.372688532
6138,2412,4.686650645,3.428244114
6140,2366,24.42769691,3.372688532
6141,2412,5.713058107,3.428244114
6144,2401,100.2980911,1.630486965
6150,785,41.59113586,2.137431383
6152,785,50.98854765,2.137431383
6153,2367,52.27542389,1.831875801
6155,2367,62.25541493,1.831875801
6158,2368,18.56049127,2.019068003
6160,2368,23.69863466,2.019068003
6161,2368,35.95553574,2.019068003
6162,2368,18.59032596,2.019068003
6163,2368,15.9670965,2.231827974
6165,2369,23.91437789,2.049160719
6166,2413,7.33120991,2.049160719
6168,2370,42.50522307,2.035271883
6169,2370,164.2492886,2.035271883
6170,2370,257.2558346,2.035271883
6176,2371,15.594007,2.035271883
6177,2371,7.056426128,2.035271883
6178,2371,8.505013436,2.298957586
6180,2372,19.96474421,2.053790331
6181,2824,16.53696443,2.275809288
6182,2398,14.01240449,2.82870698
6245,2409,9.988928387,2.385968924
6254,2442,258.0139142,3.222873211
6256,2433,27.71500155,3.518957138
6257,2433,10.43591579,3.518957138
6258,2434,89.00880693,3.368494034
6259,2434,39.92819714,3.368494034
6260,2434,79.53630656,3.368494034
6262,2435,20.03690353,3.928679228
6263,2435,41.81272881,3.928679228
6265,2436,10.07712667,3.516642332
6266,2436,10.90163893,3.516642332
6267,2436,13.360297,3.516642332
6269,2437,33.74218259,5.483335018
6270,2437,46.40564934,5.483335018
6271,2437,33.28292249,5.483335018
6272,2437,89.75018145,5.483335018
6274,2438,13.67038158,5.483335018
6275,2438,9.490296483,5.483335018
6277,2439,23.49033231,7.144049168
6279,2440,62.0584214,7.144049168
6282,2441,28.66762884,6.854697227
6284,2447,247.1728385,6.797839165
6285,2447,210.8291951,6.797839165
6286,2447,175.937209,7.343694687
6288,2347,247.263535,5.70987606
6296,2323,31.7934535,6.693231583
6302,2443,38.10606013,6.906194687
6303,774,200.2043783,5.522213459
6305,955,61.56853584,5.522213459
6311,638,18.75218115,5.258324623
6312,2449,21.08858099,5.290731907
6313,2416,220.0160655,5.415731907
6318,2437,30.41284075,5.054274559
6322,2444,67.96865544,5.042700291
6325,2444,133.659862,4.447508812
6329,2445,10.01422545,3.617888451
6330,2445,45.82510485,3.482000113
6332,2445,40.69015051,3.482000113
6333,2332,15.92896415,7.708219528
6337,2450,42.29013616,5.438934803
6338,2450,26.6399073,5.438934803
6340,2450,25.05417876,5.438934803
6341,2451,24.6810777,6.506458282
6342,2376,9.665040494,5.653049946
6344,2483,32.15554258,6.477637291
6345,2483,20.35183752,6.477637291
6346,2483,37.76587846,6.477637291
6347,2484,31.15569609,4.536985874
6352,1699,29.29690927,7.875785351
6353,1699,11.84403656,7.875785351
6425,1206,41.55585461,6.379535198
6427,1582,52.13935807,6.749905586
6428,1582,49.37805939,6.749905586
6458,2522,13.04616056,5.963409424
6459,2522,11.5506912,5.963409424
6460,2523,16.54881146,5.935631752
6461,2523,39.72370147,5.935631752
6462,2524,10.62892457,5.905539036
6463,2522,15.86184778,5.963409424
6464,2484,25.73774511,4.973293781
6465,2484,15.1148944,4.973293781
6468,1361,37.1400318,5.541275024
6470,2525,280.4859636,5.541275024
6471,1361,39.20333328,5.541275024
6479,2526,48.15805737,5.904700756
6481,2529,75.19954537,5.241812229
6482,2527,360.2211995,5.241812229
6483,2528,167.2602187,5.723293304
6487,2528,104.779136,6.772756577
6488,2528,117.0932714,6.772756577
6489,2516,21.45442055,4.484867573
6490,2516,8.686575483,4.484867573
6491,2516,9.485021922,5.025071144
6492,2517,21.6376026,3.987182617
6494,2517,22.08729443,3.987182617
6496,1726,42.80865753,3.802849054
6497,2518,22.29894318,5.496472836
6501,2519,63.60057364,5.245051861
6502,2520,22.46373553,5.109242916
6503,2521,135.0325154,5.18949604
6504,2171,70.96957562,4.981720448
6505,2172,41.65124416,2.586628199
6506,2172,35.39248532,2.586628199
6507,2172,22.09950089,2.586628199
6509,2171,107.2681371,4.981720448
6511,2171,202.9439579,4.981720448
6514,2530,30.22605801,6.778216839
6515,2530,43.61842568,6.516643047
6664,1582,55.36795183,3.021624327
6666,1587,176.5994339,3.021624327
6667,1587,240.4131293,3.021624327
6671,2562,42.40160531,3.963904381
6672,2564,18.04049191,3.785663843
6673,2564,20.44539069,3.785663843
6675,1585,136.4241561,3.743997097
6676,1585,173.8852379,3.743997097
6683,2563,12.63634871,3.945385933
6793,2655,15.54134015,6.655903339
6794,2656,9.889939811,6.709144115
6795,2657,16.54242854,6.709144115
6802,2660,24.18287392,6.616551876
6803,2651,238.6384244,6.616551876
6812,2652,315.4939671,6.405903339
6815,2651,167.4658574,6.616551876
6816,2660,27.52402401,6.616551876
6817,2653,269.8039365,6.799422264
6818,2653,142.1742461,6.799422264
6820,2661,20.55483928,6.799422264
6822,2651,117.9671476,6.616551876
6823,2658,265.0182862,6.405903339
6825,2652,501.6914641,6.405903339
6826,2654,36.3835435,6.310996056
6829,2521,7.706413964,4.77589035
6830,1202,13.38674387,6.834144115
6831,2662,7.346659111,6.834144115
6833,2663,5.369762596,4.787464142
6834,2663,19.62674288,4.787464142
6835,2664,35.25191545,5.973877907
6836,2665,57.90640979,6.010915279
6838,2649,145.6856807,5.698415279
6845,2440,36.22574984,5.622026443
6847,2657,20.22303189,5.878970623
6849,2487,21.25601217,5.446100235
6850,2487,60.34548603,6.627243996
6851,2666,28.37999268,7.321688652
6852,2346,16.30974198,7.35641098
6853,1206,7.975937569,7.35641098
6855,1206,17.74218911,7.35641098
6856,2432,62.49078793,7.057799816
6857,2432,21.26092581,8.208031654
6858,2667,134.150881,6.8402071
6861,2668,11.70280362,6.727611542
6862,2668,13.82736355,6.727611542
6864,748,14.15947921,6.328999043
6865,748,11.44591111,6.328999043
6920,2714,74.51171935,7.044349194
6959,2747,19.87893254,11.67021656
6962,2749,33.77504009,11.84559727
6963,2748,9.187768917,11.84559727
6982,2786,8.357888029,10.91109085
6983,2785,22.7554243,10.91109085
6984,2785,8.901989759,10.91109085
6986,2784,32.55144407,10.19468975
