,level_0,index,PerformerExperimentID,FacilityID,EquipmentUnitID,DateOfSurvey,Operator_Timestamp,StartTime,EndTime,SurveyTime,Gas,PlumeLength (hyperspectral technologies only),FacilityEmissionRate,FacilityEmissionRateUpper,FacilityEmissionRateLower,UncertaintyType,WindSpeed,WindDirection,TransitDirection,QC filter,NumberOfEmissionSourcesReported,Stanford_timestamp,Round 3 test set,WindType,OperatorSet,UnblindingStage,Notes,Satellite,Team,UncertaintyTypeManual,WindSpeedLow,WindSpeedHigh,cr_quad_scfh,PipeSize_inch,MeterCode,cr_allmeters_scfh,Flag_field_recorded,cr_Coriolis_gps,cr_scfh_mean30,cr_scfh_mean60,cr_scfh_mean90,cr_scfh_mean300,cr_scfh_mean600,cr_scfh_mean900,TestLocation,Wind_MPS_mean30,Wind_MPS_mean60,Wind_MPS_mean90,Wind_MPS_mean300,Wind_MPS_mean600,Wind_MPS_mean900,Wind_dir_mean30,Wind_dir_mean60,Wind_dir_mean90,Wind_dir_mean300,Wind_dir_mean600,Wind_dir_mean900,Wind_MPS_sd30,Wind_MPS_sd60,Wind_MPS_sd90,Wind_MPS_sd300,Wind_MPS_sd600,Wind_MPS_sd900,Wind_dir_sd30,Wind_dir_sd60,Wind_dir_sd90,Wind_dir_sd300,Wind_dir_sd600,Wind_dir_sd900,cr_start,cr_end,cr_idx,PlumeLength_m,PlumeEstablished,PlumeDevelopTime,PlumeSteady,tc_Classification,Detection,cr_kgh_CH4_mean30,cr_kgh_CH4_lower30,cr_kgh_CH4_upper30,cr_kgh_CH4_mean60,cr_kgh_CH4_lower60,cr_kgh_CH4_upper60,cr_kgh_CH4_mean90,cr_kgh_CH4_lower90,cr_kgh_CH4_upper90,cr_kgh_CH4_mean300,cr_kgh_CH4_lower300,cr_kgh_CH4_upper300,cr_kgh_CH4_mean600,cr_kgh_CH4_lower600,cr_kgh_CH4_upper600,cr_kgh_CH4_mean900,cr_kgh_CH4_lower900,cr_kgh_CH4_upper900
0,1672,,1,1,1,,2021-10-16 17:26:40+00:00,,,,Methane,,1382,1920.98,843.02,39%,3.72,,,,,2021-10-16 17:26:40+00:00,,,GHGSat C2/GHGSat,1,,GHGSat C2,GHGSat,+/- 1 sigma,,,90419.82,8,218645,90419.82,TRUE,,90591.936,90977.237,90404.87644,92336.07887,92646.23762,89141.35174,AZ,4.886,4.8775,4.998444444,4.329133333,4.6682,4.6682,22.3,27.91666667,29.87777778,30.71,31.15,32.54222222,0.686367751,0.629470116,0.605395054,0.910357669,0.989329764,0.989329764,9.370349421,10.29446398,9.255217512,34.32559865,25.12674051,28.29530821,2021-10-16 17:10:03+00:00,0,2001,4474.545,TRUE,16.61666667,TRUE,TP,1,1633.037125,1534.430086,1732.480768,1637.408287,1534.894823,1740.780487,1625.073346,1530.661957,1727.337276,1667.889831,1570.464793,1779.495469,1697.119999,1553.816116,1864.022376,1686.851597,1495.228521,1888.05286
1,1724,,1,1,1,,2021-10-16 17:26:40+00:00,,,,Methane,,1534,1886,1181,23%,4.27,,,,,2021-10-16 17:26:40+00:00,,,GHGSat C2/GHGSat,2,,GHGSat C2,GHGSat,+/- 1 sigma,,,90419.82,8,218645,90419.82,TRUE,,90591.936,90977.237,90404.87644,92336.07887,92646.23762,89141.35174,AZ,4.886,4.8775,4.998444444,4.329133333,4.6682,4.6682,22.3,27.91666667,29.87777778,30.71,31.15,32.54222222,0.686367751,0.629470116,0.605395054,0.910357669,0.989329764,0.989329764,9.370349421,10.29446398,9.255217512,34.32559865,25.12674051,28.29530821,2021-10-16 17:10:03+00:00,0,2001,4474.545,TRUE,16.61666667,TRUE,TP,1,1634.139773,1535.743107,1733.976874,1636.772476,1533.830951,1738.761635,1629.726277,1535.441143,1728.317967,1671.192685,1565.551693,1773.164358,1694.356406,1544.091848,1826.400549,1664.343187,1493.249938,1876.415357
2,1673,,2,1,1,,2021-10-24 17:35:19+00:00,,,,Methane,,3848,5772,1924,50%,2.01,,,,,2021-10-24 17:35:19+00:00,,,GHGSat C2/GHGSat,1,,GHGSat C2,GHGSat,+/- 1 sigma,,,235496,8,218645,235496,FALSE,,234785,234745.2833,234765.1,234940.8567,234874.5117,233651.32,AZ,1.713333333,2.011666667,2.247222222,2.6411,2.807,2.807,255.6666667,264.1333333,268.2,277.87,278.985,287.3433333,0.328563575,0.404856814,0.488991229,0.490319454,0.441662514,0.441662514,8.297624643,10.82599926,11.02622003,12.35754005,12.89749397,16.50701506,2021-10-24 17:19:20+00:00,0,2008,2621.325,TRUE,15.98333333,TRUE,TP,1,4238.207324,4007.344676,4472.83547,4225.825157,3997.886882,4469.596281,4238.202801,3992.407165,4488.922007,4223.446627,3998.263472,4484.857808,4238.145503,4002.961571,4487.774311,4216.02253,3990.286746,4465.095937
3,1725,,2,1,1,,2021-10-24 17:35:19+00:00,,,,Methane,,4408,5378,3438,22%,2.49,,,,,2021-10-24 17:35:19+00:00,,,GHGSat C2/GHGSat,2,,GHGSat C2,GHGSat,+/- 1 sigma,,,235496,8,218645,235496,FALSE,,234785,234745.2833,234765.1,234940.8567,234874.5117,233651.32,AZ,1.713333333,2.011666667,2.247222222,2.6411,2.807,2.807,255.6666667,264.1333333,268.2,277.87,278.985,287.3433333,0.328563575,0.404856814,0.488991229,0.490319454,0.441662514,0.441662514,8.297624643,10.82599926,11.02622003,12.35754005,12.89749397,16.50701506,2021-10-24 17:19:20+00:00,0,2008,2621.325,TRUE,15.98333333,TRUE,TP,1,4236.804199,4000.754844,4469.452847,4224.133866,4011.599063,4466.027469,4227.041316,3989.078694,4453.805044,4236.351317,4034.765134,4498.291022,4229.551134,4002.861846,4456.075687,4210.302115,3989.505816,4441.528761
4,1674,,3,1,1,,2021-10-25 17:24:37+00:00,,,,Methane,,223,305.51,140.49,37%,5.06,,,,,2021-10-25 17:24:37+00:00,,,GHGSat C2/GHGSat,1,,GHGSat C2,GHGSat,+/- 1 sigma,,,10878.2,2,218645,10878.2,FALSE,,10928.99,10939.61333,10940.06222,10957.80633,11027.27433,8191.102489,AZ,5.641666667,5.3595,5.311111111,4.816333333,4.81705,4.81705,202.8666667,201.1166667,199.9222222,203.37,212.0866667,213.3744444,0.608049926,0.57242104,0.584458732,0.772187889,0.82607938,0.82607938,4.174911383,4.239010384,4.724375656,12.60778679,15.58366366,13.88290505,2021-10-25 17:13:41+00:00,0,2010,3190.58,TRUE,10.93333333,TRUE,TP,1,197.1520706,185.8147931,208.5347256,196.6093775,186.0011955,207.8534318,196.8733608,185.7645847,208.5615246,197.3585758,186.3033602,208.6312204,198.4481354,187.7386477,210.0960731,147.709664,140.0863659,156.2364793
5,1726,,3,1,1,,2021-10-25 17:24:37+00:00,,,,Methane,,253,317,189,25%,5.93,,,,,2021-10-25 17:24:37+00:00,,,GHGSat C2/GHGSat,2,,GHGSat C2,GHGSat,+/- 1 sigma,,,10878.2,2,218645,10878.2,FALSE,,10928.99,10939.61333,10940.06222,10957.80633,11027.27433,8191.102489,AZ,5.641666667,5.3595,5.311111111,4.816333333,4.81705,4.81705,202.8666667,201.1166667,199.9222222,203.37,212.0866667,213.3744444,0.608049926,0.57242104,0.584458732,0.772187889,0.82607938,0.82607938,4.174911383,4.239010384,4.724375656,12.60778679,15.58366366,13.88290505,2021-10-25 17:13:41+00:00,0,2010,3190.58,TRUE,10.93333333,TRUE,TP,1,197.1824957,185.9337107,208.422684,197.0478836,187.1626789,208.555499,197.2299188,185.9031324,208.4928939,197.6590137,187.2347664,209.0564427,198.5553708,187.0998556,209.3301923,147.2539659,138.9729555,156.2916034
,,,,1,1,,2021-11-02 17:33:00+00:00,,,,Methane,NT,NT,NT,NT,NT,,,,,,2021-11-02 17:33:00+00:00,,,GHGSat C2/GHGSat,1,,GHGSat C2,GHGSat,,,,,2,218645,,FALSE,,,,,,,,AZ,,,,,,,,,,,,,,,,,,,,,,,,,,0,,,,,,NT,,,,,,,,,,,,,,,,,,,
,,,,1,1,,2021-11-02 17:33:00+00:00,,,,Methane,NT,NT,NT,NT,NT,,,,,,2021-11-02 17:33:00+00:00,,,GHGSat C2/GHGSat,2,,GHGSat C2,GHGSat,,,,,2,218645,,FALSE,,,,,,,,AZ,,,,,,,,,,,,,,,,,,,,,,,,,,0,,,,,,NT,,,,,,,,,,,,,,,,,,,
6,1676,,,1,1,,2021-11-03 17:22:00+00:00,,,,Methane,NT,NT,NT,NT,NT,,,,,,2021-11-03 17:22:00+00:00,,,GHGSat C2/GHGSat,1,,GHGSat C2,GHGSat,,,,6390.1,2,218645,6390.1,FALSE,,6371.826667,6375.115,6374.798889,6360.216,6341.75,6109.344667,AZ,3.702333333,3.573,3.401666667,2.9348,2.770516667,2.770516667,28.56666667,32.01666667,33.13333333,43.08,38.86,36.33333333,0.360580789,0.367281816,0.61938761,0.591624621,0.596010862,0.596010862,5.430966976,5.658327197,6.928527577,10.64823379,17.43618175,18.92882283,2021-11-03 17:07:48+00:00,0,2015,2907.63,TRUE,14.2,TRUE,NT,1,114.9714999,108.1761196,121.8631603,114.6608434,107.9718301,121.4051045,114.845314,107.8749324,122.0571932,114.4767128,107.2104595,121.7690062,114.1778646,107.0764148,121.0820576,110.2072963,103.9975816,116.6437419
7,1728,,,1,1,,2021-11-03 17:22:00+00:00,,,,Methane,NT,NT,NT,NT,NT,,,,,,2021-11-03 17:22:00+00:00,,,GHGSat C2/GHGSat,2,,GHGSat C2,GHGSat,,,,6390.1,2,218645,6390.1,FALSE,,6371.826667,6375.115,6374.798889,6360.216,6341.75,6109.344667,AZ,3.702333333,3.573,3.401666667,2.9348,2.770516667,2.770516667,28.56666667,32.01666667,33.13333333,43.08,38.86,36.33333333,0.360580789,0.367281816,0.61938761,0.591624621,0.596010862,0.596010862,5.430966976,5.658327197,6.928527577,10.64823379,17.43618175,18.92882283,2021-11-03 17:07:48+00:00,0,2015,2907.63,TRUE,14.2,TRUE,NT,1,115.000946,107.944856,121.9949576,114.625993,107.8411309,121.4164464,114.7924662,108.3653211,121.5256239,114.2742534,107.6447983,122.2405993,114.2127374,107.9342824,120.8570982,110.0673643,103.6025843,116.8692632
8,1677,,4,1,1,,2021-10-16 18:36:26+00:00,,,,Methane,445,2494,,,966,4.144341036,194.6463,,,,2021-10-16 18:36:26+00:00,,,PRISMA/LARS,1,,PRISMA,LARS,UT 1 sigma,,,129412.8,8,218645,129412.8,TRUE,,129561.17,130340.9983,127318.7107,130047.8209,131662.4619,134751.2221,AZ,8.348,7.8375,7.839888889,7.064633333,6.918116667,6.918116667,19.36666667,22.71666667,23.18888889,27.84,47.34666667,40.79555556,0.389326563,0.867553789,0.825543736,1.182840609,1.075932931,1.075932931,4.072475595,5.323728993,4.644422641,48.07652484,100.9871964,88.75228542,2021-10-16 18:11:14+00:00,0,2002,9804.84,TRUE,25.2,TRUE,TP,1,2336.479121,2201.902043,2473.196102,2348.693067,2227.185368,2488.123177,2296.948898,2177.558853,2434.950064,2353.561566,2214.081605,2494.980828,2416.986053,2224.687694,2615.97569,2506.321486,2211.27812,2778.235358
9,1701,,27,1,1,,2021-10-16 18:36:26+00:00,,,,Methane,703,2297,3149,1445,1-sigma confidence interval,3.8,359,191,,,2021-10-16 18:36:26+00:00,,,PRISMA/Kayrros,1,,PRISMA,Kayrros,+/- 1 sigma,,,129412.8,8,218645,129412.8,TRUE,,129561.17,130340.9983,127318.7107,130047.8209,131662.4619,134751.2221,AZ,8.348,7.8375,7.839888889,7.064633333,6.918116667,6.918116667,19.36666667,22.71666667,23.18888889,27.84,47.34666667,40.79555556,0.389326563,0.867553789,0.825543736,1.182840609,1.075932931,1.075932931,4.072475595,5.323728993,4.644422641,48.07652484,100.9871964,88.75228542,2021-10-16 18:11:14+00:00,0,2002,9804.84,TRUE,25.2,TRUE,TP,1,2336.539896,2201.412588,2470.105149,2341.663322,2214.505162,2479.033615,2290.258095,2153.94469,2439.179685,2352.729305,2211.283543,2496.122474,2400.72917,2215.47462,2613.523913,2515.412055,2225.954187,2835.72904
10,1729,,4,1,1,,2021-10-16 18:36:26+00:00,,,,Methane,445,3778,,,1614,6.943938356,,,,,2021-10-16 18:36:26+00:00,,,PRISMA/LARS,2,,PRISMA,LARS,UT 1 sigma,,,129412.8,8,218645,129412.8,TRUE,,129561.17,130340.9983,127318.7107,130047.8209,131662.4619,134751.2221,AZ,8.348,7.8375,7.839888889,7.064633333,6.918116667,6.918116667,19.36666667,22.71666667,23.18888889,27.84,47.34666667,40.79555556,0.389326563,0.867553789,0.825543736,1.182840609,1.075932931,1.075932931,4.072475595,5.323728993,4.644422641,48.07652484,100.9871964,88.75228542,2021-10-16 18:11:14+00:00,0,2002,9804.84,TRUE,25.2,TRUE,TP,1,2335.645058,2197.562472,2473.78878,2343.814175,2221.498611,2486.75551,2295.063451,2167.476157,2433.101613,2352.252965,2215.592724,2505.239044,2413.201831,2231.580765,2604.563545,2519.782566,2215.825848,2810.307214
11,1753,,27,1,1,,2021-10-16 18:36:26+00:00,,,,Methane,703,3379,4328,2430,1-sigma confidence interval,6.18,15.1,191,,,2021-10-16 18:36:26+00:00,,,PRISMA/Kayrros,2,,PRISMA,Kayrros,+/- 1 sigma,,,129412.8,8,218645,129412.8,TRUE,,129561.17,130340.9983,127318.7107,130047.8209,131662.4619,134751.2221,AZ,8.348,7.8375,7.839888889,7.064633333,6.918116667,6.918116667,19.36666667,22.71666667,23.18888889,27.84,47.34666667,40.79555556,0.389326563,0.867553789,0.825543736,1.182840609,1.075932931,1.075932931,4.072475595,5.323728993,4.644422641,48.07652484,100.9871964,88.75228542,2021-10-16 18:11:14+00:00,0,2002,9804.84,TRUE,25.2,TRUE,TP,1,2336.057536,2201.64254,2470.842743,2350.327526,2221.761579,2504.98694,2290.836324,2164.329803,2431.514542,2357.814148,2197.032295,2493.564287,2408.704994,2193.772774,2610.648204,2527.225912,2281.748453,2838.807254
12,1678,,5,1,1,,2021-10-21 18:23:12+00:00,,,,Methane,1004.9,4985,,,1691,2.736019525,169.1555,,,,2021-10-21 18:23:12+00:00,,,PRISMA/LARS,1,,PRISMA,LARS,UT 1 sigma,,,248685,8,218645,248685,FALSE,,249130.8667,249464.3167,250304.6333,248276.6867,239922.8433,237138.2289,AZ,3.081333333,3.664,3.743777778,4.048066667,3.937133333,3.937133333,35.33333333,38.86666667,41.91111111,34.9,36.96,38.57555556,0.529754226,0.711027426,0.638125023,0.765305541,0.74244539,0.74244539,5.026367258,5.247975127,7.688667342,9.497227196,9.834272802,9.600696479,2021-10-21 17:55:38+00:00,0,2005,6527.635,TRUE,27.56666667,TRUE,TP,1,4497.650287,4250.023255,4749.441531,4498.058757,4270.788021,4775.176317,4509.64927,4259.884692,4748.559194,4478.604527,4252.160341,4726.845647,4329.109375,4084.567353,4587.276279,4266.911707,4044.321001,4482.871999
13,1702,,28,1,1,,2021-10-21 18:23:12+00:00,,,,Methane,1228,3561,4401,2721,1-sigma confidence interval,2.2,6,191,,,2021-10-21 18:23:12+00:00,,,PRISMA/Kayrros,1,,PRISMA,Kayrros,+/- 1 sigma,,,248685,8,218645,248685,FALSE,,249130.8667,249464.3167,250304.6333,248276.6867,239922.8433,237138.2289,AZ,3.081333333,3.664,3.743777778,4.048066667,3.937133333,3.937133333,35.33333333,38.86666667,41.91111111,34.9,36.96,38.57555556,0.529754226,0.711027426,0.638125023,0.765305541,0.74244539,0.74244539,5.026367258,5.247975127,7.688667342,9.497227196,9.834272802,9.600696479,2021-10-21 17:55:38+00:00,0,2005,6527.635,TRUE,27.56666667,TRUE,TP,1,4495.541542,4247.836823,4746.336936,4491.3512,4239.431785,4755.087418,4512.260983,4288.737792,4750.972817,4477.601932,4248.557224,4728.693255,4321.598253,4088.502371,4528.769503,4264.549094,4036.926649,4475.540206
14,1730,,5,1,1,,2021-10-21 18:23:12+00:00,,,,Methane,1004.9,6469,,,2434,3.935766667,,,,,2021-10-21 18:23:12+00:00,,,PRISMA/LARS,2,,PRISMA,LARS,UT 1 sigma,,,248685,8,218645,248685,FALSE,,249130.8667,249464.3167,250304.6333,248276.6867,239922.8433,237138.2289,AZ,3.081333333,3.664,3.743777778,4.048066667,3.937133333,3.937133333,35.33333333,38.86666667,41.91111111,34.9,36.96,38.57555556,0.529754226,0.711027426,0.638125023,0.765305541,0.74244539,0.74244539,5.026367258,5.247975127,7.688667342,9.497227196,9.834272802,9.600696479,2021-10-21 17:55:38+00:00,0,2005,6527.635,TRUE,27.56666667,TRUE,TP,1,4493.650839,4251.062173,4748.16992,4488.899308,4244.478673,4767.73582,4499.840496,4258.15883,4767.109573,4472.244371,4228.329697,4732.062232,4323.908211,4083.24091,4573.812099,4272.268395,4054.746454,4482.920831
15,1754,,28,1,1,,2021-10-21 18:23:12+00:00,,,,Methane,1228,4781,5727,3835,1-sigma confidence interval,3.89,42.9,191,,,2021-10-21 18:23:12+00:00,,,PRISMA/Kayrros,2,,PRISMA,Kayrros,+/- 1 sigma,,,248685,8,218645,248685,FALSE,,249130.8667,249464.3167,250304.6333,248276.6867,239922.8433,237138.2289,AZ,3.081333333,3.664,3.743777778,4.048066667,3.937133333,3.937133333,35.33333333,38.86666667,41.91111111,34.9,36.96,38.57555556,0.529754226,0.711027426,0.638125023,0.765305541,0.74244539,0.74244539,5.026367258,5.247975127,7.688667342,9.497227196,9.834272802,9.600696479,2021-10-21 17:55:38+00:00,0,2005,6527.635,TRUE,27.56666667,TRUE,TP,1,4494.2166,4251.354408,4745.965906,4485.932117,4244.213497,4728.847996,4504.478678,4265.68855,4766.984779,4474.295477,4230.042217,4742.688708,4317.953957,4094.329644,4552.15687,4263.55873,4051.124136,4485.471173
16,1679,,6,1,1,,2021-10-27 18:26:30+00:00,,,,Methane,1020.9,7226,,,2890,5.155525006,183.9472,,,,2021-10-27 18:26:30+00:00,,,PRISMA/LARS,1,,PRISMA,LARS,UT 1 sigma,,,188145,8,218645,188145,FALSE,,187899.6,188305.3,188790.5444,190816.7067,192626.1333,182011.7511,AZ,3.937333333,4.453833333,4.421111111,4.088533333,3.746483333,3.746483333,59.9,64.06666667,63.93333333,51.00666667,45.85333333,52.35333333,0.680724428,0.718190031,0.632068913,0.796138159,0.902452307,0.902452307,6.019222083,6.390847976,6.227521375,17.1464269,17.31381247,17.63407688,2021-10-27 18:13:45+00:00,0,2011,2812.01,TRUE,12.75,TRUE,TP,1,3390.178454,3200.006298,3578.79198,3388.30272,3194.402871,3582.274573,3404.977397,3223.547729,3595.383956,3438.203997,3249.426429,3626.910071,3471.032808,3269.229351,3670.566032,3271.04195,3094.435944,3468.891495
17,1703,,29,1,1,,2021-10-27 18:26:30+00:00,,,,Methane,422,5479,6821,4137,1-sigma confidence interval,3.8,350,191,,,2021-10-27 18:26:30+00:00,,,PRISMA/Kayrros,1,,PRISMA,Kayrros,+/- 1 sigma,,,188145,8,218645,188145,FALSE,,187899.6,188305.3,188790.5444,190816.7067,192626.1333,182011.7511,AZ,3.937333333,4.453833333,4.421111111,4.088533333,3.746483333,3.746483333,59.9,64.06666667,63.93333333,51.00666667,45.85333333,52.35333333,0.680724428,0.718190031,0.632068913,0.796138159,0.902452307,0.902452307,6.019222083,6.390847976,6.227521375,17.1464269,17.31381247,17.63407688,2021-10-27 18:13:45+00:00,0,2011,2812.01,TRUE,12.75,TRUE,TP,1,3391.033018,3199.091268,3583.390244,3396.285392,3216.940693,3586.779527,3402.566213,3218.225202,3601.748859,3437.124732,3249.605828,3641.024615,3468.905871,3281.948955,3663.667453,3281.319334,3100.403799,3459.52219
18,1731,,6,1,1,,2021-10-27 18:26:30+00:00,,,,Methane,1020.9,5645,,,2098,3.744716667,,,,,2021-10-27 18:26:30+00:00,,,PRISMA/LARS,2,,PRISMA,LARS,UT 1 sigma,,,188145,8,218645,188145,FALSE,,187899.6,188305.3,188790.5444,190816.7067,192626.1333,182011.7511,AZ,3.937333333,4.453833333,4.421111111,4.088533333,3.746483333,3.746483333,59.9,64.06666667,63.93333333,51.00666667,45.85333333,52.35333333,0.680724428,0.718190031,0.632068913,0.796138159,0.902452307,0.902452307,6.019222083,6.390847976,6.227521375,17.1464269,17.31381247,17.63407688,2021-10-27 18:13:45+00:00,0,2011,2812.01,TRUE,12.75,TRUE,TP,1,3390.402133,3201.960475,3581.731307,3385.400593,3192.427841,3590.035215,3401.055973,3221.411619,3614.48454,3432.220023,3250.666017,3630.594594,3466.579083,3291.305384,3669.595889,3282.390383,3110.370599,3471.638833
19,1755,,29,1,1,,2021-10-27 18:26:30+00:00,,,,Methane,422,5051,6454,3648,1-sigma confidence interval,3.36,46.7,191,,,2021-10-27 18:26:30+00:00,,,PRISMA/Kayrros,2,,PRISMA,Kayrros,+/- 1 sigma,,,188145,8,218645,188145,FALSE,,187899.6,188305.3,188790.5444,190816.7067,192626.1333,182011.7511,AZ,3.937333333,4.453833333,4.421111111,4.088533333,3.746483333,3.746483333,59.9,64.06666667,63.93333333,51.00666667,45.85333333,52.35333333,0.680724428,0.718190031,0.632068913,0.796138159,0.902452307,0.902452307,6.019222083,6.390847976,6.227521375,17.1464269,17.31381247,17.63407688,2021-10-27 18:13:45+00:00,0,2011,2812.01,TRUE,12.75,TRUE,TP,1,3391.12059,3199.014769,3585.652608,3389.317041,3202.610917,3605.975046,3395.192908,3237.246237,3576.930095,3433.888251,3220.786152,3631.337137,3470.116357,3282.70002,3673.682478,3278.469068,3095.22547,3477.532618
20,1680,,,1,1,,2021-11-02 18:29:00+00:00,,,,Methane,NT,NT,NT,NT,NT,,,,,,2021-11-02 18:29:00+00:00,,,PRISMA/LARS,1,,PRISMA,LARS,,,,61385.8,4,218645,61385.8,FALSE,,61434.90667,61450.77333,61480.38667,60867.71533,57491.60733,55935.97089,AZ,1.132666667,0.937833333,0.968555556,1.0563,0.952416667,0.952416667,308.2333333,270.0833333,285.6,292.1633333,280.835,266.9444444,0.216650574,0.276025617,0.267327855,0.275910127,0.297769661,0.297769661,103.8628683,137.598814,114.4891732,64.53815849,78.08623572,70.61167066,2021-11-02 18:14:40+00:00,0,2014,827.58,TRUE,14.33333333,TRUE,NT,1,1109.127165,1048.557799,1170.401021,1109.262469,1055.585219,1171.831869,1107.623725,1043.34501,1171.99447,1093.952405,1036.826809,1153.147817,1037.156166,984.5398141,1095.829932,1008.302716,954.1326401,1063.549102
21,1704,,,1,1,,2021-11-02 18:29:00+00:00,,,,Methane,NT,NT,NT,NT,NT,,,,,,2021-11-02 18:29:00+00:00,,,PRISMA/Kayrros,1,,PRISMA,Kayrros,,,,61385.8,4,218645,61385.8,FALSE,,61434.90667,61450.77333,61480.38667,60867.71533,57491.60733,55935.97089,AZ,1.132666667,0.937833333,0.968555556,1.0563,0.952416667,0.952416667,308.2333333,270.0833333,285.6,292.1633333,280.835,266.9444444,0.216650574,0.276025617,0.267327855,0.275910127,0.297769661,0.297769661,103.8628683,137.598814,114.4891732,64.53815849,78.08623572,70.61167066,2021-11-02 18:14:40+00:00,0,2014,827.58,TRUE,14.33333333,TRUE,NT,1,1108.347406,1048.060641,1171.066,1106.333424,1051.944973,1167.490591,1108.42742,1052.331681,1171.314051,1098.103088,1041.144092,1161.249007,1035.803328,982.5936916,1095.409662,1007.194192,952.4752357,1064.253634
22,1732,,,1,1,,2021-11-02 18:29:00+00:00,,,,Methane,NT,NT,NT,NT,NT,,,,,,2021-11-02 18:29:00+00:00,,,PRISMA/LARS,2,,PRISMA,LARS,,,,61385.8,4,218645,61385.8,FALSE,,61434.90667,61450.77333,61480.38667,60867.71533,57491.60733,55935.97089,AZ,1.132666667,0.937833333,0.968555556,1.0563,0.952416667,0.952416667,308.2333333,270.0833333,285.6,292.1633333,280.835,266.9444444,0.216650574,0.276025617,0.267327855,0.275910127,0.297769661,0.297769661,103.8628683,137.598814,114.4891732,64.53815849,78.08623572,70.61167066,2021-11-02 18:14:40+00:00,0,2014,827.58,TRUE,14.33333333,TRUE,NT,1,1108.337171,1048.658154,1169.471781,1107.325234,1052.589107,1158.817029,1107.257266,1045.645238,1175.362548,1095.710181,1035.729168,1156.73788,1035.54054,977.6764056,1096.516528,1005.146532,946.4141426,1061.106219
23,1756,,,1,1,,2021-11-02 18:29:00+00:00,,,,Methane,NT,NT,NT,NT,NT,,,,,,2021-11-02 18:29:00+00:00,,,PRISMA/Kayrros,2,,PRISMA,Kayrros,,,,61385.8,4,218645,61385.8,FALSE,,61434.90667,61450.77333,61480.38667,60867.71533,57491.60733,55935.97089,AZ,1.132666667,0.937833333,0.968555556,1.0563,0.952416667,0.952416667,308.2333333,270.0833333,285.6,292.1633333,280.835,266.9444444,0.216650574,0.276025617,0.267327855,0.275910127,0.297769661,0.297769661,103.8628683,137.598814,114.4891732,64.53815849,78.08623572,70.61167066,2021-11-02 18:14:40+00:00,0,2014,827.58,TRUE,14.33333333,TRUE,NT,1,1107.902307,1047.471495,1170.289826,1105.010012,1044.580691,1166.774087,1109.891196,1052.218367,1169.592804,1096.316559,1033.09056,1162.769073,1034.855861,977.3797232,1094.234451,1010.771112,959.8621931,1068.560433
24,1681,,7,1,1,,2021-10-19 18:24:58+00:00,,,,Methane,170.88,5468,,,1446,1.481,-96.7,,,,2021-10-19 18:24:58+00:00,,,Sentinel-2/LARS,1,,Sentinel-2,LARS,UT 1 sigma,,,409664.08,8,218645,409664.08,FALSE,,409695.384,408949.2795,408024.5068,398437.5124,382612.9314,377712.3535,AZ,2.431666667,1.8085,1.663,1.967333333,2.397666667,2.397666667,42.43333333,47.51666667,101.4,73.77,51.25666667,69.87666667,0.358137744,0.691159245,0.634267604,0.680417113,0.795297462,0.795297462,11.53012047,59.6840528,132.6085563,128.2974326,94.08374128,113.3082623,2021-10-19 18:05:36+00:00,0,2004,2874.49,TRUE,19.36666667,TRUE,TP,1,7393.474415,6987.078712,7802.47955,7374.07391,6979.680402,7809.318758,7339.411094,6949.56368,7736.58414,7175.659697,6810.081832,7565.722348,6879.461818,6497.56213,7303.799304,6786.734264,6424.787226,7194.551247
25,1692,,18,1,1,,2021-10-19 18:24:58+00:00,,,,Methane,319,6790,10408,4095,1-sigma confidence interval,2.9,338,189,,,2021-10-19 18:24:58+00:00,,,Sentinel-2/Kayrros,1,,Sentinel-2,Kayrros,+/- 1 sigma,,,409664.08,8,218645,409664.08,FALSE,,409695.384,408949.2795,408024.5068,398437.5124,382612.9314,377712.3535,AZ,2.431666667,1.8085,1.663,1.967333333,2.397666667,2.397666667,42.43333333,47.51666667,101.4,73.77,51.25666667,69.87666667,0.358137744,0.691159245,0.634267604,0.680417113,0.795297462,0.795297462,11.53012047,59.6840528,132.6085563,128.2974326,94.08374128,113.3082623,2021-10-19 18:05:36+00:00,0,2004,2874.49,TRUE,19.36666667,TRUE,TP,1,7389.37332,6984.406547,7788.34109,7347.904571,6951.477025,7740.884376,7331.564503,6964.437621,7747.679241,7170.850914,6792.771104,7620.948562,6885.189426,6521.751996,7274.842039,6806.43642,6442.911073,7219.686079
26,1707,,32,1,1,,2021-10-19 18:24:58+00:00,,,,Methane,188,4069,6322,1816,+/- 1 sigma,0.96373,4.321728,UnknownSentinel2Direction,,,2021-10-19 18:24:58+00:00,,,Sentinel-2/Harvard,1,,Sentinel-2,Harvard,+/- 1 sigma,,,409664.08,8,218645,409664.08,FALSE,,409695.384,408949.2795,408024.5068,398437.5124,382612.9314,377712.3535,AZ,2.431666667,1.8085,1.663,1.967333333,2.397666667,2.397666667,42.43333333,47.51666667,101.4,73.77,51.25666667,69.87666667,0.358137744,0.691159245,0.634267604,0.680417113,0.795297462,0.795297462,11.53012047,59.6840528,132.6085563,128.2974326,94.08374128,113.3082623,2021-10-19 18:05:36+00:00,0,2004,2874.49,TRUE,19.36666667,TRUE,TP,1,7392.192375,6991.481932,7813.585911,7371.871888,6936.956631,7795.279093,7337.706205,6924.47447,7750.654817,7185.850723,6803.236114,7597.020052,6890.497695,6475.14645,7306.68795,6808.257299,6423.472145,7186.099739
27,1715,,40,,,,2021-10-19 18:24:58+00:00,,,,Methane,340,3760,1970,6260,Min/max,1.8,175,,,,2021-10-19 18:24:58+00:00,,,Sentinel-2/SRON,1,,Sentinel-2,SRON,Min/max,0.8,2.9,409664.08,8,218645,409664.08,FALSE,,409695.384,408949.2795,408024.5068,398437.5124,382612.9314,377712.3535,AZ,2.431666667,1.8085,1.663,1.967333333,2.397666667,2.397666667,42.43333333,47.51666667,101.4,73.77,51.25666667,69.87666667,0.358137744,0.691159245,0.634267604,0.680417113,0.795297462,0.795297462,11.53012047,59.6840528,132.6085563,128.2974326,94.08374128,113.3082623,2021-10-19 18:05:36+00:00,0,2004,2874.49,TRUE,19.36666667,TRUE,TP,1,7398.05293,6985.667966,7814.017303,7358.461107,6943.749864,7747.916024,7337.188663,6940.711141,7752.046532,7180.873458,6797.898749,7598.594724,6893.806846,6509.097659,7313.652572,6785.154871,6426.571346,7152.739931
28,1733,,7,1,1,,2021-10-19 18:24:58+00:00,,,,Methane,170.88,7234,18:24:58.763092Z,276.5,2331,2.4,,,,,2021-10-19 18:24:58+00:00,,,Sentinel-2/LARS,2,,Sentinel-2,LARS,UT 1 sigma,,,409664.08,8,218645,409664.08,FALSE,,409695.384,408949.2795,408024.5068,398437.5124,382612.9314,377712.3535,AZ,2.431666667,1.8085,1.663,1.967333333,2.397666667,2.397666667,42.43333333,47.51666667,101.4,73.77,51.25666667,69.87666667,0.358137744,0.691159245,0.634267604,0.680417113,0.795297462,0.795297462,11.53012047,59.6840528,132.6085563,128.2974326,94.08374128,113.3082623,2021-10-19 18:05:36+00:00,0,2004,2874.49,TRUE,19.36666667,TRUE,TP,1,7395.556101,6990.021113,7808.88629,7353.31325,6967.939629,7819.51807,7354.064703,6978.939342,7774.920425,7171.307597,6774.584833,7525.65617,6889.800329,6560.314069,7270.987764,6815.703471,6463.184298,7211.419552
29,1744,,18,1,1,,2021-10-19 18:24:58+00:00,,,,Methane,319,6098,7431,4765,1-sigma confidence interval,2.49,14.79,189,,,2021-10-19 18:24:58+00:00,,,Sentinel-2/Kayrros,2,,Sentinel-2,Kayrros,+/- 1 sigma,,,409664.08,8,218645,409664.08,FALSE,,409695.384,408949.2795,408024.5068,398437.5124,382612.9314,377712.3535,AZ,2.431666667,1.8085,1.663,1.967333333,2.397666667,2.397666667,42.43333333,47.51666667,101.4,73.77,51.25666667,69.87666667,0.358137744,0.691159245,0.634267604,0.680417113,0.795297462,0.795297462,11.53012047,59.6840528,132.6085563,128.2974326,94.08374128,113.3082623,2021-10-19 18:05:36+00:00,0,2004,2874.49,TRUE,19.36666667,TRUE,TP,1,7389.883484,6987.859872,7798.479047,7372.415089,6996.898987,7827.288536,7345.619406,6949.475659,7728.894212,7168.252153,6779.545727,7611.385333,6895.28258,6526.000691,7252.910441,6815.223154,6435.621731,7188.658289
30,1759,,32,1,1,,2021-10-19 18:24:58+00:00,,,,Methane,,5684,7053,4315,+/- 1 sigma,1.545715,,,,,2021-10-19 18:24:58+00:00,,,Sentinel-2/Harvard,2,,Sentinel-2,Harvard,+/- 1 sigma,,,409664.08,8,218645,409664.08,FALSE,,409695.384,408949.2795,408024.5068,398437.5124,382612.9314,377712.3535,AZ,2.431666667,1.8085,1.663,1.967333333,2.397666667,2.397666667,42.43333333,47.51666667,101.4,73.77,51.25666667,69.87666667,0.358137744,0.691159245,0.634267604,0.680417113,0.795297462,0.795297462,11.53012047,59.6840528,132.6085563,128.2974326,94.08374128,113.3082623,2021-10-19 18:05:36+00:00,0,2004,2874.49,TRUE,19.36666667,TRUE,TP,1,7393.522609,6991.142317,7807.056731,7368.518467,6947.62797,7812.765321,7351.212139,6951.093085,7763.959568,7185.109177,6801.989626,7596.615887,6885.349736,6528.840785,7253.184942,6786.822686,6484.938594,7138.76779
31,1767,,40,,,,2021-10-19 18:24:58+00:00,,,,Methane,340,4680,3410,6000,Min/max,2.6,197,,,,2021-10-19 18:24:58+00:00,,,Sentinel-2/SRON,2,,Sentinel-2,SRON,Min/max,1.7,3.4,409664.08,8,218645,409664.08,FALSE,,409695.384,408949.2795,408024.5068,398437.5124,382612.9314,377712.3535,AZ,2.431666667,1.8085,1.663,1.967333333,2.397666667,2.397666667,42.43333333,47.51666667,101.4,73.77,51.25666667,69.87666667,0.358137744,0.691159245,0.634267604,0.680417113,0.795297462,0.795297462,11.53012047,59.6840528,132.6085563,128.2974326,94.08374128,113.3082623,2021-10-19 18:05:36+00:00,0,2004,2874.49,TRUE,19.36666667,TRUE,TP,1,7391.58946,6982.016394,7802.895231,7353.42151,6983.071206,7745.700728,7351.866083,6950.767467,7790.687793,7173.834363,6810.741707,7559.892349,6881.651547,6526.473622,7221.794177,6802.649912,6442.003251,7181.546098
32,1682,,8,1,2,,2021-10-21 18:10:37+00:00,,,,Methane,278.21,3032,,,1012,2.606,-86.2,,,,2021-10-21 18:10:37+00:00,,,Landsat 8/LARS,1,,Landsat 8,LARS,UT 1 sigma,,,231569,8,218645,231569,TRUE,,231569,231569,231569,231569,231569,231569,AZ,4.070666667,3.992333333,3.785333333,3.792133333,3.985983333,3.985983333,51.96666667,48.76666667,46.11111111,38.90333333,43.72833333,46.89444444,0.393550885,0.855235851,0.809350135,0.608035475,0.629771429,0.629771429,4.937424523,7.816468201,8.539984533,8.546977534,10.3690433,11.68215377,2021-10-21 17:55:38+00:00,0,2005,3552.435,TRUE,14.98333333,TRUE,TP,1,4176.327217,3950.968005,4413.531194,4161.760127,3932.951932,4388.003326,4179.656788,3980.128459,4425.139233,4195.198122,3950.104986,4449.720914,4225.804847,3902.549574,4560.16603,4345.558203,3821.830202,4864.799273
33,1699,,25,1,1,,2021-10-21 18:10:37+00:00,,,,Methane,319,2171,4958,626,1-sigma confidence interval,2.2,6,189,,,2021-10-21 18:10:37+00:00,,,Landsat 8/Kayrros,1,,Landsat 8,Kayrros,+/- 1 sigma,,,231569,8,218645,231569,TRUE,,231569,231569,231569,231569,231569,231569,AZ,4.070666667,3.992333333,3.785333333,3.792133333,3.985983333,3.985983333,51.96666667,48.76666667,46.11111111,38.90333333,43.72833333,46.89444444,0.393550885,0.855235851,0.809350135,0.608035475,0.629771429,0.629771429,4.937424523,7.816468201,8.539984533,8.546977534,10.3690433,11.68215377,2021-10-21 17:55:38+00:00,0,2005,3552.435,TRUE,14.98333333,TRUE,TP,1,4174.085303,3945.990578,4411.002223,4162.14318,3941.977886,4411.125845,4170.0982,3956.270058,4398.104109,4187.663592,3947.353351,4424.167895,4245.211191,3919.797574,4583.622476,4349.787678,3879.333843,4841.758489
34,1716,,41,,,,2021-10-21 18:10:37+00:00,,,,Methane,490,1810,1418,2110,Min/max,2.2,186,,,,2021-10-21 18:10:37+00:00,,,Landsat 8/SRON,1,,Landsat 8,SRON,Min/max,1.7,2.4,231569,8,218645,231569,TRUE,,231569,231569,231569,231569,231569,231569,AZ,4.070666667,3.992333333,3.785333333,3.792133333,3.985983333,3.985983333,51.96666667,48.76666667,46.11111111,38.90333333,43.72833333,46.89444444,0.393550885,0.855235851,0.809350135,0.608035475,0.629771429,0.629771429,4.937424523,7.816468201,8.539984533,8.546977534,10.3690433,11.68215377,2021-10-21 17:55:38+00:00,0,2005,3552.435,TRUE,14.98333333,TRUE,TP,1,4175.622551,3948.213571,4406.528112,4170.901343,3941.328132,4416.132827,4167.26077,3958.859232,4390.639046,4190.023282,3972.311073,4442.35885,4227.534625,3896.702769,4594.141606,4338.21864,3879.352355,4818.45075
35,1734,,8,1,2,,2021-10-21 18:10:37+00:00,,,,Methane,278.21,4085,18:10:37.5283260Z,178.88,1531,3.98,,,,,2021-10-21 18:10:37+00:00,,,Landsat 8/LARS,2,,Landsat 8,LARS,UT 1 sigma,,,231569,8,218645,231569,TRUE,,231569,231569,231569,231569,231569,231569,AZ,4.070666667,3.992333333,3.785333333,3.792133333,3.985983333,3.985983333,51.96666667,48.76666667,46.11111111,38.90333333,43.72833333,46.89444444,0.393550885,0.855235851,0.809350135,0.608035475,0.629771429,0.629771429,4.937424523,7.816468201,8.539984533,8.546977534,10.3690433,11.68215377,2021-10-21 17:55:38+00:00,0,2005,3552.435,TRUE,14.98333333,TRUE,TP,1,4176.39687,3949.567642,4414.449047,4170.396965,3942.816422,4410.28925,4175.600637,3923.125172,4425.905904,4192.229907,3961.919056,4451.366416,4226.051723,3927.173246,4594.663875,4344.689109,3872.968662,4861.580898
36,1751,,25,1,1,,2021-10-21 18:10:37+00:00,,,,Methane,319,3234,3921,2547,1-sigma confidence interval,3.9,47.46,189,,,2021-10-21 18:10:37+00:00,,,Landsat 8/Kayrros,2,,Landsat 8,Kayrros,+/- 1 sigma,,,231569,8,218645,231569,TRUE,,231569,231569,231569,231569,231569,231569,AZ,4.070666667,3.992333333,3.785333333,3.792133333,3.985983333,3.985983333,51.96666667,48.76666667,46.11111111,38.90333333,43.72833333,46.89444444,0.393550885,0.855235851,0.809350135,0.608035475,0.629771429,0.629771429,4.937424523,7.816468201,8.539984533,8.546977534,10.3690433,11.68215377,2021-10-21 17:55:38+00:00,0,2005,3552.435,TRUE,14.98333333,TRUE,TP,1,4178.741968,3948.729004,4411.230421,4163.831016,3928.859325,4388.162121,4171.252668,3946.443063,4414.865042,4182.046295,3939.201241,4413.537163,4228.988416,3869.167434,4607.365813,4339.720855,3803.781164,4829.411685
37,1768,,41,,,,2021-10-21 18:10:37+00:00,,,,Methane,490,2780,2450,3170,Min/max,4.1,221,,,,2021-10-21 18:10:37+00:00,,,Landsat 8/SRON,2,,Landsat 8,SRON,Min/max,3.9,4.4,231569,8,218645,231569,TRUE,,231569,231569,231569,231569,231569,231569,AZ,4.070666667,3.992333333,3.785333333,3.792133333,3.985983333,3.985983333,51.96666667,48.76666667,46.11111111,38.90333333,43.72833333,46.89444444,0.393550885,0.855235851,0.809350135,0.608035475,0.629771429,0.629771429,4.937424523,7.816468201,8.539984533,8.546977534,10.3690433,11.68215377,2021-10-21 17:55:38+00:00,0,2005,3552.435,TRUE,14.98333333,TRUE,TP,1,4175.908026,3947.192817,4414.75458,4169.341361,3947.682788,4414.191146,4167.303953,3954.345568,4402.813971,4184.348623,3974.355074,4432.522539,4243.582126,3896.947828,4605.279274,4328.010479,3783.475633,4815.782024
38,1683,,9,1,1,,2021-10-22 18:34:54+00:00,,,,Methane,164.92,3005,,,1011,2.371,8.6,,,,2021-10-22 18:34:54+00:00,,,Sentinel-2/LARS,1,,Sentinel-2,LARS,UT 1 sigma,,,92870.1,4,218645,92870.1,FALSE,,92537.35667,92536.415,92699.32778,93015.67433,93858.35217,94985.38956,AZ,2.099,2.1965,2.275333333,2.342733333,2.081833333,2.081833333,305.1,300.5166667,296.7777778,301.8066667,309.52,298.4722222,0.281282163,0.356830801,0.333831014,0.332002935,0.478756011,0.478756011,4.520833002,7.26844041,8.193965686,9.582381175,54.14652353,75.71918662,2021-10-22 18:16:57+00:00,0,2006,2148.9,TRUE,17.95,TRUE,TP,1,1670.73097,1578.629895,1763.108604,1665.811436,1580.995014,1758.539965,1668.687838,1581.517959,1768.232251,1675.64378,1583.231648,1776.860262,1688.090618,1600.239592,1788.374024,1710.367578,1615.646766,1810.402696
39,1693,,19,1,1,,2021-10-22 18:34:54+00:00,,,,Methane,0,0,,,,,,,,,2021-10-22 18:34:54+00:00,,,Sentinel-2/Kayrros,1,,Sentinel-2,Kayrros,,,,92870.1,4,218645,92870.1,FALSE,,92537.35667,92536.415,92699.32778,93015.67433,93858.35217,94985.38956,AZ,2.099,2.1965,2.275333333,2.342733333,2.081833333,2.081833333,305.1,300.5166667,296.7777778,301.8066667,309.52,298.4722222,0.281282163,0.356830801,0.333831014,0.332002935,0.478756011,0.478756011,4.520833002,7.26844041,8.193965686,9.582381175,54.14652353,75.71918662,2021-10-22 18:16:57+00:00,0,2006,2148.9,TRUE,17.95,TRUE,FN,1,1670.91095,1579.484561,1764.347327,1668.601878,1575.386031,1754.161546,1667.965435,1579.064263,1769.423507,1674.828669,1592.729707,1764.439542,1689.540742,1607.205267,1790.625358,1711.138018,1626.161298,1802.24302
40,1708,,33,1,1,,2021-10-22 18:34:54+00:00,,,,Methane,148,2102,3056,1148,+/- 1 sigma,1.764591,269.780224,UnknownSentinel2Direction,,,2021-10-22 18:34:54+00:00,,,Sentinel-2/Harvard,1,,Sentinel-2,Harvard,+/- 1 sigma,,,92870.1,4,218645,92870.1,FALSE,,92537.35667,92536.415,92699.32778,93015.67433,93858.35217,94985.38956,AZ,2.099,2.1965,2.275333333,2.342733333,2.081833333,2.081833333,305.1,300.5166667,296.7777778,301.8066667,309.52,298.4722222,0.281282163,0.356830801,0.333831014,0.332002935,0.478756011,0.478756011,4.520833002,7.26844041,8.193965686,9.582381175,54.14652353,75.71918662,2021-10-22 18:16:57+00:00,0,2006,2148.9,TRUE,17.95,TRUE,TP,1,1670.133411,1579.147074,1765.01865,1665.592082,1571.635201,1757.861655,1671.270563,1579.241618,1773.079864,1677.418474,1589.196008,1775.0917,1694.363354,1597.419278,1793.142574,1708.066116,1623.977159,1789.416953
41,1717,,42,,,,2021-10-22 18:34:54+00:00,,,,Methane,330,1160,570,2590,Min/max,1.4,92,,,,2021-10-22 18:34:54+00:00,,,Sentinel-2/SRON,1,,Sentinel-2,SRON,Min/max,0.6,3.2,92870.1,4,218645,92870.1,FALSE,,92537.35667,92536.415,92699.32778,93015.67433,93858.35217,94985.38956,AZ,2.099,2.1965,2.275333333,2.342733333,2.081833333,2.081833333,305.1,300.5166667,296.7777778,301.8066667,309.52,298.4722222,0.281282163,0.356830801,0.333831014,0.332002935,0.478756011,0.478756011,4.520833002,7.26844041,8.193965686,9.582381175,54.14652353,75.71918662,2021-10-22 18:16:57+00:00,0,2006,2148.9,TRUE,17.95,TRUE,TP,1,1669.845365,1578.210829,1763.962587,1661.829468,1572.096644,1745.289885,1672.180305,1581.678736,1759.982065,1678.274945,1585.175785,1782.329934,1689.235296,1602.007918,1780.024401,1711.826642,1622.004721,1806.512212
42,1735,,9,1,1,,2021-10-22 18:34:54+00:00,,,,Methane,164.92,2773,18:34:54.542039Z,111.71,893,2.08,,,,,2021-10-22 18:34:54+00:00,,,Sentinel-2/LARS,2,,Sentinel-2,LARS,UT 1 sigma,,,92870.1,4,218645,92870.1,FALSE,,92537.35667,92536.415,92699.32778,93015.67433,93858.35217,94985.38956,AZ,2.099,2.1965,2.275333333,2.342733333,2.081833333,2.081833333,305.1,300.5166667,296.7777778,301.8066667,309.52,298.4722222,0.281282163,0.356830801,0.333831014,0.332002935,0.478756011,0.478756011,4.520833002,7.26844041,8.193965686,9.582381175,54.14652353,75.71918662,2021-10-22 18:16:57+00:00,0,2006,2148.9,TRUE,17.95,TRUE,TP,1,1670.22079,1577.874124,1763.939091,1665.063556,1578.173885,1753.907529,1670.805978,1583.258816,1761.16632,1675.757129,1585.926526,1765.911696,1689.301906,1592.708855,1792.109781,1712.435077,1620.160858,1814.469683
43,1745,,19,1,1,,2021-10-22 18:34:54+00:00,,,,Methane,0,0,,,,,,,,,2021-10-22 18:34:54+00:00,,,Sentinel-2/Kayrros,2,,Sentinel-2,Kayrros,,,,92870.1,4,218645,92870.1,FALSE,,92537.35667,92536.415,92699.32778,93015.67433,93858.35217,94985.38956,AZ,2.099,2.1965,2.275333333,2.342733333,2.081833333,2.081833333,305.1,300.5166667,296.7777778,301.8066667,309.52,298.4722222,0.281282163,0.356830801,0.333831014,0.332002935,0.478756011,0.478756011,4.520833002,7.26844041,8.193965686,9.582381175,54.14652353,75.71918662,2021-10-22 18:16:57+00:00,0,2006,2148.9,TRUE,17.95,TRUE,FN,1,1668.931635,1577.606419,1763.237217,1669.527215,1580.616676,1769.364851,1671.639441,1582.243433,1773.100584,1670.570092,1579.441026,1771.217106,1688.477094,1599.051142,1780.549404,1713.65966,1617.67327,1809.451079
44,1760,,33,1,1,,2021-10-22 18:34:54+00:00,,,,Methane,,2652,3335,1969,+/- 1 sigma,2.373983,,,,,2021-10-22 18:34:54+00:00,,,Sentinel-2/Harvard,2,,Sentinel-2,Harvard,+/- 1 sigma,,,92870.1,4,218645,92870.1,FALSE,,92537.35667,92536.415,92699.32778,93015.67433,93858.35217,94985.38956,AZ,2.099,2.1965,2.275333333,2.342733333,2.081833333,2.081833333,305.1,300.5166667,296.7777778,301.8066667,309.52,298.4722222,0.281282163,0.356830801,0.333831014,0.332002935,0.478756011,0.478756011,4.520833002,7.26844041,8.193965686,9.582381175,54.14652353,75.71918662,2021-10-22 18:16:57+00:00,0,2006,2148.9,TRUE,17.95,TRUE,TP,1,1669.283413,1577.442998,1765.051146,1666.923843,1576.418,1763.791606,1667.739545,1577.069567,1763.631759,1675.589733,1583.285088,1777.826007,1690.273712,1605.627994,1791.333366,1714.740678,1623.796566,1815.860074
45,1769,,42,,,,2021-10-22 18:34:54+00:00,,,,Methane,330,1500,1203,1790,Min/max,1.9,113,,,,2021-10-22 18:34:54+00:00,,,Sentinel-2/SRON,2,,Sentinel-2,SRON,Min/max,1.4,2.3,92870.1,4,218645,92870.1,FALSE,,92537.35667,92536.415,92699.32778,93015.67433,93858.35217,94985.38956,AZ,2.099,2.1965,2.275333333,2.342733333,2.081833333,2.081833333,305.1,300.5166667,296.7777778,301.8066667,309.52,298.4722222,0.281282163,0.356830801,0.333831014,0.332002935,0.478756011,0.478756011,4.520833002,7.26844041,8.193965686,9.582381175,54.14652353,75.71918662,2021-10-22 18:16:57+00:00,0,2006,2148.9,TRUE,17.95,TRUE,TP,1,1668.876103,1576.537213,1761.177107,1665.437604,1573.734297,1757.339536,1669.094625,1575.226772,1757.474286,1671.84896,1580.030826,1755.183059,1686.112478,1603.437697,1790.518753,1710.086998,1619.849517,1810.058877
46,1684,,10,1,1,,2021-10-24 18:25:02+00:00,,,,Methane,FR,FR,FR,FR,FR,,,,,,2021-10-24 18:25:02+00:00,,,Sentinel-2/LARS,1,,Sentinel-2,LARS,,,,225354,8,218645,225354,FALSE,,225786.6667,225899.8,225898.0222,221737.3633,219167.5233,218882.7444,AZ,2.850666667,2.432833333,2.485,2.475633333,2.37185,2.37185,263.1333333,261.35,261.3,255.4266667,266.5716667,259.5133333,0.254841849,0.733089796,0.631581304,0.678287189,0.699674914,0.699674914,6.473997504,8.252015676,7.616436986,15.66447813,18.80614214,22.59969484,2021-10-24 18:11:05+00:00,0,2009,1956.56,TRUE,13.95,TRUE,FR,1,4073.013406,3849.73406,4303.424872,4058.753716,3836.887333,4303.110305,4067.614503,3868.183695,4277.648724,3993.788022,3790.754583,4198.060833,3952.557525,3727.505821,4176.536401,3938.474385,3732.534603,4157.908756
47,1694,,20,1,1,,2021-10-24 18:25:02+00:00,,,,Methane,cloudy,cloudy,,,,,,,,,2021-10-24 18:25:02+00:00,,,Sentinel-2/Kayrros,1,,Sentinel-2,Kayrros,,,,225354,8,218645,225354,FALSE,,225786.6667,225899.8,225898.0222,221737.3633,219167.5233,218882.7444,AZ,2.850666667,2.432833333,2.485,2.475633333,2.37185,2.37185,263.1333333,261.35,261.3,255.4266667,266.5716667,259.5133333,0.254841849,0.733089796,0.631581304,0.678287189,0.699674914,0.699674914,6.473997504,8.252015676,7.616436986,15.66447813,18.80614214,22.59969484,2021-10-24 18:11:05+00:00,0,2009,1956.56,TRUE,13.95,TRUE,FR,1,4074.472825,3852.223968,4308.009496,4076.174145,3851.870757,4288.501686,4077.814227,3849.480897,4297.873026,3994.938653,3761.241352,4217.271107,3950.329109,3744.319947,4168.044281,3937.616263,3726.514314,4160.02136
48,1709,,34,1,1,,2021-10-24 18:25:02+00:00,,,,Methane,FR,FR,FR,FR,FR,FR,FR,UnknownSentinel2Direction,,,2021-10-24 18:25:02+00:00,,,Sentinel-2/Harvard,1,,Sentinel-2,Harvard,,,,225354,8,218645,225354,FALSE,,225786.6667,225899.8,225898.0222,221737.3633,219167.5233,218882.7444,AZ,2.850666667,2.432833333,2.485,2.475633333,2.37185,2.37185,263.1333333,261.35,261.3,255.4266667,266.5716667,259.5133333,0.254841849,0.733089796,0.631581304,0.678287189,0.699674914,0.699674914,6.473997504,8.252015676,7.616436986,15.66447813,18.80614214,22.59969484,2021-10-24 18:11:05+00:00,0,2009,1956.56,TRUE,13.95,TRUE,FR,1,4076.508375,3850.501036,4306.434008,4069.082955,3898.945809,4316.520153,4064.300464,3856.398781,4306.455094,3991.92181,3778.475805,4241.7407,3955.927457,3729.960636,4193.380358,3949.500347,3728.400264,4182.860136
49,1718,,43,,,,2021-10-24 18:25:02+00:00,,,,Methane,FR,FR,FR,FR,FR,FR,FR,,,,2021-10-24 18:25:02+00:00,,,Sentinel-2/SRON,1,,Sentinel-2,SRON,,,,225354,8,218645,225354,FALSE,,225786.6667,225899.8,225898.0222,221737.3633,219167.5233,218882.7444,AZ,2.850666667,2.432833333,2.485,2.475633333,2.37185,2.37185,263.1333333,261.35,261.3,255.4266667,266.5716667,259.5133333,0.254841849,0.733089796,0.631581304,0.678287189,0.699674914,0.699674914,6.473997504,8.252015676,7.616436986,15.66447813,18.80614214,22.59969484,2021-10-24 18:11:05+00:00,0,2009,1956.56,TRUE,13.95,TRUE,FR,1,4073.960838,3853.303809,4303.522572,4064.916644,3831.990004,4308.333914,4070.337152,3843.131443,4324.466589,3991.668828,3772.619736,4204.395856,3949.677545,3735.940825,4184.725556,3943.485062,3733.346764,4160.344424
50,1736,,10,1,1,,2021-10-24 18:25:02+00:00,,,,Methane,,FR,FR,FR,FR,,,,,,2021-10-24 18:25:02+00:00,,,Sentinel-2/LARS,2,,Sentinel-2,LARS,,,,225354,8,218645,225354,FALSE,,225786.6667,225899.8,225898.0222,221737.3633,219167.5233,218882.7444,AZ,2.850666667,2.432833333,2.485,2.475633333,2.37185,2.37185,263.1333333,261.35,261.3,255.4266667,266.5716667,259.5133333,0.254841849,0.733089796,0.631581304,0.678287189,0.699674914,0.699674914,6.473997504,8.252015676,7.616436986,15.66447813,18.80614214,22.59969484,2021-10-24 18:11:05+00:00,0,2009,1956.56,TRUE,13.95,TRUE,FR,1,4074.197348,3853.817779,4306.71497,4071.76477,3855.373548,4300.673073,4067.482162,3860.306298,4293.077539,3989.746911,3790.138154,4217.428531,3942.455407,3733.350322,4166.682277,3943.478971,3731.761046,4185.530975
51,1746,,20,1,1,,2021-10-24 18:25:02+00:00,,,,Methane,cloudy,cloudy,,,,,,,,,2021-10-24 18:25:02+00:00,,,Sentinel-2/Kayrros,2,,Sentinel-2,Kayrros,,,,225354,8,218645,225354,FALSE,,225786.6667,225899.8,225898.0222,221737.3633,219167.5233,218882.7444,AZ,2.850666667,2.432833333,2.485,2.475633333,2.37185,2.37185,263.1333333,261.35,261.3,255.4266667,266.5716667,259.5133333,0.254841849,0.733089796,0.631581304,0.678287189,0.699674914,0.699674914,6.473997504,8.252015676,7.616436986,15.66447813,18.80614214,22.59969484,2021-10-24 18:11:05+00:00,0,2009,1956.56,TRUE,13.95,TRUE,FR,1,4073.191347,3849.890061,4301.546391,4073.93145,3858.18216,4319.966866,4065.108568,3849.459994,4310.730865,3993.222153,3792.964231,4228.732472,3943.890084,3735.40641,4186.618176,3941.838467,3733.821896,4172.047747
52,1761,,34,1,1,,2021-10-24 18:25:02+00:00,,,,Methane,,FR,FR,FR,FR,FR,,,,,2021-10-24 18:25:02+00:00,,,Sentinel-2/Harvard,2,,Sentinel-2,Harvard,,,,225354,8,218645,225354,FALSE,,225786.6667,225899.8,225898.0222,221737.3633,219167.5233,218882.7444,AZ,2.850666667,2.432833333,2.485,2.475633333,2.37185,2.37185,263.1333333,261.35,261.3,255.4266667,266.5716667,259.5133333,0.254841849,0.733089796,0.631581304,0.678287189,0.699674914,0.699674914,6.473997504,8.252015676,7.616436986,15.66447813,18.80614214,22.59969484,2021-10-24 18:11:05+00:00,0,2009,1956.56,TRUE,13.95,TRUE,FR,1,4073.440401,3848.876946,4301.81935,4070.672648,3862.563549,4314.270405,4069.671208,3854.319257,4309.980475,3995.04242,3768.501666,4224.622953,3949.696738,3747.169493,4166.933494,3937.984599,3726.498343,4165.136232
53,1770,,43,,,,2021-10-24 18:25:02+00:00,,,,Methane,FR,FR,FR,FR,FR,FR,FR,,,,2021-10-24 18:25:02+00:00,,,Sentinel-2/SRON,2,,Sentinel-2,SRON,,,,225354,8,218645,225354,FALSE,,225786.6667,225899.8,225898.0222,221737.3633,219167.5233,218882.7444,AZ,2.850666667,2.432833333,2.485,2.475633333,2.37185,2.37185,263.1333333,261.35,261.3,255.4266667,266.5716667,259.5133333,0.254841849,0.733089796,0.631581304,0.678287189,0.699674914,0.699674914,6.473997504,8.252015676,7.616436986,15.66447813,18.80614214,22.59969484,2021-10-24 18:11:05+00:00,0,2009,1956.56,TRUE,13.95,TRUE,FR,1,4075.676008,3851.277602,4307.66638,4073.718139,3883.701071,4317.634387,4075.929931,3865.482287,4312.419144,3990.357961,3773.730939,4207.592866,3945.325417,3723.829369,4179.20847,3940.601273,3726.88947,4172.655467
54,1685,,11,1,1,,2021-10-27 18:34:57+00:00,,,,Methane,184.39,5333,,,2108,4.881,-97.5,,,,2021-10-27 18:34:57+00:00,,,Sentinel-2/LARS,1,,Sentinel-2,LARS,UT 1 sigma,,,195078,8,218645,195078,FALSE,,195152.8333,195377.5667,195553.4778,194120.9667,191475.1033,191658.55,AZ,4.535333333,4.318833333,4.097333333,3.8032,3.819216667,3.819216667,70.03333333,57,45.82222222,45.36666667,51.34,48.13,0.653482624,0.656908764,0.648411716,0.674093292,0.903102917,0.903102917,6.172705959,15.41076005,20.70747451,16.64780426,16.10662718,16.68472922,2021-10-27 18:13:45+00:00,0,2011,4694.095,TRUE,21.2,TRUE,TP,1,3520.363366,3321.091971,3714.989458,3515.847404,3306.125153,3726.657601,3521.241741,3327.044031,3716.42528,3494.031669,3299.771245,3703.135939,3453.315902,3250.181964,3645.257245,3452.075638,3277.719255,3641.573136
55,1695,,21,1,1,,2021-10-27 18:34:57+00:00,,,,Methane,376,5614,9773,2634,1-sigma confidence interval,3.8,350,189,,,2021-10-27 18:34:57+00:00,,,Sentinel-2/Kayrros,1,,Sentinel-2,Kayrros,+/- 1 sigma,,,195078,8,218645,195078,FALSE,,195152.8333,195377.5667,195553.4778,194120.9667,191475.1033,191658.55,AZ,4.535333333,4.318833333,4.097333333,3.8032,3.819216667,3.819216667,70.03333333,57,45.82222222,45.36666667,51.34,48.13,0.653482624,0.656908764,0.648411716,0.674093292,0.903102917,0.903102917,6.172705959,15.41076005,20.70747451,16.64780426,16.10662718,16.68472922,2021-10-27 18:13:45+00:00,0,2011,4694.095,TRUE,21.2,TRUE,TP,1,3518.948513,3320.510555,3718.848726,3513.764656,3324.370343,3714.570115,3521.306151,3327.090927,3739.803472,3498.294639,3297.939074,3705.025895,3454.879946,3259.142129,3660.007243,3447.653751,3257.882105,3656.935124
56,1710,,35,1,1,,2021-10-27 18:34:57+00:00,,,,Methane,187,5187,6956,3418,+/- 1 sigma,4.407491,7.410631,UnknownSentinel2Direction,,,2021-10-27 18:34:57+00:00,,,Sentinel-2/Harvard,1,,Sentinel-2,Harvard,+/- 1 sigma,,,195078,8,218645,195078,FALSE,,195152.8333,195377.5667,195553.4778,194120.9667,191475.1033,191658.55,AZ,4.535333333,4.318833333,4.097333333,3.8032,3.819216667,3.819216667,70.03333333,57,45.82222222,45.36666667,51.34,48.13,0.653482624,0.656908764,0.648411716,0.674093292,0.903102917,0.903102917,6.172705959,15.41076005,20.70747451,16.64780426,16.10662718,16.68472922,2021-10-27 18:13:45+00:00,0,2011,4694.095,TRUE,21.2,TRUE,TP,1,3520.686716,3324.579512,3720.16403,3515.350782,3316.128399,3710.153075,3526.574218,3323.239399,3738.211121,3497.426405,3328.857109,3693.315543,3451.390676,3255.528053,3653.761547,3453.468175,3249.829884,3654.44917
57,1719,,44,,,,2021-10-27 18:34:57+00:00,,,,Methane,260,2250,1440,2870,Min/max,3.8,184,,,,2021-10-27 18:34:57+00:00,,,Sentinel-2/SRON,1,,Sentinel-2,SRON,Min/max,2.6,4.4,195078,8,218645,195078,FALSE,,195152.8333,195377.5667,195553.4778,194120.9667,191475.1033,191658.55,AZ,4.535333333,4.318833333,4.097333333,3.8032,3.819216667,3.819216667,70.03333333,57,45.82222222,45.36666667,51.34,48.13,0.653482624,0.656908764,0.648411716,0.674093292,0.903102917,0.903102917,6.172705959,15.41076005,20.70747451,16.64780426,16.10662718,16.68472922,2021-10-27 18:13:45+00:00,0,2011,4694.095,TRUE,21.2,TRUE,TP,1,3521.592788,3326.275741,3722.823623,3524.879722,3336.290571,3731.582545,3527.454623,3358.177907,3726.709127,3501.539401,3321.555382,3682.941283,3439.925213,3254.160035,3631.808658,3451.96556,3251.415614,3638.282053
58,1737,,11,1,1,,2021-10-27 18:34:57+00:00,,,,Methane,184.39,4427,18:34:57.856604Z,132.57,1651,3.82,,,,,2021-10-27 18:34:57+00:00,,,Sentinel-2/LARS,2,,Sentinel-2,LARS,UT 1 sigma,,,195078,8,218645,195078,FALSE,,195152.8333,195377.5667,195553.4778,194120.9667,191475.1033,191658.55,AZ,4.535333333,4.318833333,4.097333333,3.8032,3.819216667,3.819216667,70.03333333,57,45.82222222,45.36666667,51.34,48.13,0.653482624,0.656908764,0.648411716,0.674093292,0.903102917,0.903102917,6.172705959,15.41076005,20.70747451,16.64780426,16.10662718,16.68472922,2021-10-27 18:13:45+00:00,0,2011,4694.095,TRUE,21.2,TRUE,TP,1,3522.559741,3328.912116,3720.069904,3525.318973,3319.222597,3730.126795,3522.12782,3324.774778,3716.518024,3493.814346,3306.489672,3693.880872,3443.266474,3263.206143,3632.175513,3455.68669,3270.009847,3659.448711
59,1747,,21,1,1,,2021-10-27 18:34:57+00:00,,,,Methane,376,5134,6929,3340,1-sigma confidence interval,3.32,46.1,189,,,2021-10-27 18:34:57+00:00,,,Sentinel-2/Kayrros,2,,Sentinel-2,Kayrros,+/- 1 sigma,,,195078,8,218645,195078,FALSE,,195152.8333,195377.5667,195553.4778,194120.9667,191475.1033,191658.55,AZ,4.535333333,4.318833333,4.097333333,3.8032,3.819216667,3.819216667,70.03333333,57,45.82222222,45.36666667,51.34,48.13,0.653482624,0.656908764,0.648411716,0.674093292,0.903102917,0.903102917,6.172705959,15.41076005,20.70747451,16.64780426,16.10662718,16.68472922,2021-10-27 18:13:45+00:00,0,2011,4694.095,TRUE,21.2,TRUE,TP,1,3523.727677,3322.774254,3721.64502,3511.237608,3320.781397,3716.348358,3529.629382,3334.657782,3726.716076,3499.454482,3317.235178,3695.389162,3440.141151,3257.5925,3626.141144,3443.682699,3244.282592,3627.017317
60,1762,,35,1,1,,2021-10-27 18:34:57+00:00,,,,Methane,,4447,5582,3312,+/- 1 sigma,3.699061,,,,,2021-10-27 18:34:57+00:00,,,Sentinel-2/Harvard,2,,Sentinel-2,Harvard,+/- 1 sigma,,,195078,8,218645,195078,FALSE,,195152.8333,195377.5667,195553.4778,194120.9667,191475.1033,191658.55,AZ,4.535333333,4.318833333,4.097333333,3.8032,3.819216667,3.819216667,70.03333333,57,45.82222222,45.36666667,51.34,48.13,0.653482624,0.656908764,0.648411716,0.674093292,0.903102917,0.903102917,6.172705959,15.41076005,20.70747451,16.64780426,16.10662718,16.68472922,2021-10-27 18:13:45+00:00,0,2011,4694.095,TRUE,21.2,TRUE,TP,1,3521.436538,3325.39702,3716.593013,3518.664856,3321.710092,3726.424918,3514.981715,3325.884809,3721.435962,3495.367197,3297.283941,3675.620853,3447.575843,3260.707048,3637.793804,3452.885069,3278.728245,3660.383345
61,1771,,44,,,,2021-10-27 18:34:57+00:00,,,,Methane,260,2380,1940,2840,Min/max,4.2,221,,,,2021-10-27 18:34:57+00:00,,,Sentinel-2/SRON,2,,Sentinel-2,SRON,Min/max,3.9,4.4,195078,8,218645,195078,FALSE,,195152.8333,195377.5667,195553.4778,194120.9667,191475.1033,191658.55,AZ,4.535333333,4.318833333,4.097333333,3.8032,3.819216667,3.819216667,70.03333333,57,45.82222222,45.36666667,51.34,48.13,0.653482624,0.656908764,0.648411716,0.674093292,0.903102917,0.903102917,6.172705959,15.41076005,20.70747451,16.64780426,16.10662718,16.68472922,2021-10-27 18:13:45+00:00,0,2011,4694.095,TRUE,21.2,TRUE,TP,1,3521.92629,3324.127198,3724.070108,3521.119668,3324.329233,3735.756833,3521.875654,3329.604812,3726.805073,3489.468606,3303.017328,3704.943833,3454.293385,3256.362888,3646.779562,3448.105479,3252.37858,3645.197541
62,1686,,12,1,2,,2021-10-28 18:16:48+00:00,,,,Methane,120,1625,,,692,4.419,-103.5,,,,2021-10-28 18:16:48+00:00,,,Landsat 8/LARS,1,,Landsat 8,LARS,UT 1 sigma,,,116668,8,218645,116668,FALSE,,116825.9,116765.35,116573.9667,115473.9767,114725.4733,112148.8344,AZ,4.189333333,4.453333333,4.454222222,4.801633333,4.812866667,4.812866667,34.16666667,32.55,31.53333333,41.42,45.90333333,45.74222222,0.647914071,0.670478369,0.572891302,1.021220824,1.106997073,1.106997073,7.543361244,7.342527621,6.943107487,10.29548071,10.89381082,10.07613926,2021-10-28 18:05:30+00:00,0,2012,3238.4,TRUE,11.3,TRUE,TP,1,2108.190425,1984.904778,2233.594871,2100.736139,1983.535101,2229.266714,2101.049577,1987.321497,2232.270421,2077.955636,1952.245794,2199.589902,2068.133654,1947.006238,2193.754538,2019.408104,1905.417441,2144.869635
63,1700,,26,1,1,,2021-10-28 18:16:48+00:00,,,,Methane,280,2236,5136,363,1-sigma confidence interval,4,10,189,,,2021-10-28 18:16:48+00:00,,,Landsat 8/Kayrros,1,,Landsat 8,Kayrros,+/- 1 sigma,,,116668,8,218645,116668,FALSE,,116825.9,116765.35,116573.9667,115473.9767,114725.4733,112148.8344,AZ,4.189333333,4.453333333,4.454222222,4.801633333,4.812866667,4.812866667,34.16666667,32.55,31.53333333,41.42,45.90333333,45.74222222,0.647914071,0.670478369,0.572891302,1.021220824,1.106997073,1.106997073,7.543361244,7.342527621,6.943107487,10.29548071,10.89381082,10.07613926,2021-10-28 18:05:30+00:00,0,2012,3238.4,TRUE,11.3,TRUE,TP,1,2108.696837,1983.795362,2231.589099,2100.910851,1978.931291,2229.346389,2100.866423,1974.804267,2229.64571,2083.108194,1957.26255,2211.755391,2064.86719,1944.942112,2187.177123,2017.778286,1908.330319,2135.754995
64,1720,,45,,,,2021-10-28 18:16:48+00:00,,,,Methane,FR,FR,FR,FR,FR,FR,FR,,,,2021-10-28 18:16:48+00:00,,,Landsat 8/SRON,1,,Landsat 8,SRON,,,,116668,8,218645,116668,FALSE,,116825.9,116765.35,116573.9667,115473.9767,114725.4733,112148.8344,AZ,4.189333333,4.453333333,4.454222222,4.801633333,4.812866667,4.812866667,34.16666667,32.55,31.53333333,41.42,45.90333333,45.74222222,0.647914071,0.670478369,0.572891302,1.021220824,1.106997073,1.106997073,7.543361244,7.342527621,6.943107487,10.29548071,10.89381082,10.07613926,2021-10-28 18:05:30+00:00,0,2012,3238.4,TRUE,11.3,TRUE,FR,1,2108.067664,1981.315535,2230.239425,2100.099084,1988.804493,2219.136093,2100.450825,1977.841415,2232.681903,2076.811487,1963.64268,2199.888787,2068.254433,1956.661263,2187.297205,2021.609895,1913.800512,2150.341946
65,1738,,12,1,2,,2021-10-28 18:16:48+00:00,,,,Methane,120,1735,18:16:48.2627780Z,28.38,710,4.81,,,,,2021-10-28 18:16:48+00:00,,,Landsat 8/LARS,2,,Landsat 8,LARS,UT 1 sigma,,,116668,8,218645,116668,FALSE,,116825.9,116765.35,116573.9667,115473.9767,114725.4733,112148.8344,AZ,4.189333333,4.453333333,4.454222222,4.801633333,4.812866667,4.812866667,34.16666667,32.55,31.53333333,41.42,45.90333333,45.74222222,0.647914071,0.670478369,0.572891302,1.021220824,1.106997073,1.106997073,7.543361244,7.342527621,6.943107487,10.29548071,10.89381082,10.07613926,2021-10-28 18:05:30+00:00,0,2012,3238.4,TRUE,11.3,TRUE,TP,1,2107.771078,1984.179778,2231.697272,2104.722892,1979.005042,2226.342276,2101.68098,1993.650417,2216.143072,2074.487301,1963.694796,2206.856535,2068.987634,1952.510641,2195.588352,2017.154815,1892.481714,2137.818853
66,1752,,26,1,1,,2021-10-28 18:16:48+00:00,,,,Methane,280,2489,3024,1955,1-sigma confidence interval,4.6,45.59,189,,,2021-10-28 18:16:48+00:00,,,Landsat 8/Kayrros,2,,Landsat 8,Kayrros,+/- 1 sigma,,,116668,8,218645,116668,FALSE,,116825.9,116765.35,116573.9667,115473.9767,114725.4733,112148.8344,AZ,4.189333333,4.453333333,4.454222222,4.801633333,4.812866667,4.812866667,34.16666667,32.55,31.53333333,41.42,45.90333333,45.74222222,0.647914071,0.670478369,0.572891302,1.021220824,1.106997073,1.106997073,7.543361244,7.342527621,6.943107487,10.29548071,10.89381082,10.07613926,2021-10-28 18:05:30+00:00,0,2012,3238.4,TRUE,11.3,TRUE,TP,1,2107.491337,1986.586673,2230.112473,2103.645122,1981.573322,2243.048985,2101.656616,1985.445872,2230.844653,2076.266681,1962.486755,2210.529099,2062.068265,1949.075916,2188.749379,2019.525161,1900.839076,2155.021739
67,1772,,45,,,,2021-10-28 18:16:48+00:00,,,,Methane,FR,FR,FR,FR,FR,FR,FR,,,,2021-10-28 18:16:48+00:00,,,Landsat 8/SRON,2,,Landsat 8,SRON,,,,116668,8,218645,116668,FALSE,,116825.9,116765.35,116573.9667,115473.9767,114725.4733,112148.8344,AZ,4.189333333,4.453333333,4.454222222,4.801633333,4.812866667,4.812866667,34.16666667,32.55,31.53333333,41.42,45.90333333,45.74222222,0.647914071,0.670478369,0.572891302,1.021220824,1.106997073,1.106997073,7.543361244,7.342527621,6.943107487,10.29548071,10.89381082,10.07613926,2021-10-28 18:05:30+00:00,0,2012,3238.4,TRUE,11.3,TRUE,FR,1,2108.188842,1986.045197,2232.495091,2103.869909,1994.216482,2236.063393,2101.456199,1983.199011,2221.284113,2080.565549,1959.569767,2202.661681,2067.675124,1942.267515,2189.365682,2016.458169,1902.769546,2136.418458
68,1687,,13,1,1,,2021-10-29 18:24:58+00:00,,,,Methane,,0,,,,2.223,-89.5,,,,2021-10-29 18:24:58+00:00,,,Sentinel-2/LARS,1,,Sentinel-2,LARS,,,,281513,8,218645,281513,FALSE,,282310.6667,282645.8167,282310.3778,278775.0433,262685.7583,251671.5222,AZ,4.808,4.821333333,4.605333333,4.908366667,4.901583333,4.901583333,54.23333333,56.3,55.85555556,51.45333333,52.45,49.99111111,0.607677319,0.50018121,0.541701854,0.753633561,0.733643679,0.733643679,5.769619203,5.618673467,5.406116202,9.153895431,8.380805241,9.772491464,2021-10-29 18:09:15+00:00,0,2013,4719.235,TRUE,15.71666667,TRUE,FN,1,5094.441456,4822.249633,5379.309186,5088.925374,4817.317088,5388.412259,5082.939351,4799.529,5358.65092,5024.14973,4734.841515,5290.516583,4733.539151,4494.976811,4993.524157,4534.826796,4279.560856,4801.413
69,1696,,22,1,1,,2021-10-29 18:24:58+00:00,,,,Methane,348,4675,8052,2326,1-sigma confidence interval,2.6,1,189,,,2021-10-29 18:24:58+00:00,,,Sentinel-2/Kayrros,1,,Sentinel-2,Kayrros,+/- 1 sigma,,,281513,8,218645,281513,FALSE,,282310.6667,282645.8167,282310.3778,278775.0433,262685.7583,251671.5222,AZ,4.808,4.821333333,4.605333333,4.908366667,4.901583333,4.901583333,54.23333333,56.3,55.85555556,51.45333333,52.45,49.99111111,0.607677319,0.50018121,0.541701854,0.753633561,0.733643679,0.733643679,5.769619203,5.618673467,5.406116202,9.153895431,8.380805241,9.772491464,2021-10-29 18:09:15+00:00,0,2013,4719.235,TRUE,15.71666667,TRUE,TP,1,5096.620202,4819.815727,5384.048163,5085.769732,4791.285209,5404.336518,5084.170365,4820.789072,5382.609924,5013.543963,4765.365833,5274.110502,4743.186168,4519.885496,5011.353889,4534.454565,4284.596457,4763.845906
70,1711,,36,1,1,,2021-10-29 18:24:58+00:00,,,,Methane,122,2762,3915,1609,+/- 1 sigma,2.448409,10.779561,UnknownSentinel2Direction,,,2021-10-29 18:24:58+00:00,,,Sentinel-2/Harvard,1,,Sentinel-2,Harvard,+/- 1 sigma,,,281513,8,218645,281513,FALSE,,282310.6667,282645.8167,282310.3778,278775.0433,262685.7583,251671.5222,AZ,4.808,4.821333333,4.605333333,4.908366667,4.901583333,4.901583333,54.23333333,56.3,55.85555556,51.45333333,52.45,49.99111111,0.607677319,0.50018121,0.541701854,0.753633561,0.733643679,0.733643679,5.769619203,5.618673467,5.406116202,9.153895431,8.380805241,9.772491464,2021-10-29 18:09:15+00:00,0,2013,4719.235,TRUE,15.71666667,TRUE,TP,1,5095.242486,4820.983678,5381.574768,5087.705872,4807.561994,5373.67294,5083.54824,4822.405161,5406.919638,5012.396867,4744.282661,5305.735608,4731.73443,4476.434838,4971.787359,4533.75356,4296.347628,4795.477266
71,1721,,46,,,,2021-10-29 18:24:58+00:00,,,,Methane,0,0,0,0,0,,,,,,2021-10-29 18:24:58+00:00,,,Sentinel-2/SRON,1,,Sentinel-2,SRON,,,,281513,8,218645,281513,FALSE,,282310.6667,282645.8167,282310.3778,278775.0433,262685.7583,251671.5222,AZ,4.808,4.821333333,4.605333333,4.908366667,4.901583333,4.901583333,54.23333333,56.3,55.85555556,51.45333333,52.45,49.99111111,0.607677319,0.50018121,0.541701854,0.753633561,0.733643679,0.733643679,5.769619203,5.618673467,5.406116202,9.153895431,8.380805241,9.772491464,2021-10-29 18:09:15+00:00,0,2013,4719.235,TRUE,15.71666667,TRUE,FN,1,5095.01479,4816.661603,5378.232678,5080.495268,4824.355442,5388.217484,5081.877686,4819.189906,5387.229584,5016.652134,4740.443119,5327.158853,4722.352504,4478.663095,5000.999184,4532.9273,4284.722599,4799.544316
72,1739,,13,1,1,,2021-10-29 18:24:58+00:00,,,,Methane,,0,,,,,,,,,2021-10-29 18:24:58+00:00,,,Sentinel-2/LARS,2,,Sentinel-2,LARS,,,,281513,8,218645,281513,FALSE,,282310.6667,282645.8167,282310.3778,278775.0433,262685.7583,251671.5222,AZ,4.808,4.821333333,4.605333333,4.908366667,4.901583333,4.901583333,54.23333333,56.3,55.85555556,51.45333333,52.45,49.99111111,0.607677319,0.50018121,0.541701854,0.753633561,0.733643679,0.733643679,5.769619203,5.618673467,5.406116202,9.153895431,8.380805241,9.772491464,2021-10-29 18:09:15+00:00,0,2013,4719.235,TRUE,15.71666667,TRUE,FN,1,5094.630453,4810.476791,5377.951651,5100.633128,4822.936022,5398.980096,5076.364839,4820.748712,5373.04482,5019.601509,4760.887252,5323.974127,4725.377439,4459.315094,4985.935909,4536.861247,4291.716634,4782.454777
73,1748,,22,1,1,,2021-10-29 18:24:58+00:00,,,,Methane,348,7267,10546,3988,1-sigma confidence interval,4.86,46.1,189,,,2021-10-29 18:24:58+00:00,,,Sentinel-2/Kayrros,2,,Sentinel-2,Kayrros,+/- 1 sigma,,,281513,8,218645,281513,FALSE,,282310.6667,282645.8167,282310.3778,278775.0433,262685.7583,251671.5222,AZ,4.808,4.821333333,4.605333333,4.908366667,4.901583333,4.901583333,54.23333333,56.3,55.85555556,51.45333333,52.45,49.99111111,0.607677319,0.50018121,0.541701854,0.753633561,0.733643679,0.733643679,5.769619203,5.618673467,5.406116202,9.153895431,8.380805241,9.772491464,2021-10-29 18:09:15+00:00,0,2013,4719.235,TRUE,15.71666667,TRUE,TP,1,5095.907674,4818.016991,5371.536836,5077.24699,4807.857174,5381.387607,5090.953638,4817.908814,5368.668583,5018.876969,4751.008438,5325.152292,4735.103076,4492.467136,5008.557817,4532.452038,4292.293891,4769.755577
74,1763,,36,1,1,,2021-10-29 18:24:58+00:00,,,,Methane,,4757,5890,3624,+/- 1 sigma,,,,,,2021-10-29 18:24:58+00:00,,,Sentinel-2/Harvard,2,,Sentinel-2,Harvard,+/- 1 sigma,,,281513,8,218645,281513,FALSE,,282310.6667,282645.8167,282310.3778,278775.0433,262685.7583,251671.5222,AZ,4.808,4.821333333,4.605333333,4.908366667,4.901583333,4.901583333,54.23333333,56.3,55.85555556,51.45333333,52.45,49.99111111,0.607677319,0.50018121,0.541701854,0.753633561,0.733643679,0.733643679,5.769619203,5.618673467,5.406116202,9.153895431,8.380805241,9.772491464,2021-10-29 18:09:15+00:00,0,2013,4719.235,TRUE,15.71666667,TRUE,TP,1,5094.636957,4815.74484,5388.07296,5087.834641,4802.058013,5356.081976,5084.065267,4817.339078,5382.6604,5022.891116,4753.024649,5317.640828,4730.896094,4494.477839,5001.265001,4532.767051,4285.239982,4788.17697
75,1773,,46,,,,2021-10-29 18:24:58+00:00,,,,Methane,0,0,0,0,0,,,,,,2021-10-29 18:24:58+00:00,,,Sentinel-2/SRON,2,,Sentinel-2,SRON,,,,281513,8,218645,281513,FALSE,,282310.6667,282645.8167,282310.3778,278775.0433,262685.7583,251671.5222,AZ,4.808,4.821333333,4.605333333,4.908366667,4.901583333,4.901583333,54.23333333,56.3,55.85555556,51.45333333,52.45,49.99111111,0.607677319,0.50018121,0.541701854,0.753633561,0.733643679,0.733643679,5.769619203,5.618673467,5.406116202,9.153895431,8.380805241,9.772491464,2021-10-29 18:09:15+00:00,0,2013,4719.235,TRUE,15.71666667,TRUE,FN,1,5093.677824,4814.688963,5380.58129,5089.605994,4814.436443,5381.430623,5090.756913,4798.667789,5387.935105,5024.301568,4760.117942,5305.684211,4744.573545,4496.69805,4987.867707,4525.268817,4289.996742,4799.023939
,,,15,1,1,,2021-11-01 18:34:54+00:00,,,,Methane,0,0,0,0,0,3.570 ,29.2 ,,,,2021-11-01 18:34:54+00:00,,,Sentinel-2/LARS,1,,Sentinel-2,LARS,UT 1 sigma,,,0,4,308188,0,FALSE,,0,0,0,0,0,0,AZ,,,,,,,,,,,,,,,,,,,,,,,,,,0,,,TRUE,,TRUE,TN,1,0,0,0,0,0,0,0,0,0,0,0,0,0,0,0,0,0,0
,,,24,1,1,,2021-11-01 18:34:54+00:00,,,,Methane,0,0,0,0,1-sigma confidence interval,,,,,,2021-11-01 18:34:54+00:00,,,Sentinel-2/Kayrros,1,,Sentinel-2,Kayrros,+/- 1 sigma,,,0,4,308188,0,FALSE,,0,0,0,0,0,0,AZ,,,,,,,,,,,,,,,,,,,,,,,,,,0,,,TRUE,,TRUE,TN,1,0,0,0,0,0,0,0,0,0,0,0,0,0,0,0,0,0,0
,,,38,1,1,,2021-11-01 18:34:54+00:00,,,,Methane,0,0,0,0,+/- 1 sigma,,,,,,2021-11-01 18:34:54+00:00,,,Sentinel-2/Harvard,1,,Sentinel-2,Harvard,+/- 1 sigma,,,0,4,308188,0,FALSE,,0,0,0,0,0,0,AZ,,,,,,,,,,,,,,,,,,,,,,,,,,0,,,TRUE,,TRUE,TN,1,0,0,0,0,0,0,0,0,0,0,0,0,0,0,0,0,0,0
,,,48,,,,2021-11-01 18:34:54+00:00,,,,Methane,FR,FR,FR,FR,FR,FR,FR,,,,2021-11-01 18:34:54+00:00,,,Sentinel-2/SRON,1,,Sentinel-2,SRON,,,,0,4,308188,0,FALSE,,0,0,0,0,0,0,AZ,,,,,,,,,,,,,,,,,,,,,,,,,,0,,,TRUE,,TRUE,FR,1,0,0,0,0,0,0,0,0,0,0,0,0,0,0,0,0,0,0
,,,15,1,1,,2021-11-01 18:34:54+00:00,,,,Methane,0,0,0,0,0,,,,,,2021-11-01 18:34:54+00:00,,,Sentinel-2/LARS,2,,Sentinel-2,LARS,UT 1 sigma,,,0,4,308188,0,FALSE,,0,0,0,0,0,0,AZ,,,,,,,,,,,,,,,,,,,,,,,,,,0,,,TRUE,,TRUE,TN,1,0,0,0,0,0,0,0,0,0,0,0,0,0,0,0,0,0,0
,,,24,1,1,,2021-11-01 18:34:54+00:00,,,,Methane,0,0,0,0,1-sigma confidence interval,,,,,,2021-11-01 18:34:54+00:00,,,Sentinel-2/Kayrros,2,,Sentinel-2,Kayrros,+/- 1 sigma,,,0,4,308188,0,FALSE,,0,0,0,0,0,0,AZ,,,,,,,,,,,,,,,,,,,,,,,,,,0,,,TRUE,,TRUE,TN,1,0,0,0,0,0,0,0,0,0,0,0,0,0,0,0,0,0,0
,,,38,1,1,,2021-11-01 18:34:54+00:00,,,,Methane,0,0,0,0,+/- 1 sigma,,,,,,2021-11-01 18:34:54+00:00,,,Sentinel-2/Harvard,2,,Sentinel-2,Harvard,+/- 1 sigma,,,0,4,308188,0,FALSE,,0,0,0,0,0,0,AZ,,,,,,,,,,,,,,,,,,,,,,,,,,0,,,TRUE,,TRUE,TN,1,0,0,0,0,0,0,0,0,0,0,0,0,0,0,0,0,0,0
,,,48,,,,2021-11-01 18:34:54+00:00,,,,Methane,FR,FR,FR,FR,FR,FR,FR,,,,2021-11-01 18:34:54+00:00,,,Sentinel-2/SRON,2,,Sentinel-2,SRON,,,,0,4,308188,0,FALSE,,0,0,0,0,0,0,AZ,,,,,,,,,,,,,,,,,,,,,,,,,,0,,,TRUE,,TRUE,FR,1,0,0,0,0,0,0,0,0,0,0,0,0,0,0,0,0,0,0
76,1689,,15,1,1,,2021-11-03 18:25:01+00:00,,,,Methane,111.35,1191,,,0,3.024 ,-87.8 ,,,,2021-11-03 18:25:01+00:00,,,Sentinel-2/LARS,1,,Sentinel-2,LARS,UT 1 sigma,,,76596.4,4,308188,76596.4,FALSE,,76628.08333,76649.40667,76656.90778,77025.21667,77539.2735,70210.01289,AZ,4.524666667,4.038333333,3.639888889,3.6905,3.586,3.586,48.83333333,43.58333333,41.36666667,39.87666667,40.13833333,42.10666667,0.371416054,0.917058981,0.949492466,0.698811282,0.671180158,0.671180158,3.931160514,8.255027573,9.276586451,8.191364379,10.77122227,11.52594211,2021-11-03 18:12:18+00:00,0,2016,2606.13,TRUE,12.71666667,TRUE,TP,1,1382.629513,1306.513537,1460.299098,1383.242065,1311.953195,1464.092502,1377.824705,1305.018449,1456.632594,1386.180208,1312.593044,1468.842227,1395.991542,1310.270303,1467.347334,1266.067425,1200.513541,1344.911935
77,1698,,24,1,1,,2021-11-03 18:25:01+00:00,,,,Methane,330,2823,5657,1016,1-sigma confidence interval,2.5,353,189,,,2021-11-03 18:25:01+00:00,,,Sentinel-2/Kayrros,1,,Sentinel-2,Kayrros,+/- 1 sigma,,,76596.4,4,308188,76596.4,FALSE,,76628.08333,76649.40667,76656.90778,77025.21667,77539.2735,70210.01289,AZ,4.524666667,4.038333333,3.639888889,3.6905,3.586,3.586,48.83333333,43.58333333,41.36666667,39.87666667,40.13833333,42.10666667,0.371416054,0.917058981,0.949492466,0.698811282,0.671180158,0.671180158,3.931160514,8.255027573,9.276586451,8.191364379,10.77122227,11.52594211,2021-11-03 18:12:18+00:00,0,2016,2606.13,TRUE,12.71666667,TRUE,TP,1,1383.015381,1307.820701,1460.808537,1380.622281,1311.723416,1460.07803,1378.668174,1307.512594,1453.717265,1387.594541,1306.870802,1469.96304,1396.808981,1324.994166,1474.393681,1261.775192,1194.788755,1341.489471
78,1713,,38,1,1,,2021-11-03 18:25:01+00:00,,,,Methane,115,1300,1878,722,+/- 1 sigma,2.595344,3.860544,UnknownSentinel2Direction,,,2021-11-03 18:25:01+00:00,,,Sentinel-2/Harvard,1,,Sentinel-2,Harvard,+/- 1 sigma,,,76596.4,4,308188,76596.4,FALSE,,76628.08333,76649.40667,76656.90778,77025.21667,77539.2735,70210.01289,AZ,4.524666667,4.038333333,3.639888889,3.6905,3.586,3.586,48.83333333,43.58333333,41.36666667,39.87666667,40.13833333,42.10666667,0.371416054,0.917058981,0.949492466,0.698811282,0.671180158,0.671180158,3.931160514,8.255027573,9.276586451,8.191364379,10.77122227,11.52594211,2021-11-03 18:12:18+00:00,0,2016,2606.13,TRUE,12.71666667,TRUE,TP,1,1383.322847,1308.814848,1461.059266,1381.682872,1305.90366,1459.150106,1381.413592,1308.702738,1461.747639,1387.393546,1314.131324,1472.120881,1397.815821,1334.057442,1476.174176,1263.696326,1194.659195,1336.875428
79,1723,,48,,,,2021-11-03 18:25:01+00:00,,,,Methane,0,0,0,0,0,,,,,,2021-11-03 18:25:01+00:00,,,Sentinel-2/SRON,1,,Sentinel-2,SRON,,,,76596.4,4,308188,76596.4,FALSE,,76628.08333,76649.40667,76656.90778,77025.21667,77539.2735,70210.01289,AZ,4.524666667,4.038333333,3.639888889,3.6905,3.586,3.586,48.83333333,43.58333333,41.36666667,39.87666667,40.13833333,42.10666667,0.371416054,0.917058981,0.949492466,0.698811282,0.671180158,0.671180158,3.931160514,8.255027573,9.276586451,8.191364379,10.77122227,11.52594211,2021-11-03 18:12:18+00:00,0,2016,2606.13,TRUE,12.71666667,TRUE,FN,1,1382.401158,1307.334722,1460.062597,1380.560785,1298.231041,1458.878176,1378.295666,1302.774434,1457.356927,1382.446296,1309.137662,1452.0119,1396.816841,1320.978653,1470.938882,1264.328101,1197.11964,1338.976684
80,1741,,15,1,1,,2021-11-03 18:25:01+00:00,,,,Methane,111.35,1344,18:25:01.184114Z,25.45,539,3.59,,,,,2021-11-03 18:25:01+00:00,,,Sentinel-2/LARS,2,,Sentinel-2,LARS,UT 1 sigma,,,76596.4,4,308188,76596.4,FALSE,,76628.08333,76649.40667,76656.90778,77025.21667,77539.2735,70210.01289,AZ,4.524666667,4.038333333,3.639888889,3.6905,3.586,3.586,48.83333333,43.58333333,41.36666667,39.87666667,40.13833333,42.10666667,0.371416054,0.917058981,0.949492466,0.698811282,0.671180158,0.671180158,3.931160514,8.255027573,9.276586451,8.191364379,10.77122227,11.52594211,2021-11-03 18:12:18+00:00,0,2016,2606.13,TRUE,12.71666667,TRUE,TP,1,1382.613949,1307.227183,1459.224875,1381.072361,1309.277976,1454.322908,1377.730055,1303.570086,1457.019031,1390.082603,1317.937035,1473.973513,1396.621899,1323.052698,1471.112482,1263.92996,1201.204801,1329.208475
81,1750,,24,1,1,,2021-11-03 18:25:01+00:00,,,,Methane,330,3199,4899,1498,1-sigma confidence interval,2.96,36.9,189,,,2021-11-03 18:25:01+00:00,,,Sentinel-2/Kayrros,2,,Sentinel-2,Kayrros,+/- 1 sigma,,,76596.4,4,308188,76596.4,FALSE,,76628.08333,76649.40667,76656.90778,77025.21667,77539.2735,70210.01289,AZ,4.524666667,4.038333333,3.639888889,3.6905,3.586,3.586,48.83333333,43.58333333,41.36666667,39.87666667,40.13833333,42.10666667,0.371416054,0.917058981,0.949492466,0.698811282,0.671180158,0.671180158,3.931160514,8.255027573,9.276586451,8.191364379,10.77122227,11.52594211,2021-11-03 18:12:18+00:00,0,2016,2606.13,TRUE,12.71666667,TRUE,TP,1,1382.499749,1306.387744,1461.035924,1378.296957,1308.329782,1448.535038,1380.530793,1303.846133,1468.26289,1386.138925,1313.892632,1467.016538,1397.882013,1324.763657,1480.976302,1264.535798,1197.796114,1339.392475
82,1765,,38,1,1,,2021-11-03 18:25:01+00:00,,,,Methane,,1787,2333,1241,+/- 1 sigma,3.798211,,,,,2021-11-03 18:25:01+00:00,,,Sentinel-2/Harvard,2,,Sentinel-2,Harvard,+/- 1 sigma,,,76596.4,4,308188,76596.4,FALSE,,76628.08333,76649.40667,76656.90778,77025.21667,77539.2735,70210.01289,AZ,4.524666667,4.038333333,3.639888889,3.6905,3.586,3.586,48.83333333,43.58333333,41.36666667,39.87666667,40.13833333,42.10666667,0.371416054,0.917058981,0.949492466,0.698811282,0.671180158,0.671180158,3.931160514,8.255027573,9.276586451,8.191364379,10.77122227,11.52594211,2021-11-03 18:12:18+00:00,0,2016,2606.13,TRUE,12.71666667,TRUE,TP,1,1382.852134,1306.576646,1460.920699,1379.151899,1308.27955,1458.457299,1381.598282,1306.2655,1467.096498,1384.823726,1311.889685,1471.100875,1397.150726,1320.561074,1477.054741,1264.850521,1198.077164,1334.266829
83,1775,,48,,,,2021-11-03 18:25:01+00:00,,,,Methane,0,0,0,0,0,,,,,,2021-11-03 18:25:01+00:00,,,Sentinel-2/SRON,2,,Sentinel-2,SRON,,,,76596.4,4,308188,76596.4,FALSE,,76628.08333,76649.40667,76656.90778,77025.21667,77539.2735,70210.01289,AZ,4.524666667,4.038333333,3.639888889,3.6905,3.586,3.586,48.83333333,43.58333333,41.36666667,39.87666667,40.13833333,42.10666667,0.371416054,0.917058981,0.949492466,0.698811282,0.671180158,0.671180158,3.931160514,8.255027573,9.276586451,8.191364379,10.77122227,11.52594211,2021-11-03 18:12:18+00:00,0,2016,2606.13,TRUE,12.71666667,TRUE,FN,1,1383.123014,1307.405092,1461.483713,1378.457553,1306.191115,1464.311687,1380.42052,1308.547401,1462.837233,1388.108549,1312.111468,1460.175444,1400.864644,1319.854699,1477.249663,1265.086694,1201.49349,1331.607519
84,1690,,16,,,,2021-10-23 18:40:53+00:00,,,,Methane,277,4069,,,1515,3.771272995,47.0416,,,,2021-10-23 18:40:53+00:00,,,WV3/LARS,1,,WV3,LARS,UT 1 sigma,,,218027,8,218645,218027,FALSE,,218693.5667,218451.7833,218208,219472.7067,222886.7667,222823.6622,AZ,4.337666667,3.9235,3.858888889,4.1823,4.676916667,4.676916667,244.4333333,243,236.3111111,241.2033333,240.0533333,238.2966667,0.513061691,0.665021537,0.634648349,0.873980846,0.912301201,0.912301201,10.73724852,10.43949476,13.52703863,13.41473715,12.95389882,13.16439184,2021-10-23 18:26:42+00:00,0,2007,3908.2,TRUE,14.18333333,TRUE,TP,1,3946.475459,3733.852211,4164.791526,3927.938908,3716.857943,4135.665651,3936.455489,3714.315868,4165.556269,3952.908805,3737.933865,4180.538944,4012.906091,3814.2346,4247.224919,4011.045702,3808.841204,4229.398984
85,1705,,30,1,1,,2021-10-23 18:40:53+00:00,,,,Methane,318,1282,2758,522,1-sigma confidence interval,2.9,207,190,,,2021-10-23 18:40:53+00:00,,,WV3/Kayrros,1,,WV3,Kayrros,+/- 1 sigma,,,218027,8,218645,218027,FALSE,,218693.5667,218451.7833,218208,219472.7067,222886.7667,222823.6622,AZ,4.337666667,3.9235,3.858888889,4.1823,4.676916667,4.676916667,244.4333333,243,236.3111111,241.2033333,240.0533333,238.2966667,0.513061691,0.665021537,0.634648349,0.873980846,0.912301201,0.912301201,10.73724852,10.43949476,13.52703863,13.41473715,12.95389882,13.16439184,2021-10-23 18:26:42+00:00,0,2007,3908.2,TRUE,14.18333333,TRUE,TP,1,3946.064704,3731.219531,4172.138177,3940.887916,3734.206141,4149.396684,3930.920772,3717.157796,4142.715502,3957.254262,3745.660662,4187.135793,4020.250944,3808.753978,4260.245988,4018.420708,3829.280479,4251.379848
86,1742,,16,,,,2021-10-23 18:40:53+00:00,,,,Methane,277,4790,,,1876,4.673416667,,,,,2021-10-23 18:40:53+00:00,,,WV3/LARS,2,,WV3,LARS,UT 1 sigma,,,218027,8,218645,218027,FALSE,,218693.5667,218451.7833,218208,219472.7067,222886.7667,222823.6622,AZ,4.337666667,3.9235,3.858888889,4.1823,4.676916667,4.676916667,244.4333333,243,236.3111111,241.2033333,240.0533333,238.2966667,0.513061691,0.665021537,0.634648349,0.873980846,0.912301201,0.912301201,10.73724852,10.43949476,13.52703863,13.41473715,12.95389882,13.16439184,2021-10-23 18:26:42+00:00,0,2007,3908.2,TRUE,14.18333333,TRUE,TP,1,3948.690461,3729.158208,4169.330705,3938.32891,3731.222529,4165.366627,3928.574602,3710.703287,4143.580068,3950.005147,3739.328756,4189.653403,4011.644618,3806.75767,4224.039595,4009.838172,3797.734234,4217.441557
87,1757,,30,1,1,,2021-10-23 18:40:53+00:00,,,,Methane,318,1578,2053,1236,1-sigma confidence interval,4.31,207,190,,,2021-10-23 18:40:53+00:00,,,WV3/Kayrros,2,,WV3,Kayrros,+/- 1 sigma,,,218027,8,218645,218027,FALSE,,218693.5667,218451.7833,218208,219472.7067,222886.7667,222823.6622,AZ,4.337666667,3.9235,3.858888889,4.1823,4.676916667,4.676916667,244.4333333,243,236.3111111,241.2033333,240.0533333,238.2966667,0.513061691,0.665021537,0.634648349,0.873980846,0.912301201,0.912301201,10.73724852,10.43949476,13.52703863,13.41473715,12.95389882,13.16439184,2021-10-23 18:26:42+00:00,0,2007,3908.2,TRUE,14.18333333,TRUE,TP,1,3946.73304,3734.164764,4167.815838,3933.894696,3713.389622,4174.277016,3930.836852,3743.331526,4171.502146,3951.430025,3734.752406,4194.835732,4022.427898,3834.124952,4256.069523,4010.201758,3793.228368,4205.631266