datetime,channel_1,channel_2,channel_3,channel_4
10/21/21 19:21:19,48865,>Range,>Range,>Range
10/21/21 19:21:20,48861.6,>Range,>Range,>Range
10/21/21 19:21:21,48900.5,>Range,>Range,>Range
10/21/21 19:21:22,48962.8,>Range,>Range,>Range
10/21/21 19:21:23,48945.8,>Range,>Range,>Range
10/21/21 19:21:24,48891.6,>Range,>Range,>Range
10/21/21 19:21:25,48382.8,>Range,>Range,>Range
10/21/21 19:21:26,46788.5,>Range,>Range,>Range
10/21/21 19:21:27,44733.4,>Range,>Range,>Range
10/21/21 19:21:28,42950.5,>Range,>Range,>Range
10/21/21 19:21:29,41608.7,>Range,>Range,>Range
10/21/21 19:21:30,40516.4,>Range,>Range,>Range
10/21/21 19:21:31,39909.4,>Range,>Range,>Range
10/21/21 19:21:32,39631.7,>Range,>Range,>Range
10/21/21 19:21:33,39482.1,>Range,>Range,>Range
10/21/21 19:21:34,39384,>Range,>Range,>Range
10/21/21 19:21:35,39458.5,>Range,>Range,>Range
10/21/21 19:21:36,39657.1,>Range,>Range,>Range
10/21/21 19:21:37,39594.3,>Range,>Range,>Range
10/21/21 19:21:38,39430.1,>Range,>Range,>Range
10/21/21 19:21:39,39400.6,>Range,>Range,>Range
10/21/21 19:21:40,39304.9,>Range,>Range,>Range
10/21/21 19:21:41,39255.3,>Range,>Range,>Range
10/21/21 19:21:42,39152.5,>Range,>Range,>Range
10/21/21 19:21:43,39207.2,>Range,>Range,>Range
10/21/21 19:21:44,39265.8,>Range,>Range,>Range
10/21/21 19:21:45,39275.6,>Range,>Range,>Range
10/21/21 19:21:46,39254.7,>Range,>Range,>Range
10/21/21 19:21:47,39336.8,>Range,>Range,>Range
10/21/21 19:21:48,39370.8,>Range,>Range,>Range
10/21/21 19:21:49,39489.5,>Range,>Range,>Range
10/21/21 19:21:50,39408.3,>Range,>Range,>Range
10/21/21 19:21:51,39280.9,>Range,>Range,>Range
10/21/21 19:21:52,39060.9,>Range,>Range,>Range
10/21/21 19:21:53,38874.5,>Range,>Range,>Range
10/21/21 19:21:54,38783.8,>Range,>Range,>Range
10/21/21 19:21:55,38772.5,>Range,>Range,>Range
10/21/21 19:21:56,38856.4,>Range,>Range,>Range
10/21/21 19:21:57,39013.8,>Range,>Range,>Range
10/21/21 19:21:58,39068.4,>Range,>Range,>Range
10/21/21 19:21:59,39054.9,>Range,>Range,>Range
10/21/21 19:22:00,39156.6,>Range,>Range,>Range
10/21/21 19:22:01,39163.6,>Range,>Range,>Range
10/21/21 19:22:02,39258.9,>Range,>Range,>Range
10/21/21 19:22:03,39324.1,>Range,>Range,>Range
10/21/21 19:22:04,39160.9,>Range,>Range,>Range
10/21/21 19:22:05,39052.4,>Range,>Range,>Range
10/21/21 19:22:06,39332.5,>Range,>Range,>Range
10/21/21 19:22:07,40061.2,>Range,>Range,>Range
10/21/21 19:22:08,40785,>Range,>Range,>Range
10/21/21 19:22:09,41270.7,>Range,>Range,>Range
10/21/21 19:22:10,41814.9,>Range,>Range,>Range
10/21/21 19:22:11,42345.3,>Range,>Range,>Range
10/21/21 19:22:12,42718.6,>Range,>Range,>Range
10/21/21 19:22:13,42959.8,>Range,>Range,>Range
10/21/21 19:22:14,43163.9,>Range,>Range,>Range
10/21/21 19:22:15,43332.7,>Range,>Range,>Range
10/21/21 19:22:16,43287.7,>Range,>Range,>Range
10/21/21 19:22:17,43088,>Range,>Range,>Range
10/21/21 19:22:18,43077.4,>Range,>Range,>Range
10/21/21 19:22:19,43140.2,>Range,>Range,>Range
10/21/21 19:22:20,43156.5,>Range,>Range,>Range
10/21/21 19:22:21,43026.4,>Range,>Range,>Range
10/21/21 19:22:22,42813.8,>Range,>Range,>Range
10/21/21 19:22:23,42641.8,>Range,>Range,>Range
10/21/21 19:22:24,42606.6,>Range,>Range,>Range
10/21/21 19:22:25,42625.2,>Range,>Range,>Range
10/21/21 19:22:26,42737.9,>Range,>Range,>Range
10/21/21 19:22:27,42918.1,>Range,>Range,>Range
10/21/21 19:22:28,43026.3,>Range,>Range,>Range
10/21/21 19:22:29,43046.3,>Range,>Range,>Range
10/21/21 19:22:30,42973.2,>Range,>Range,>Range
10/21/21 19:22:31,42883.3,>Range,>Range,>Range
10/21/21 19:22:32,42866.6,>Range,>Range,>Range
10/21/21 19:22:33,42880.4,>Range,>Range,>Range
10/21/21 19:22:34,42742.8,>Range,>Range,>Range
10/21/21 19:22:35,42606.9,>Range,>Range,>Range
10/21/21 19:22:36,42446.3,>Range,>Range,>Range
10/21/21 19:22:37,42412.5,>Range,>Range,>Range
10/21/21 19:22:38,42558.8,>Range,>Range,>Range
10/21/21 19:22:39,42645.5,>Range,>Range,>Range
10/21/21 19:22:40,42650.4,>Range,>Range,>Range
10/21/21 19:22:41,42697.1,>Range,>Range,>Range
10/21/21 19:22:42,42682.7,>Range,>Range,>Range
10/21/21 19:22:43,42572.7,>Range,>Range,>Range
10/21/21 19:22:44,42398.1,>Range,>Range,>Range
10/21/21 19:22:45,42455.5,>Range,>Range,>Range
10/21/21 19:22:46,42520.6,>Range,>Range,>Range
10/21/21 19:22:47,42572.2,>Range,>Range,>Range
10/21/21 19:22:48,42670.6,>Range,>Range,>Range
10/21/21 19:22:49,42723.6,>Range,>Range,>Range
10/21/21 19:22:50,42763.7,>Range,>Range,>Range
10/21/21 19:22:51,42766.9,>Range,>Range,>Range
10/21/21 19:22:52,42728.1,>Range,>Range,>Range
10/21/21 19:22:53,42713.1,>Range,>Range,>Range
10/21/21 19:22:54,42733.4,>Range,>Range,>Range
10/21/21 19:22:55,42782.5,>Range,>Range,>Range
10/21/21 19:22:56,42824.2,>Range,>Range,>Range
10/21/21 19:22:57,42762.2,>Range,>Range,>Range
10/21/21 19:22:58,42659.9,>Range,>Range,>Range
10/21/21 19:22:59,42515.9,>Range,>Range,>Range
10/21/21 19:23:00,42649.4,>Range,>Range,>Range
10/21/21 19:23:01,42841.3,>Range,>Range,>Range
10/21/21 19:23:02,42913.2,>Range,>Range,>Range
10/21/21 19:23:03,42923.6,>Range,>Range,>Range
10/21/21 19:23:04,42929,>Range,>Range,>Range
10/21/21 19:23:05,42905.1,>Range,>Range,>Range
10/21/21 19:23:06,42847.7,>Range,>Range,>Range
10/21/21 19:23:07,42956.7,>Range,>Range,>Range
10/21/21 19:23:08,43018.4,>Range,>Range,>Range
10/21/21 19:23:09,42910.3,>Range,>Range,>Range
10/21/21 19:23:10,42735.7,>Range,>Range,>Range
10/21/21 19:23:11,42681.2,>Range,>Range,>Range
10/21/21 19:23:12,42688.4,>Range,>Range,>Range
10/21/21 19:23:13,42624,>Range,>Range,>Range
10/21/21 19:23:14,42522.2,>Range,>Range,>Range
10/21/21 19:23:15,42459.3,>Range,>Range,>Range
10/21/21 19:23:16,42493.8,>Range,>Range,>Range
10/21/21 19:23:17,42589.9,>Range,>Range,>Range
10/21/21 19:23:18,42558.9,>Range,>Range,>Range
10/21/21 19:23:19,42563.3,>Range,>Range,>Range
10/21/21 19:23:20,42666.5,>Range,>Range,>Range
10/21/21 19:23:21,42752.2,>Range,>Range,>Range
10/21/21 19:23:22,42798.7,>Range,>Range,>Range
10/21/21 19:23:23,42701.6,>Range,>Range,>Range
10/21/21 19:23:24,42656.3,>Range,>Range,>Range
10/21/21 19:23:25,42766.4,>Range,>Range,>Range
10/21/21 19:23:26,42744.7,>Range,>Range,>Range
10/21/21 19:23:27,42676,>Range,>Range,>Range
10/21/21 19:23:28,42678.6,>Range,>Range,>Range
10/21/21 19:23:29,42541.7,>Range,>Range,>Range
10/21/21 19:23:30,42428.9,>Range,>Range,>Range
10/21/21 19:23:31,42456.7,>Range,>Range,>Range
10/21/21 19:23:32,42516.4,>Range,>Range,>Range
10/21/21 19:23:33,42529.6,>Range,>Range,>Range
10/21/21 19:23:34,42552.9,>Range,>Range,>Range
10/21/21 19:23:35,42504.2,>Range,>Range,>Range
10/21/21 19:23:36,42441.5,>Range,>Range,>Range
10/21/21 19:23:37,42405.6,>Range,>Range,>Range
10/21/21 19:23:38,42401.8,>Range,>Range,>Range
10/21/21 19:23:39,42454.1,>Range,>Range,>Range
10/21/21 19:23:40,42492.5,>Range,>Range,>Range
10/21/21 19:23:41,42627.9,>Range,>Range,>Range
10/21/21 19:23:42,42689.8,>Range,>Range,>Range
10/21/21 19:23:43,42706,>Range,>Range,>Range
10/21/21 19:23:44,42742.1,>Range,>Range,>Range
10/21/21 19:23:45,42831.4,>Range,>Range,>Range
10/21/21 19:23:46,42890.4,>Range,>Range,>Range
10/21/21 19:23:47,42854.6,>Range,>Range,>Range
10/21/21 19:23:48,42910.7,>Range,>Range,>Range
10/21/21 19:23:49,42922.1,>Range,>Range,>Range
10/21/21 19:23:50,42809.8,>Range,>Range,>Range
10/21/21 19:23:51,42721.9,>Range,>Range,>Range
10/21/21 19:23:52,42767.2,>Range,>Range,>Range
10/21/21 19:23:53,42852.1,>Range,>Range,>Range
10/21/21 19:23:54,42844.7,>Range,>Range,>Range
10/21/21 19:23:55,42740.3,>Range,>Range,>Range
10/21/21 19:23:56,42616.3,>Range,>Range,>Range
10/21/21 19:23:57,42536.2,>Range,>Range,>Range
10/21/21 19:23:58,42602.8,>Range,>Range,>Range
10/21/21 19:23:59,42671.7,>Range,>Range,>Range
10/21/21 19:24:00,42802.7,>Range,>Range,>Range
10/21/21 19:24:01,42800.5,>Range,>Range,>Range
10/21/21 19:24:02,42663.2,>Range,>Range,>Range
10/21/21 19:24:03,42657.3,>Range,>Range,>Range
10/21/21 19:24:04,42693.9,>Range,>Range,>Range
10/21/21 19:24:05,42621.5,>Range,>Range,>Range
10/21/21 19:24:06,42493.7,>Range,>Range,>Range
10/21/21 19:24:07,42410.1,>Range,>Range,>Range
10/21/21 19:24:08,42351.1,>Range,>Range,>Range
10/21/21 19:24:09,42302.8,>Range,>Range,>Range
10/21/21 19:24:10,42234.1,>Range,>Range,>Range
10/21/21 19:24:11,42269.1,>Range,>Range,>Range
10/21/21 19:24:12,42413.3,>Range,>Range,>Range
10/21/21 19:24:13,42668.9,>Range,>Range,>Range
10/21/21 19:24:14,42719.9,>Range,>Range,>Range
10/21/21 19:24:15,42570.2,>Range,>Range,>Range
10/21/21 19:24:16,42523.6,>Range,>Range,>Range
10/21/21 19:24:17,42625.3,>Range,>Range,>Range
10/21/21 19:24:18,42673,>Range,>Range,>Range
10/21/21 19:24:19,42694.2,>Range,>Range,>Range
10/21/21 19:24:20,42649.5,>Range,>Range,>Range
10/21/21 19:24:21,42573.3,>Range,>Range,>Range
10/21/21 19:24:22,42522.1,>Range,>Range,>Range
10/21/21 19:24:23,42465.4,>Range,>Range,>Range
10/21/21 19:24:24,42473,>Range,>Range,>Range
10/21/21 19:24:25,42475.3,>Range,>Range,>Range
10/21/21 19:24:26,42472.2,>Range,>Range,>Range
10/21/21 19:24:27,42475.3,>Range,>Range,>Range
10/21/21 19:24:28,42575.9,>Range,>Range,>Range
10/21/21 19:24:29,42611.6,>Range,>Range,>Range
10/21/21 19:24:30,42456.1,>Range,>Range,>Range
10/21/21 19:24:31,42311.1,>Range,>Range,>Range
10/21/21 19:24:32,42265.8,>Range,>Range,>Range
10/21/21 19:24:33,42304.8,>Range,>Range,>Range
10/21/21 19:24:34,42520.1,>Range,>Range,>Range
10/21/21 19:24:35,42550.8,>Range,>Range,>Range
10/21/21 19:24:36,42268.7,>Range,>Range,>Range
10/21/21 19:24:37,42067.6,>Range,>Range,>Range
10/21/21 19:24:38,42114.4,>Range,>Range,>Range
10/21/21 19:24:39,42173.2,>Range,>Range,>Range
10/21/21 19:24:40,42300.8,>Range,>Range,>Range
10/21/21 19:24:41,42481.4,>Range,>Range,>Range
10/21/21 19:24:42,42511,>Range,>Range,>Range
10/21/21 19:24:43,42522.3,>Range,>Range,>Range
10/21/21 19:24:44,42567.3,>Range,>Range,>Range
10/21/21 19:24:45,42622.1,>Range,>Range,>Range
10/21/21 19:24:46,42719.4,>Range,>Range,>Range
10/21/21 19:24:47,42757.3,>Range,>Range,>Range
10/21/21 19:24:48,42716.1,>Range,>Range,>Range
10/21/21 19:24:49,42708.3,>Range,>Range,>Range
10/21/21 19:24:50,42752.5,>Range,>Range,>Range
10/21/21 19:24:51,42851.4,>Range,>Range,>Range
10/21/21 19:24:52,42835.4,>Range,>Range,>Range
10/21/21 19:24:53,42847.8,>Range,>Range,>Range
10/21/21 19:24:54,42846.4,>Range,>Range,>Range
10/21/21 19:24:55,42875.3,>Range,>Range,>Range
10/21/21 19:24:56,42807.2,>Range,>Range,>Range
10/21/21 19:24:57,42808.1,>Range,>Range,>Range
10/21/21 19:24:58,42811.3,>Range,>Range,>Range
10/21/21 19:24:59,42780.5,>Range,>Range,>Range
10/21/21 19:25:00,42725.1,>Range,>Range,>Range
10/21/21 19:25:01,42727.7,>Range,>Range,>Range
10/21/21 19:25:02,42716.4,>Range,>Range,>Range
10/21/21 19:25:03,42722,>Range,>Range,>Range
10/21/21 19:25:04,42695.4,>Range,>Range,>Range
10/21/21 19:25:05,42618.6,>Range,>Range,>Range
10/21/21 19:25:06,42564.9,>Range,>Range,>Range
10/21/21 19:25:07,42531.6,>Range,>Range,>Range
10/21/21 19:25:08,42600.6,>Range,>Range,>Range
10/21/21 19:25:09,42715.4,>Range,>Range,>Range
10/21/21 19:25:10,42669.7,>Range,>Range,>Range
10/21/21 19:25:11,42589.2,>Range,>Range,>Range
10/21/21 19:25:12,42566.6,>Range,>Range,>Range
10/21/21 19:25:13,42550,>Range,>Range,>Range
10/21/21 19:25:14,42578.3,>Range,>Range,>Range
10/21/21 19:25:15,42549.5,>Range,>Range,>Range
10/21/21 19:25:16,42455.3,>Range,>Range,>Range
10/21/21 19:25:17,42513.6,>Range,>Range,>Range
10/21/21 19:25:18,42548.2,>Range,>Range,>Range
10/21/21 19:25:19,42513,>Range,>Range,>Range
10/21/21 19:25:20,42507.4,>Range,>Range,>Range
10/21/21 19:25:21,42514,>Range,>Range,>Range
10/21/21 19:25:22,42563.6,>Range,>Range,>Range
10/21/21 19:25:23,42752.2,>Range,>Range,>Range
10/21/21 19:25:24,42760.9,>Range,>Range,>Range
10/21/21 19:25:25,42721.4,>Range,>Range,>Range
10/21/21 19:25:26,42838.3,>Range,>Range,>Range
10/21/21 19:25:27,42934.9,>Range,>Range,>Range
10/21/21 19:25:28,42885.7,>Range,>Range,>Range
10/21/21 19:25:29,42868.9,>Range,>Range,>Range
10/21/21 19:25:30,42911.6,>Range,>Range,>Range
10/21/21 19:25:31,42930.3,>Range,>Range,>Range
10/21/21 19:25:32,42981.5,>Range,>Range,>Range
10/21/21 19:25:33,42959.4,>Range,>Range,>Range
10/21/21 19:25:34,42846.5,>Range,>Range,>Range
10/21/21 19:25:35,42811.7,>Range,>Range,>Range
10/21/21 19:25:36,42876.2,>Range,>Range,>Range
10/21/21 19:25:37,42844,>Range,>Range,>Range
10/21/21 19:25:38,42819.3,>Range,>Range,>Range
10/21/21 19:25:39,42816.2,>Range,>Range,>Range
10/21/21 19:25:40,42751.8,>Range,>Range,>Range
10/21/21 19:25:41,42672.9,>Range,>Range,>Range
10/21/21 19:25:42,42594.3,>Range,>Range,>Range
10/21/21 19:25:43,42511.6,>Range,>Range,>Range
10/21/21 19:25:44,42497,>Range,>Range,>Range
10/21/21 19:25:45,42576.9,>Range,>Range,>Range
10/21/21 19:25:46,42596,>Range,>Range,>Range
10/21/21 19:25:47,42473.2,>Range,>Range,>Range
10/21/21 19:25:48,42404.3,>Range,>Range,>Range
10/21/21 19:25:49,42355.3,>Range,>Range,>Range
10/21/21 19:25:50,42356.2,>Range,>Range,>Range
10/21/21 19:25:51,42326.8,>Range,>Range,>Range
10/21/21 19:25:52,42419.8,>Range,>Range,>Range
10/21/21 19:25:53,42489.4,>Range,>Range,>Range
10/21/21 19:25:54,42491.1,>Range,>Range,>Range
10/21/21 19:25:55,42440.2,>Range,>Range,>Range
10/21/21 19:25:56,42420.4,>Range,>Range,>Range
10/21/21 19:25:57,42414,>Range,>Range,>Range
10/21/21 19:25:58,42503.4,>Range,>Range,>Range
10/21/21 19:25:59,42574.8,>Range,>Range,>Range
10/21/21 19:26:00,42593.1,>Range,>Range,>Range
10/21/21 19:26:01,42598.4,>Range,>Range,>Range
10/21/21 19:26:02,42607.5,>Range,>Range,>Range
10/21/21 19:26:03,42565.6,>Range,>Range,>Range
10/21/21 19:26:04,42545.6,>Range,>Range,>Range
10/21/21 19:26:05,42761.1,>Range,>Range,>Range
10/21/21 19:26:06,42829.1,>Range,>Range,>Range
10/21/21 19:26:07,42835.1,>Range,>Range,>Range
10/21/21 19:26:08,42704.5,>Range,>Range,>Range
10/21/21 19:26:09,42581.7,>Range,>Range,>Range
10/21/21 19:26:10,42593.4,>Range,>Range,>Range
10/21/21 19:26:11,42679.2,>Range,>Range,>Range
10/21/21 19:26:12,42611.1,>Range,>Range,>Range
10/21/21 19:26:13,42388.1,>Range,>Range,>Range
10/21/21 19:26:14,42203.6,>Range,>Range,>Range
10/21/21 19:26:15,42076.4,>Range,>Range,>Range
10/21/21 19:26:16,42154.1,>Range,>Range,>Range
10/21/21 19:26:17,42403.6,>Range,>Range,>Range
10/21/21 19:26:18,42621.9,>Range,>Range,>Range
10/21/21 19:26:19,42706,>Range,>Range,>Range
10/21/21 19:26:20,42822.4,>Range,>Range,>Range
10/21/21 19:26:21,42950.1,>Range,>Range,>Range
10/21/21 19:26:22,42857.9,>Range,>Range,>Range
10/21/21 19:26:23,42740.8,>Range,>Range,>Range
10/21/21 19:26:24,42582.9,>Range,>Range,>Range
10/21/21 19:26:25,42560.7,>Range,>Range,>Range
10/21/21 19:26:26,42490.9,>Range,>Range,>Range
10/21/21 19:26:27,42421.3,>Range,>Range,>Range
10/21/21 19:26:28,42345.2,>Range,>Range,>Range
10/21/21 19:26:29,42335.2,>Range,>Range,>Range
10/21/21 19:26:30,42321.3,>Range,>Range,>Range
10/21/21 19:26:31,42337.8,>Range,>Range,>Range
10/21/21 19:26:32,42399.2,>Range,>Range,>Range
10/21/21 19:26:33,42452.9,>Range,>Range,>Range
10/21/21 19:26:34,42553.4,>Range,>Range,>Range
10/21/21 19:26:35,42610.7,>Range,>Range,>Range
10/21/21 19:26:36,42611.7,>Range,>Range,>Range
10/21/21 19:26:37,42439.2,>Range,>Range,>Range
10/21/21 19:26:38,42245.6,>Range,>Range,>Range
10/21/21 19:26:39,42080.7,>Range,>Range,>Range
10/21/21 19:26:40,42164.4,>Range,>Range,>Range
10/21/21 19:26:41,42330.8,>Range,>Range,>Range
10/21/21 19:26:42,42473,>Range,>Range,>Range
10/21/21 19:26:43,42526.1,>Range,>Range,>Range
10/21/21 19:26:44,42490.4,>Range,>Range,>Range
10/21/21 19:26:45,42346,>Range,>Range,>Range
10/21/21 19:26:46,42194.5,>Range,>Range,>Range
10/21/21 19:26:47,42063.3,>Range,>Range,>Range
10/21/21 19:26:48,42002.4,>Range,>Range,>Range
10/21/21 19:26:49,41895.1,>Range,>Range,>Range
10/21/21 19:26:50,41893.6,>Range,>Range,>Range
10/21/21 19:26:51,42039,>Range,>Range,>Range
10/21/21 19:26:52,42219.7,>Range,>Range,>Range
10/21/21 19:26:53,42229.1,>Range,>Range,>Range
10/21/21 19:26:54,42321.6,>Range,>Range,>Range
10/21/21 19:26:55,42526.7,>Range,>Range,>Range
10/21/21 19:26:56,42572.8,>Range,>Range,>Range
10/21/21 19:26:57,42510.7,>Range,>Range,>Range
10/21/21 19:26:58,42343.8,>Range,>Range,>Range
10/21/21 19:26:59,42248.8,>Range,>Range,>Range
10/21/21 19:27:00,42395.5,>Range,>Range,>Range
10/21/21 19:27:01,42552.4,>Range,>Range,>Range
10/21/21 19:27:02,42599.9,>Range,>Range,>Range
10/21/21 19:27:03,42495.1,>Range,>Range,>Range
10/21/21 19:27:04,42324,>Range,>Range,>Range
10/21/21 19:27:05,42251.4,>Range,>Range,>Range
10/21/21 19:27:06,42266.7,>Range,>Range,>Range
10/21/21 19:27:07,42284,>Range,>Range,>Range
10/21/21 19:27:08,42250.6,>Range,>Range,>Range
10/21/21 19:27:09,42299.9,>Range,>Range,>Range
10/21/21 19:27:10,42413.7,>Range,>Range,>Range
10/21/21 19:27:11,42382.9,>Range,>Range,>Range
10/21/21 19:27:12,42221,>Range,>Range,>Range
10/21/21 19:27:13,42207.3,>Range,>Range,>Range
10/21/21 19:27:14,42381.4,>Range,>Range,>Range
10/21/21 19:27:15,42473.1,>Range,>Range,>Range
10/21/21 19:27:16,42509.1,>Range,>Range,>Range
10/21/21 19:27:17,42432.4,>Range,>Range,>Range
10/21/21 19:27:18,42423.4,>Range,>Range,>Range
10/21/21 19:27:19,42436.6,>Range,>Range,>Range
10/21/21 19:27:20,42408.7,>Range,>Range,>Range
10/21/21 19:27:21,42301.1,>Range,>Range,>Range
10/21/21 19:27:22,42313.6,>Range,>Range,>Range
10/21/21 19:27:23,42380.4,>Range,>Range,>Range
10/21/21 19:27:24,42425.8,>Range,>Range,>Range
10/21/21 19:27:25,42458.3,>Range,>Range,>Range
10/21/21 19:27:26,42547.6,>Range,>Range,>Range
10/21/21 19:27:27,42547.2,>Range,>Range,>Range
10/21/21 19:27:28,42532.9,>Range,>Range,>Range
10/21/21 19:27:29,42525.8,>Range,>Range,>Range
10/21/21 19:27:30,42516.2,>Range,>Range,>Range
10/21/21 19:27:31,42484,>Range,>Range,>Range
10/21/21 19:27:32,42485.6,>Range,>Range,>Range
10/21/21 19:27:33,42478.1,>Range,>Range,>Range
10/21/21 19:27:34,42395.5,>Range,>Range,>Range
10/21/21 19:27:35,42216.2,>Range,>Range,>Range
10/21/21 19:27:36,42207.1,>Range,>Range,>Range
10/21/21 19:27:37,42364.9,>Range,>Range,>Range
10/21/21 19:27:38,42522,>Range,>Range,>Range
10/21/21 19:27:39,42579.4,>Range,>Range,>Range
10/21/21 19:27:40,42491.3,>Range,>Range,>Range
10/21/21 19:27:41,42383.1,>Range,>Range,>Range
10/21/21 19:27:42,42449,>Range,>Range,>Range
10/21/21 19:27:43,42642.2,>Range,>Range,>Range
10/21/21 19:27:44,42651.4,>Range,>Range,>Range
10/21/21 19:27:45,42609.8,>Range,>Range,>Range
10/21/21 19:27:46,42456.3,>Range,>Range,>Range
10/21/21 19:27:47,42468.5,>Range,>Range,>Range
10/21/21 19:27:48,42515,>Range,>Range,>Range
10/21/21 19:27:49,42442.8,>Range,>Range,>Range
10/21/21 19:27:50,42466.4,>Range,>Range,>Range
10/21/21 19:27:51,42539.8,>Range,>Range,>Range
10/21/21 19:27:52,42556.2,>Range,>Range,>Range
10/21/21 19:27:53,42579.3,>Range,>Range,>Range
10/21/21 19:27:54,42562.3,>Range,>Range,>Range
10/21/21 19:27:55,42402.4,>Range,>Range,>Range
10/21/21 19:27:56,42336.8,>Range,>Range,>Range
10/21/21 19:27:57,42336,>Range,>Range,>Range
10/21/21 19:27:58,42352.8,>Range,>Range,>Range
10/21/21 19:27:59,42366,>Range,>Range,>Range
10/21/21 19:28:00,42376.4,>Range,>Range,>Range
10/21/21 19:28:01,42420.7,>Range,>Range,>Range
10/21/21 19:28:02,42452.2,>Range,>Range,>Range
10/21/21 19:28:03,42573.3,>Range,>Range,>Range
10/21/21 19:28:04,42641.1,>Range,>Range,>Range
10/21/21 19:28:05,42699.8,>Range,>Range,>Range
10/21/21 19:28:06,42693.2,>Range,>Range,>Range
10/21/21 19:28:07,42553.2,>Range,>Range,>Range
10/21/21 19:28:08,42447.9,>Range,>Range,>Range
10/21/21 19:28:09,42470.6,>Range,>Range,>Range
10/21/21 19:28:10,42415.8,>Range,>Range,>Range
10/21/21 19:28:11,42317.3,>Range,>Range,>Range
10/21/21 19:28:12,42280.9,>Range,>Range,>Range
10/21/21 19:28:13,42383.1,>Range,>Range,>Range
10/21/21 19:28:14,42314.8,>Range,>Range,>Range
10/21/21 19:28:15,42258.9,>Range,>Range,>Range
10/21/21 19:28:16,42294.2,>Range,>Range,>Range
10/21/21 19:28:17,42211.7,>Range,>Range,>Range
10/21/21 19:28:18,42204.6,>Range,>Range,>Range
10/21/21 19:28:19,42281.7,>Range,>Range,>Range
10/21/21 19:28:20,42229.4,>Range,>Range,>Range
10/21/21 19:28:21,42196.9,>Range,>Range,>Range
10/21/21 19:28:22,42124.3,>Range,>Range,>Range
10/21/21 19:28:23,42131.7,>Range,>Range,>Range
10/21/21 19:28:24,42290.7,>Range,>Range,>Range
10/21/21 19:28:25,42389.1,>Range,>Range,>Range
10/21/21 19:28:26,42370.4,>Range,>Range,>Range
10/21/21 19:28:27,42333,>Range,>Range,>Range
10/21/21 19:28:28,42381.1,>Range,>Range,>Range
10/21/21 19:28:29,42403.7,>Range,>Range,>Range
10/21/21 19:28:30,42400.4,>Range,>Range,>Range
10/21/21 19:28:31,42250.3,>Range,>Range,>Range
10/21/21 19:28:32,42136,>Range,>Range,>Range
10/21/21 19:28:33,42112.3,>Range,>Range,>Range
10/21/21 19:28:34,42114.7,>Range,>Range,>Range
10/21/21 19:28:35,41986.8,>Range,>Range,>Range
10/21/21 19:28:36,42075.3,>Range,>Range,>Range
10/21/21 19:28:37,42167.9,>Range,>Range,>Range
10/21/21 19:28:38,42149.6,>Range,>Range,>Range
10/21/21 19:28:39,42149.4,>Range,>Range,>Range
10/21/21 19:28:40,42268.6,>Range,>Range,>Range
10/21/21 19:28:41,42445,>Range,>Range,>Range
10/21/21 19:28:42,42440.5,>Range,>Range,>Range
10/21/21 19:28:43,42328,>Range,>Range,>Range
10/21/21 19:28:44,42275.8,>Range,>Range,>Range
10/21/21 19:28:45,42334.3,>Range,>Range,>Range
10/21/21 19:28:46,42369.1,>Range,>Range,>Range
10/21/21 19:28:47,42305.4,>Range,>Range,>Range
10/21/21 19:28:48,42313.7,>Range,>Range,>Range
10/21/21 19:28:49,42462.9,>Range,>Range,>Range
10/21/21 19:28:50,42495,>Range,>Range,>Range
10/21/21 19:28:51,42522,>Range,>Range,>Range
10/21/21 19:28:52,42384.7,>Range,>Range,>Range
10/21/21 19:28:53,42251.3,>Range,>Range,>Range
10/21/21 19:28:54,42294.6,>Range,>Range,>Range
10/21/21 19:28:55,42374.5,>Range,>Range,>Range
10/21/21 19:28:56,42454.7,>Range,>Range,>Range
10/21/21 19:28:57,42435.2,>Range,>Range,>Range
10/21/21 19:28:58,42247.9,>Range,>Range,>Range
10/21/21 19:28:59,42151.2,>Range,>Range,>Range
10/21/21 19:29:00,42102.1,>Range,>Range,>Range
10/21/21 19:29:01,42070.6,>Range,>Range,>Range
10/21/21 19:29:02,42083.6,>Range,>Range,>Range
10/21/21 19:29:03,42013.6,>Range,>Range,>Range
10/21/21 19:29:04,42017.5,>Range,>Range,>Range
10/21/21 19:29:05,42078.2,>Range,>Range,>Range
10/21/21 19:29:06,42103.5,>Range,>Range,>Range
10/21/21 19:29:07,42022,>Range,>Range,>Range
10/21/21 19:29:08,41940.7,>Range,>Range,>Range
10/21/21 19:29:09,41900.7,>Range,>Range,>Range
10/21/21 19:29:10,41922.1,>Range,>Range,>Range
10/21/21 19:29:11,41894.3,>Range,>Range,>Range
10/21/21 19:29:12,41782.1,>Range,>Range,>Range
10/21/21 19:29:13,41724.5,>Range,>Range,>Range
10/21/21 19:29:14,41759.7,>Range,>Range,>Range
10/21/21 19:29:15,41753.5,>Range,>Range,>Range
10/21/21 19:29:16,41914.8,>Range,>Range,>Range
10/21/21 19:29:17,42097.6,>Range,>Range,>Range
10/21/21 19:29:18,42192.8,>Range,>Range,>Range
10/21/21 19:29:19,42124,>Range,>Range,>Range
10/21/21 19:29:20,42073.1,>Range,>Range,>Range
10/21/21 19:29:21,42101.7,>Range,>Range,>Range
10/21/21 19:29:22,42264.6,>Range,>Range,>Range
10/21/21 19:29:23,42379.2,>Range,>Range,>Range
10/21/21 19:29:24,42456.1,>Range,>Range,>Range
10/21/21 19:29:25,42433.6,>Range,>Range,>Range
10/21/21 19:29:26,42376.8,>Range,>Range,>Range
10/21/21 19:29:27,42403.4,>Range,>Range,>Range
10/21/21 19:29:28,42460.8,>Range,>Range,>Range
10/21/21 19:29:29,42398.4,>Range,>Range,>Range
10/21/21 19:29:30,42292.3,>Range,>Range,>Range
10/21/21 19:29:31,42156.8,>Range,>Range,>Range
10/21/21 19:29:32,42156.3,>Range,>Range,>Range
10/21/21 19:29:33,42132,>Range,>Range,>Range
10/21/21 19:29:34,42131.3,>Range,>Range,>Range
10/21/21 19:29:35,42126.7,>Range,>Range,>Range
10/21/21 19:29:36,42219.2,>Range,>Range,>Range
10/21/21 19:29:37,42325.6,>Range,>Range,>Range
10/21/21 19:29:38,42314,>Range,>Range,>Range
10/21/21 19:29:39,42235.9,>Range,>Range,>Range
10/21/21 19:29:40,42323.4,>Range,>Range,>Range
10/21/21 19:29:41,42312.1,>Range,>Range,>Range
10/21/21 19:29:42,42194.3,>Range,>Range,>Range
10/21/21 19:29:43,42195.1,>Range,>Range,>Range
10/21/21 19:29:44,42208.1,>Range,>Range,>Range
10/21/21 19:29:45,42134.4,>Range,>Range,>Range
10/21/21 19:29:46,42093.8,>Range,>Range,>Range
10/21/21 19:29:47,42063,>Range,>Range,>Range
10/21/21 19:29:48,41994.7,>Range,>Range,>Range
10/21/21 19:29:49,41949.6,>Range,>Range,>Range
10/21/21 19:29:50,42008.4,>Range,>Range,>Range
10/21/21 19:29:51,42181.2,>Range,>Range,>Range
10/21/21 19:29:52,42296.4,>Range,>Range,>Range
10/21/21 19:29:53,42212.3,>Range,>Range,>Range
10/21/21 19:29:54,42105.2,>Range,>Range,>Range
10/21/21 19:29:55,42023.5,>Range,>Range,>Range
10/21/21 19:29:56,42029.1,>Range,>Range,>Range
10/21/21 19:29:57,42058,>Range,>Range,>Range
10/21/21 19:29:58,42102,>Range,>Range,>Range
10/21/21 19:29:59,42210.8,>Range,>Range,>Range
10/21/21 19:30:00,42311.1,>Range,>Range,>Range
10/21/21 19:30:01,42425.3,>Range,>Range,>Range
10/21/21 19:30:02,42525.2,>Range,>Range,>Range
10/21/21 19:30:03,42434.4,>Range,>Range,>Range
10/21/21 19:30:04,42400.6,>Range,>Range,>Range
10/21/21 19:30:05,42395,>Range,>Range,>Range
10/21/21 19:30:06,42319.2,>Range,>Range,>Range
10/21/21 19:30:07,42233.7,>Range,>Range,>Range
10/21/21 19:30:08,42215.6,>Range,>Range,>Range
10/21/21 19:30:09,42085.7,>Range,>Range,>Range
10/21/21 19:30:10,42048.5,>Range,>Range,>Range
10/21/21 19:30:11,42127.3,>Range,>Range,>Range
10/21/21 19:30:12,42172.3,>Range,>Range,>Range
10/21/21 19:30:13,42210.9,>Range,>Range,>Range
10/21/21 19:30:14,42268.7,>Range,>Range,>Range
10/21/21 19:30:15,42229.7,>Range,>Range,>Range
10/21/21 19:30:16,42147.6,>Range,>Range,>Range
10/21/21 19:30:17,42115.4,>Range,>Range,>Range
10/21/21 19:30:18,42152.3,>Range,>Range,>Range
10/21/21 19:30:19,42225.9,>Range,>Range,>Range
10/21/21 19:30:20,42305.5,>Range,>Range,>Range
10/21/21 19:30:21,42295.2,>Range,>Range,>Range
10/21/21 19:30:22,42249.4,>Range,>Range,>Range
10/21/21 19:30:23,42156.5,>Range,>Range,>Range
10/21/21 19:30:24,42066,>Range,>Range,>Range
10/21/21 19:30:25,42101.8,>Range,>Range,>Range
10/21/21 19:30:26,42185.3,>Range,>Range,>Range
10/21/21 19:30:27,42334.1,>Range,>Range,>Range
10/21/21 19:30:28,42442.3,>Range,>Range,>Range
10/21/21 19:30:29,42465.8,>Range,>Range,>Range
10/21/21 19:30:30,42367.9,>Range,>Range,>Range
10/21/21 19:30:31,42264.2,>Range,>Range,>Range
10/21/21 19:30:32,42169.8,>Range,>Range,>Range
10/21/21 19:30:33,42056.4,>Range,>Range,>Range
10/21/21 19:30:34,42050.2,>Range,>Range,>Range
10/21/21 19:30:35,42108.6,>Range,>Range,>Range
10/21/21 19:30:36,42032.6,>Range,>Range,>Range
10/21/21 19:30:37,41961.8,>Range,>Range,>Range
10/21/21 19:30:38,41969.8,>Range,>Range,>Range
10/21/21 19:30:39,42069.1,>Range,>Range,>Range
10/21/21 19:30:40,42035.9,>Range,>Range,>Range
10/21/21 19:30:41,42016.4,>Range,>Range,>Range
10/21/21 19:30:42,42022.4,>Range,>Range,>Range
10/21/21 19:30:43,42040.5,>Range,>Range,>Range
10/21/21 19:30:44,41987.4,>Range,>Range,>Range
10/21/21 19:30:45,41939.1,>Range,>Range,>Range
10/21/21 19:30:46,42035,>Range,>Range,>Range
10/21/21 19:30:47,42097.4,>Range,>Range,>Range
10/21/21 19:30:48,42050.9,>Range,>Range,>Range
10/21/21 19:30:49,42002.8,>Range,>Range,>Range
10/21/21 19:30:50,42033.4,>Range,>Range,>Range
10/21/21 19:30:51,42080.5,>Range,>Range,>Range
10/21/21 19:30:52,42196,>Range,>Range,>Range
10/21/21 19:30:53,42275.7,>Range,>Range,>Range
10/21/21 19:30:54,42226.8,>Range,>Range,>Range
10/21/21 19:30:55,42166,>Range,>Range,>Range
10/21/21 19:30:56,42093.5,>Range,>Range,>Range
10/21/21 19:30:57,42076.6,>Range,>Range,>Range
10/21/21 19:30:58,42021.9,>Range,>Range,>Range
10/21/21 19:30:59,42003.8,>Range,>Range,>Range
10/21/21 19:31:00,41926.9,>Range,>Range,>Range
10/21/21 19:31:01,41976.2,>Range,>Range,>Range
10/21/21 19:31:02,41958,>Range,>Range,>Range
10/21/21 19:31:03,41975.1,>Range,>Range,>Range
10/21/21 19:31:04,41990.1,>Range,>Range,>Range
10/21/21 19:31:05,42000.8,>Range,>Range,>Range
10/21/21 19:31:06,42018.6,>Range,>Range,>Range
10/21/21 19:31:07,42079.7,>Range,>Range,>Range
10/21/21 19:31:08,42104,>Range,>Range,>Range
10/21/21 19:31:09,42177.3,>Range,>Range,>Range
10/21/21 19:31:10,42245.1,>Range,>Range,>Range
10/21/21 19:31:11,42276.9,>Range,>Range,>Range
10/21/21 19:31:12,42338.8,>Range,>Range,>Range
10/21/21 19:31:13,42454.4,>Range,>Range,>Range
10/21/21 19:31:14,42535.3,>Range,>Range,>Range
10/21/21 19:31:15,42493,>Range,>Range,>Range
10/21/21 19:31:16,42414.6,>Range,>Range,>Range
10/21/21 19:31:17,42148,>Range,>Range,>Range
10/21/21 19:31:18,41994.5,>Range,>Range,>Range
10/21/21 19:31:19,42020.9,>Range,>Range,>Range
10/21/21 19:31:20,42040.8,>Range,>Range,>Range
10/21/21 19:31:21,41850.3,>Range,>Range,>Range
10/21/21 19:31:22,41647.7,>Range,>Range,>Range
10/21/21 19:31:23,41694.4,>Range,>Range,>Range
10/21/21 19:31:24,41766.3,>Range,>Range,>Range
10/21/21 19:31:25,41710.2,>Range,>Range,>Range
10/21/21 19:31:26,41833.2,>Range,>Range,>Range
10/21/21 19:31:27,42064.9,>Range,>Range,>Range
10/21/21 19:31:28,42161.9,>Range,>Range,>Range
10/21/21 19:31:29,42084.5,>Range,>Range,>Range
10/21/21 19:31:30,42041.7,>Range,>Range,>Range
10/21/21 19:31:31,41970.4,>Range,>Range,>Range
10/21/21 19:31:32,41838.7,>Range,>Range,>Range
10/21/21 19:31:33,41814.6,>Range,>Range,>Range
10/21/21 19:31:34,42004,>Range,>Range,>Range
10/21/21 19:31:35,42153.1,>Range,>Range,>Range
10/21/21 19:31:36,42155.9,>Range,>Range,>Range
10/21/21 19:31:37,42172.7,>Range,>Range,>Range
10/21/21 19:31:38,42195.8,>Range,>Range,>Range
10/21/21 19:31:39,42094.9,>Range,>Range,>Range
10/21/21 19:31:40,41962.4,>Range,>Range,>Range
10/21/21 19:31:41,41886.3,>Range,>Range,>Range
10/21/21 19:31:42,42021.3,>Range,>Range,>Range
10/21/21 19:31:43,42216.1,>Range,>Range,>Range
10/21/21 19:31:44,42456.8,>Range,>Range,>Range
10/21/21 19:31:45,42600.9,>Range,>Range,>Range
10/21/21 19:31:46,42581.2,>Range,>Range,>Range
10/21/21 19:31:47,42420.4,>Range,>Range,>Range
10/21/21 19:31:48,42340,>Range,>Range,>Range
10/21/21 19:31:49,42325.8,>Range,>Range,>Range
10/21/21 19:31:50,42274.1,>Range,>Range,>Range
10/21/21 19:31:51,42344.5,>Range,>Range,>Range
10/21/21 19:31:52,42228.8,>Range,>Range,>Range
10/21/21 19:31:53,42070.2,>Range,>Range,>Range
10/21/21 19:31:54,42031.1,>Range,>Range,>Range
10/21/21 19:31:55,42022.5,>Range,>Range,>Range
10/21/21 19:31:56,41929.9,>Range,>Range,>Range
10/21/21 19:31:57,41929.5,>Range,>Range,>Range
10/21/21 19:31:58,42024.4,>Range,>Range,>Range
10/21/21 19:31:59,41947.3,>Range,>Range,>Range
10/21/21 19:32:00,41784.6,>Range,>Range,>Range
10/21/21 19:32:01,41744,>Range,>Range,>Range
10/21/21 19:32:02,41780,>Range,>Range,>Range
10/21/21 19:32:03,41901.4,>Range,>Range,>Range
10/21/21 19:32:04,42024.8,>Range,>Range,>Range
10/21/21 19:32:05,42068.2,>Range,>Range,>Range
10/21/21 19:32:06,42094.6,>Range,>Range,>Range
10/21/21 19:32:07,42116.1,>Range,>Range,>Range
10/21/21 19:32:08,42138.4,>Range,>Range,>Range
10/21/21 19:32:09,42112.8,>Range,>Range,>Range
10/21/21 19:32:10,42144.6,>Range,>Range,>Range
10/21/21 19:32:11,42084.6,>Range,>Range,>Range
10/21/21 19:32:12,41996.3,>Range,>Range,>Range
10/21/21 19:32:13,41925,>Range,>Range,>Range
10/21/21 19:32:14,41831,>Range,>Range,>Range
10/21/21 19:32:15,41862.5,>Range,>Range,>Range
10/21/21 19:32:16,41865,>Range,>Range,>Range
10/21/21 19:32:17,41905.7,>Range,>Range,>Range
10/21/21 19:32:18,41801.3,>Range,>Range,>Range
10/21/21 19:32:19,41702.2,>Range,>Range,>Range
10/21/21 19:32:20,41727.9,>Range,>Range,>Range
10/21/21 19:32:21,41839.7,>Range,>Range,>Range
10/21/21 19:32:22,41991,>Range,>Range,>Range
10/21/21 19:32:23,42081.7,>Range,>Range,>Range
10/21/21 19:32:24,42099.5,>Range,>Range,>Range
10/21/21 19:32:25,42130.3,>Range,>Range,>Range
10/21/21 19:32:26,42001.9,>Range,>Range,>Range
10/21/21 19:32:27,41835.2,>Range,>Range,>Range
10/21/21 19:32:28,41743.8,>Range,>Range,>Range
10/21/21 19:32:29,41934.3,>Range,>Range,>Range
10/21/21 19:32:30,42124.4,>Range,>Range,>Range
10/21/21 19:32:31,42167.9,>Range,>Range,>Range
10/21/21 19:32:32,42046.8,>Range,>Range,>Range
10/21/21 19:32:33,41947.6,>Range,>Range,>Range
10/21/21 19:32:34,41877.3,>Range,>Range,>Range
10/21/21 19:32:35,41869,>Range,>Range,>Range
10/21/21 19:32:36,41941.5,>Range,>Range,>Range
10/21/21 19:32:37,42008.1,>Range,>Range,>Range
10/21/21 19:32:38,42086.4,>Range,>Range,>Range
10/21/21 19:32:39,42126.3,>Range,>Range,>Range
10/21/21 19:32:40,42168.4,>Range,>Range,>Range
10/21/21 19:32:41,42146.8,>Range,>Range,>Range
10/21/21 19:32:42,42060.1,>Range,>Range,>Range
10/21/21 19:32:43,42048.2,>Range,>Range,>Range
10/21/21 19:32:44,41984.7,>Range,>Range,>Range
10/21/21 19:32:45,42045.7,>Range,>Range,>Range
10/21/21 19:32:46,42217.6,>Range,>Range,>Range
10/21/21 19:32:47,42417.4,>Range,>Range,>Range
10/21/21 19:32:48,42468.2,>Range,>Range,>Range
10/21/21 19:32:49,42438.4,>Range,>Range,>Range
10/21/21 19:32:50,42397.9,>Range,>Range,>Range
10/21/21 19:32:51,42391.1,>Range,>Range,>Range
10/21/21 19:32:52,42342.2,>Range,>Range,>Range
10/21/21 19:32:53,42288.4,>Range,>Range,>Range
10/21/21 19:32:54,42142.2,>Range,>Range,>Range
10/21/21 19:32:55,41914.7,>Range,>Range,>Range
10/21/21 19:32:56,41831.1,>Range,>Range,>Range
10/21/21 19:32:57,41912.5,>Range,>Range,>Range
10/21/21 19:32:58,41985.1,>Range,>Range,>Range
10/21/21 19:32:59,42038.4,>Range,>Range,>Range
10/21/21 19:33:00,42010.3,>Range,>Range,>Range
10/21/21 19:33:01,41916.2,>Range,>Range,>Range
10/21/21 19:33:02,41854,>Range,>Range,>Range
10/21/21 19:33:03,41806,>Range,>Range,>Range
10/21/21 19:33:04,41795.8,>Range,>Range,>Range
10/21/21 19:33:05,41839.3,>Range,>Range,>Range
10/21/21 19:33:06,41887.6,>Range,>Range,>Range
10/21/21 19:33:07,42018.9,>Range,>Range,>Range
10/21/21 19:33:08,42007.2,>Range,>Range,>Range
10/21/21 19:33:09,42064.4,>Range,>Range,>Range
10/21/21 19:33:10,42141.4,>Range,>Range,>Range
10/21/21 19:33:11,42186.1,>Range,>Range,>Range
10/21/21 19:33:12,42256.3,>Range,>Range,>Range
10/21/21 19:33:13,42298.4,>Range,>Range,>Range
10/21/21 19:33:14,42269.2,>Range,>Range,>Range
10/21/21 19:33:15,42169.5,>Range,>Range,>Range
10/21/21 19:33:16,41975.6,>Range,>Range,>Range
10/21/21 19:33:17,42040.9,>Range,>Range,>Range
10/21/21 19:33:18,42169.9,>Range,>Range,>Range
10/21/21 19:33:19,42160.9,>Range,>Range,>Range
10/21/21 19:33:20,42031.2,>Range,>Range,>Range
10/21/21 19:33:21,41956,>Range,>Range,>Range
10/21/21 19:33:22,41983,>Range,>Range,>Range
10/21/21 19:33:23,41982.1,>Range,>Range,>Range
10/21/21 19:33:24,41948.1,>Range,>Range,>Range
10/21/21 19:33:25,41986,>Range,>Range,>Range
10/21/21 19:33:26,42049.6,>Range,>Range,>Range
10/21/21 19:33:27,42122.4,>Range,>Range,>Range
10/21/21 19:33:28,42124.3,>Range,>Range,>Range
10/21/21 19:33:29,42101.1,>Range,>Range,>Range
10/21/21 19:33:30,42116.1,>Range,>Range,>Range
10/21/21 19:33:31,42085.4,>Range,>Range,>Range
10/21/21 19:33:32,42104.4,>Range,>Range,>Range
10/21/21 19:33:33,42112.3,>Range,>Range,>Range
10/21/21 19:33:34,42115.4,>Range,>Range,>Range
10/21/21 19:33:35,41978.6,>Range,>Range,>Range
10/21/21 19:33:36,41890.1,>Range,>Range,>Range
10/21/21 19:33:37,41849.5,>Range,>Range,>Range
10/21/21 19:33:38,41828.8,>Range,>Range,>Range
10/21/21 19:33:39,41831,>Range,>Range,>Range
10/21/21 19:33:40,41855.5,>Range,>Range,>Range
10/21/21 19:33:41,41862.7,>Range,>Range,>Range
10/21/21 19:33:42,41867.2,>Range,>Range,>Range
10/21/21 19:33:43,41836.2,>Range,>Range,>Range
10/21/21 19:33:44,41899.7,>Range,>Range,>Range
10/21/21 19:33:45,41862.4,>Range,>Range,>Range
10/21/21 19:33:46,41817.6,>Range,>Range,>Range
10/21/21 19:33:47,41772.8,>Range,>Range,>Range
10/21/21 19:33:48,41781.8,>Range,>Range,>Range
10/21/21 19:33:49,41873.5,>Range,>Range,>Range
10/21/21 19:33:50,41951.8,>Range,>Range,>Range
10/21/21 19:33:51,41976.6,>Range,>Range,>Range
10/21/21 19:33:52,41911.8,>Range,>Range,>Range
10/21/21 19:33:53,41907,>Range,>Range,>Range
10/21/21 19:33:54,41898.3,>Range,>Range,>Range
10/21/21 19:33:55,41844.6,>Range,>Range,>Range
10/21/21 19:33:56,41871.7,>Range,>Range,>Range
10/21/21 19:33:57,41936,>Range,>Range,>Range
10/21/21 19:33:58,42070.6,>Range,>Range,>Range
10/21/21 19:33:59,42158,>Range,>Range,>Range
10/21/21 19:34:00,42209.6,>Range,>Range,>Range
10/21/21 19:34:01,42186.9,>Range,>Range,>Range
10/21/21 19:34:02,42140,>Range,>Range,>Range
10/21/21 19:34:03,42180.5,>Range,>Range,>Range
10/21/21 19:34:04,42125.5,>Range,>Range,>Range
10/21/21 19:34:05,42074.4,>Range,>Range,>Range
10/21/21 19:34:06,42140.5,>Range,>Range,>Range
10/21/21 19:34:07,42327.1,>Range,>Range,>Range
10/21/21 19:34:08,42380.3,>Range,>Range,>Range
10/21/21 19:34:09,42289.5,>Range,>Range,>Range
10/21/21 19:34:10,42059.3,>Range,>Range,>Range
10/21/21 19:34:11,41914.2,>Range,>Range,>Range
10/21/21 19:34:12,41951.3,>Range,>Range,>Range
10/21/21 19:34:13,42003.5,>Range,>Range,>Range
10/21/21 19:34:14,42018.4,>Range,>Range,>Range
10/21/21 19:34:15,41943.4,>Range,>Range,>Range
10/21/21 19:34:16,41914.8,>Range,>Range,>Range
10/21/21 19:34:17,42022.7,>Range,>Range,>Range
10/21/21 19:34:18,41997.2,>Range,>Range,>Range
10/21/21 19:34:19,42010.1,>Range,>Range,>Range
10/21/21 19:34:20,42035.5,>Range,>Range,>Range
10/21/21 19:34:21,42010.8,>Range,>Range,>Range
10/21/21 19:34:22,42006.2,>Range,>Range,>Range
10/21/21 19:34:23,41964,>Range,>Range,>Range
10/21/21 19:34:24,41939,>Range,>Range,>Range
10/21/21 19:34:25,41885.1,>Range,>Range,>Range
10/21/21 19:34:26,41901.9,>Range,>Range,>Range
10/21/21 19:34:27,41825.8,>Range,>Range,>Range
10/21/21 19:34:28,41839.8,>Range,>Range,>Range
10/21/21 19:34:29,41804.1,>Range,>Range,>Range
10/21/21 19:34:30,41822.8,>Range,>Range,>Range
10/21/21 19:34:31,41891,>Range,>Range,>Range
10/21/21 19:34:32,41960.7,>Range,>Range,>Range
10/21/21 19:34:33,41879.5,>Range,>Range,>Range
10/21/21 19:34:34,41954.7,>Range,>Range,>Range
10/21/21 19:34:35,42086.6,>Range,>Range,>Range
10/21/21 19:34:36,42053.9,>Range,>Range,>Range
10/21/21 19:34:37,41929.9,>Range,>Range,>Range
10/21/21 19:34:38,41919.8,>Range,>Range,>Range
10/21/21 19:34:39,42028.5,>Range,>Range,>Range
10/21/21 19:34:40,42114.6,>Range,>Range,>Range
10/21/21 19:34:41,41986.2,>Range,>Range,>Range
10/21/21 19:34:42,41871.2,>Range,>Range,>Range
10/21/21 19:34:43,41748.8,>Range,>Range,>Range
10/21/21 19:34:44,41691,>Range,>Range,>Range
10/21/21 19:34:45,41765.5,>Range,>Range,>Range
10/21/21 19:34:46,41841,>Range,>Range,>Range
10/21/21 19:34:47,41932.5,>Range,>Range,>Range
10/21/21 19:34:48,41796.2,>Range,>Range,>Range
10/21/21 19:34:49,41684,>Range,>Range,>Range
10/21/21 19:34:50,41699.2,>Range,>Range,>Range
10/21/21 19:34:51,41862.2,>Range,>Range,>Range
10/21/21 19:34:52,42000,>Range,>Range,>Range
10/21/21 19:34:53,42077.2,>Range,>Range,>Range
10/21/21 19:34:54,42066,>Range,>Range,>Range
10/21/21 19:34:55,42157.8,>Range,>Range,>Range
10/21/21 19:34:56,42139.2,>Range,>Range,>Range
10/21/21 19:34:57,42062.5,>Range,>Range,>Range
10/21/21 19:34:58,41931.2,>Range,>Range,>Range
10/21/21 19:34:59,41986.2,>Range,>Range,>Range
10/21/21 19:35:00,42011.8,>Range,>Range,>Range
10/21/21 19:35:01,41948.2,>Range,>Range,>Range
10/21/21 19:35:02,41825.8,>Range,>Range,>Range
10/21/21 19:35:03,41697.3,>Range,>Range,>Range
10/21/21 19:35:04,41613,>Range,>Range,>Range
10/21/21 19:35:05,41646,>Range,>Range,>Range
10/21/21 19:35:06,41632.7,>Range,>Range,>Range
10/21/21 19:35:07,41603.5,>Range,>Range,>Range
10/21/21 19:35:08,41526.3,>Range,>Range,>Range
10/21/21 19:35:09,41473.8,>Range,>Range,>Range
10/21/21 19:35:10,41466,>Range,>Range,>Range
10/21/21 19:35:11,41493.8,>Range,>Range,>Range
10/21/21 19:35:12,41606.5,>Range,>Range,>Range
10/21/21 19:35:13,41706.3,>Range,>Range,>Range
10/21/21 19:35:14,41773.1,>Range,>Range,>Range
10/21/21 19:35:15,41755.2,>Range,>Range,>Range
10/21/21 19:35:16,41552.8,>Range,>Range,>Range
10/21/21 19:35:17,41589,>Range,>Range,>Range
10/21/21 19:35:18,41635.4,>Range,>Range,>Range
10/21/21 19:35:19,41672.6,>Range,>Range,>Range
10/21/21 19:35:20,41729.7,>Range,>Range,>Range
10/21/21 19:35:21,41664,>Range,>Range,>Range
10/21/21 19:35:22,41609.3,>Range,>Range,>Range
10/21/21 19:35:23,41655.3,>Range,>Range,>Range
10/21/21 19:35:24,41685.1,>Range,>Range,>Range
10/21/21 19:35:25,41706.6,>Range,>Range,>Range
10/21/21 19:35:26,41632.8,>Range,>Range,>Range
10/21/21 19:35:27,41439.2,>Range,>Range,>Range
10/21/21 19:35:28,41339.1,>Range,>Range,>Range
10/21/21 19:35:29,41473.4,>Range,>Range,>Range
10/21/21 19:35:30,41596.6,>Range,>Range,>Range
10/21/21 19:35:31,41587.9,>Range,>Range,>Range
10/21/21 19:35:32,41627.3,>Range,>Range,>Range
10/21/21 19:35:33,41729.2,>Range,>Range,>Range
10/21/21 19:35:34,41876.3,>Range,>Range,>Range
10/21/21 19:35:35,42014.2,>Range,>Range,>Range
10/21/21 19:35:36,42041.1,>Range,>Range,>Range
10/21/21 19:35:37,42115.1,>Range,>Range,>Range
10/21/21 19:35:38,42024.8,>Range,>Range,>Range
10/21/21 19:35:39,42120.2,>Range,>Range,>Range
10/21/21 19:35:40,42104.7,>Range,>Range,>Range
10/21/21 19:35:41,42128.5,>Range,>Range,>Range
10/21/21 19:35:42,42069.6,>Range,>Range,>Range
10/21/21 19:35:43,41940.4,>Range,>Range,>Range
10/21/21 19:35:44,41880.3,>Range,>Range,>Range
10/21/21 19:35:45,41868,>Range,>Range,>Range
10/21/21 19:35:46,41817.7,>Range,>Range,>Range
10/21/21 19:35:47,41837.8,>Range,>Range,>Range
10/21/21 19:35:48,41787,>Range,>Range,>Range
10/21/21 19:35:49,41669,>Range,>Range,>Range
10/21/21 19:35:50,41513.4,>Range,>Range,>Range
10/21/21 19:35:51,41552.2,>Range,>Range,>Range
10/21/21 19:35:52,41836.9,>Range,>Range,>Range
10/21/21 19:35:53,41963.1,>Range,>Range,>Range
10/21/21 19:35:54,42007.9,>Range,>Range,>Range
10/21/21 19:35:55,41995.9,>Range,>Range,>Range
10/21/21 19:35:56,42108.9,>Range,>Range,>Range
10/21/21 19:35:57,42078.8,>Range,>Range,>Range
10/21/21 19:35:58,41956,>Range,>Range,>Range
10/21/21 19:35:59,41899.4,>Range,>Range,>Range
10/21/21 19:36:00,41953.1,>Range,>Range,>Range
10/21/21 19:36:01,41944.3,>Range,>Range,>Range
10/21/21 19:36:02,41910.9,>Range,>Range,>Range
10/21/21 19:36:03,41929.3,>Range,>Range,>Range
10/21/21 19:36:04,41931.1,>Range,>Range,>Range
10/21/21 19:36:05,41897.1,>Range,>Range,>Range
10/21/21 19:36:06,41988.1,>Range,>Range,>Range
10/21/21 19:36:07,42119.1,>Range,>Range,>Range
10/21/21 19:36:08,42125.1,>Range,>Range,>Range
10/21/21 19:36:09,42090.8,>Range,>Range,>Range
10/21/21 19:36:10,42004.3,>Range,>Range,>Range
10/21/21 19:36:11,41925.2,>Range,>Range,>Range
10/21/21 19:36:12,41867.3,>Range,>Range,>Range
10/21/21 19:36:13,41888.6,>Range,>Range,>Range
10/21/21 19:36:14,41923.2,>Range,>Range,>Range
10/21/21 19:36:15,41791.5,>Range,>Range,>Range
10/21/21 19:36:16,41737.1,>Range,>Range,>Range
10/21/21 19:36:17,41836.5,>Range,>Range,>Range
10/21/21 19:36:18,41915.3,>Range,>Range,>Range
10/21/21 19:36:19,41945.7,>Range,>Range,>Range
10/21/21 19:36:20,41914.4,>Range,>Range,>Range
10/21/21 19:36:21,41894.5,>Range,>Range,>Range
10/21/21 19:36:22,41959,>Range,>Range,>Range
10/21/21 19:36:23,41997.4,>Range,>Range,>Range
10/21/21 19:36:24,41928.7,>Range,>Range,>Range
10/21/21 19:36:25,41808.4,>Range,>Range,>Range
10/21/21 19:36:26,41851.3,>Range,>Range,>Range
10/21/21 19:36:27,41962,>Range,>Range,>Range
10/21/21 19:36:28,42120.3,>Range,>Range,>Range
10/21/21 19:36:29,42194.7,>Range,>Range,>Range
10/21/21 19:36:30,42180.9,>Range,>Range,>Range
10/21/21 19:36:31,42096.9,>Range,>Range,>Range
10/21/21 19:36:32,41984.8,>Range,>Range,>Range
10/21/21 19:36:33,41789.6,>Range,>Range,>Range
10/21/21 19:36:34,41608.3,>Range,>Range,>Range
10/21/21 19:36:35,41551.8,>Range,>Range,>Range
10/21/21 19:36:36,41692.9,>Range,>Range,>Range
10/21/21 19:36:37,41870.2,>Range,>Range,>Range
10/21/21 19:36:38,41945,>Range,>Range,>Range
10/21/21 19:36:39,41971.3,>Range,>Range,>Range
10/21/21 19:36:40,42081.9,>Range,>Range,>Range
10/21/21 19:36:41,42148.3,>Range,>Range,>Range
10/21/21 19:36:42,42246.4,>Range,>Range,>Range
10/21/21 19:36:43,42257.6,>Range,>Range,>Range
10/21/21 19:36:44,42058.9,>Range,>Range,>Range
10/21/21 19:36:45,41865.6,>Range,>Range,>Range
10/21/21 19:36:46,41919.3,>Range,>Range,>Range
10/21/21 19:36:47,41937.8,>Range,>Range,>Range
10/21/21 19:36:48,41856.2,>Range,>Range,>Range
10/21/21 19:36:49,41868.9,>Range,>Range,>Range
10/21/21 19:36:50,41804.3,>Range,>Range,>Range
10/21/21 19:36:51,41789.2,>Range,>Range,>Range
10/21/21 19:36:52,41698.8,>Range,>Range,>Range
10/21/21 19:36:53,41592.6,>Range,>Range,>Range
10/21/21 19:36:54,41618,>Range,>Range,>Range
10/21/21 19:36:55,41789.7,>Range,>Range,>Range
10/21/21 19:36:56,41981.2,>Range,>Range,>Range
10/21/21 19:36:57,42092.1,>Range,>Range,>Range
10/21/21 19:36:58,42212,>Range,>Range,>Range
10/21/21 19:36:59,42194.9,>Range,>Range,>Range
10/21/21 19:37:00,42086.9,>Range,>Range,>Range
10/21/21 19:37:01,41903.9,>Range,>Range,>Range
10/21/21 19:37:02,41759.5,>Range,>Range,>Range
10/21/21 19:37:03,41689.7,>Range,>Range,>Range
10/21/21 19:37:04,41732.4,>Range,>Range,>Range
10/21/21 19:37:05,41858,>Range,>Range,>Range
10/21/21 19:37:06,41918.1,>Range,>Range,>Range
10/21/21 19:37:07,41902.3,>Range,>Range,>Range
10/21/21 19:37:08,41844.1,>Range,>Range,>Range
10/21/21 19:37:09,41900.9,>Range,>Range,>Range
10/21/21 19:37:10,41894.6,>Range,>Range,>Range
10/21/21 19:37:11,41872.8,>Range,>Range,>Range
10/21/21 19:37:12,41814.3,>Range,>Range,>Range
10/21/21 19:37:13,41962.8,>Range,>Range,>Range
10/21/21 19:37:14,41961.8,>Range,>Range,>Range
10/21/21 19:37:15,41871.1,>Range,>Range,>Range
10/21/21 19:37:16,41854.9,>Range,>Range,>Range
10/21/21 19:37:17,41922.6,>Range,>Range,>Range
10/21/21 19:37:18,41953.1,>Range,>Range,>Range
10/21/21 19:37:19,41938.1,>Range,>Range,>Range
10/21/21 19:37:20,41793.7,>Range,>Range,>Range
10/21/21 19:37:21,41608.9,>Range,>Range,>Range
10/21/21 19:37:22,41617,>Range,>Range,>Range
10/21/21 19:37:23,41655.6,>Range,>Range,>Range
10/21/21 19:37:24,41685.9,>Range,>Range,>Range
10/21/21 19:37:25,41689.9,>Range,>Range,>Range
10/21/21 19:37:26,41788.6,>Range,>Range,>Range
10/21/21 19:37:27,41772.8,>Range,>Range,>Range
10/21/21 19:37:28,41735.9,>Range,>Range,>Range
10/21/21 19:37:29,41655.4,>Range,>Range,>Range
10/21/21 19:37:30,41645.4,>Range,>Range,>Range
10/21/21 19:37:31,41717.7,>Range,>Range,>Range
10/21/21 19:37:32,41760.3,>Range,>Range,>Range
10/21/21 19:37:33,41773.9,>Range,>Range,>Range
10/21/21 19:37:34,41904.2,>Range,>Range,>Range
10/21/21 19:37:35,42005.8,>Range,>Range,>Range
10/21/21 19:37:36,42059.5,>Range,>Range,>Range
10/21/21 19:37:37,42006.9,>Range,>Range,>Range
10/21/21 19:37:38,41911.6,>Range,>Range,>Range
10/21/21 19:37:39,41825,>Range,>Range,>Range
10/21/21 19:37:40,41598.9,>Range,>Range,>Range
10/21/21 19:37:41,41547.7,>Range,>Range,>Range
10/21/21 19:37:42,41415.3,>Range,>Range,>Range
10/21/21 19:37:43,41351.8,>Range,>Range,>Range
10/21/21 19:37:44,41334.4,>Range,>Range,>Range
10/21/21 19:37:45,41338.9,>Range,>Range,>Range
10/21/21 19:37:46,41313.8,>Range,>Range,>Range
10/21/21 19:37:47,41258.5,>Range,>Range,>Range
10/21/21 19:37:48,41303,>Range,>Range,>Range
10/21/21 19:37:49,41388.6,>Range,>Range,>Range
10/21/21 19:37:50,41520.3,>Range,>Range,>Range
10/21/21 19:37:51,41730.6,>Range,>Range,>Range
10/21/21 19:37:52,41877.9,>Range,>Range,>Range
10/21/21 19:37:53,41886.4,>Range,>Range,>Range
10/21/21 19:37:54,41862.4,>Range,>Range,>Range
10/21/21 19:37:55,41872.9,>Range,>Range,>Range
10/21/21 19:37:56,41877.4,>Range,>Range,>Range
10/21/21 19:37:57,41794.2,>Range,>Range,>Range
10/21/21 19:37:58,41680.8,>Range,>Range,>Range
10/21/21 19:37:59,41662,>Range,>Range,>Range
10/21/21 19:38:00,41667.5,>Range,>Range,>Range
10/21/21 19:38:01,41545.9,>Range,>Range,>Range
10/21/21 19:38:02,41385.9,>Range,>Range,>Range
10/21/21 19:38:03,41265.7,>Range,>Range,>Range
10/21/21 19:38:04,41421.1,>Range,>Range,>Range
10/21/21 19:38:05,41555.5,>Range,>Range,>Range
10/21/21 19:38:06,41655.8,>Range,>Range,>Range
10/21/21 19:38:07,41683.8,>Range,>Range,>Range
10/21/21 19:38:08,41837.7,>Range,>Range,>Range
10/21/21 19:38:09,42091.2,>Range,>Range,>Range
10/21/21 19:38:10,42211.4,>Range,>Range,>Range
10/21/21 19:38:11,42211.3,>Range,>Range,>Range
10/21/21 19:38:12,42175.2,>Range,>Range,>Range
10/21/21 19:38:13,41980.6,>Range,>Range,>Range
10/21/21 19:38:14,41747.6,>Range,>Range,>Range
10/21/21 19:38:15,41564.8,>Range,>Range,>Range
10/21/21 19:38:16,41475.1,>Range,>Range,>Range
10/21/21 19:38:17,41490.8,>Range,>Range,>Range
10/21/21 19:38:18,41473.1,>Range,>Range,>Range
10/21/21 19:38:19,41443.9,>Range,>Range,>Range
10/21/21 19:38:20,41484.5,>Range,>Range,>Range
10/21/21 19:38:21,41548,>Range,>Range,>Range
10/21/21 19:38:22,41544.5,>Range,>Range,>Range
10/21/21 19:38:23,41543.3,>Range,>Range,>Range
10/21/21 19:38:24,41519.3,>Range,>Range,>Range
10/21/21 19:38:25,41455.8,>Range,>Range,>Range
10/21/21 19:38:26,41367.6,>Range,>Range,>Range
10/21/21 19:38:27,41383.8,>Range,>Range,>Range
10/21/21 19:38:28,41549.7,>Range,>Range,>Range
10/21/21 19:38:29,41802.9,>Range,>Range,>Range
10/21/21 19:38:30,41997.2,>Range,>Range,>Range
10/21/21 19:38:31,41990.2,>Range,>Range,>Range
10/21/21 19:38:32,41827,>Range,>Range,>Range
10/21/21 19:38:33,41676.6,>Range,>Range,>Range
10/21/21 19:38:34,41627.1,>Range,>Range,>Range
10/21/21 19:38:35,41631.1,>Range,>Range,>Range
10/21/21 19:38:36,41665.7,>Range,>Range,>Range
10/21/21 19:38:37,41670.6,>Range,>Range,>Range
10/21/21 19:38:38,41595.9,>Range,>Range,>Range
10/21/21 19:38:39,41467.1,>Range,>Range,>Range
10/21/21 19:38:40,41293.9,>Range,>Range,>Range
10/21/21 19:38:41,41272.5,>Range,>Range,>Range
10/21/21 19:38:42,41372.8,>Range,>Range,>Range
10/21/21 19:38:43,41496.4,>Range,>Range,>Range
10/21/21 19:38:44,41628.7,>Range,>Range,>Range
10/21/21 19:38:45,41679,>Range,>Range,>Range
10/21/21 19:38:46,41679.5,>Range,>Range,>Range
10/21/21 19:38:47,41608.8,>Range,>Range,>Range
10/21/21 19:38:48,41601.3,>Range,>Range,>Range
10/21/21 19:38:49,41552.9,>Range,>Range,>Range
10/21/21 19:38:50,41516.6,>Range,>Range,>Range
10/21/21 19:38:51,41560.8,>Range,>Range,>Range
10/21/21 19:38:52,41491.4,>Range,>Range,>Range
10/21/21 19:38:53,41398,>Range,>Range,>Range
10/21/21 19:38:54,41440.2,>Range,>Range,>Range
10/21/21 19:38:55,41522.9,>Range,>Range,>Range
10/21/21 19:38:56,41731.7,>Range,>Range,>Range
10/21/21 19:38:57,41849.3,>Range,>Range,>Range
10/21/21 19:38:58,41845.2,>Range,>Range,>Range
10/21/21 19:38:59,41758.9,>Range,>Range,>Range
10/21/21 19:39:00,41635.2,>Range,>Range,>Range
10/21/21 19:39:01,41699,>Range,>Range,>Range
10/21/21 19:39:02,41696.7,>Range,>Range,>Range
10/21/21 19:39:03,41698.1,>Range,>Range,>Range
10/21/21 19:39:04,41730,>Range,>Range,>Range
10/21/21 19:39:05,41686,>Range,>Range,>Range
10/21/21 19:39:06,41647.1,>Range,>Range,>Range
10/21/21 19:39:07,41637.9,>Range,>Range,>Range
10/21/21 19:39:08,41614.8,>Range,>Range,>Range
10/21/21 19:39:09,41514.1,>Range,>Range,>Range
10/21/21 19:39:10,41428.4,>Range,>Range,>Range
10/21/21 19:39:11,41433.8,>Range,>Range,>Range
10/21/21 19:39:12,41421,>Range,>Range,>Range
10/21/21 19:39:13,41318.8,>Range,>Range,>Range
10/21/21 19:39:14,41427.1,>Range,>Range,>Range
10/21/21 19:39:15,41443.4,>Range,>Range,>Range
10/21/21 19:39:16,41463.7,>Range,>Range,>Range
10/21/21 19:39:17,41531.3,>Range,>Range,>Range
10/21/21 19:39:18,41587.8,>Range,>Range,>Range
10/21/21 19:39:19,41725.9,>Range,>Range,>Range
10/21/21 19:39:20,41909.6,>Range,>Range,>Range
10/21/21 19:39:21,41944.5,>Range,>Range,>Range
10/21/21 19:39:22,41825.7,>Range,>Range,>Range
10/21/21 19:39:23,41727.9,>Range,>Range,>Range
10/21/21 19:39:24,41769.9,>Range,>Range,>Range
10/21/21 19:39:25,41727,>Range,>Range,>Range
10/21/21 19:39:26,41561.2,>Range,>Range,>Range
10/21/21 19:39:27,41367.1,>Range,>Range,>Range
10/21/21 19:39:28,37664.6,>Range,>Range,>Range
10/21/21 19:39:29,30286.1,>Range,>Range,>Range
10/21/21 19:39:30,23561.1,>Range,>Range,>Range
10/21/21 19:39:31,17566.2,>Range,>Range,>Range
10/21/21 19:39:32,12651.3,>Range,>Range,>Range
10/21/21 19:39:33,8732.3,>Range,>Range,>Range
10/21/21 19:39:34,4492.2,>Range,>Range,>Range
10/21/21 19:39:35,2096.2,>Range,>Range,>Range
10/21/21 19:39:36,847.8,>Range,>Range,>Range
10/21/21 19:39:37,191.1,>Range,>Range,>Range
10/21/21 19:39:38,-150.2,>Range,>Range,>Range
10/21/21 19:39:39,-336.2,>Range,>Range,>Range
10/21/21 19:39:40,-423,>Range,>Range,>Range
10/21/21 19:39:41,-477.4,>Range,>Range,>Range
10/21/21 19:39:42,-502.6,>Range,>Range,>Range
10/21/21 19:39:43,-511.2,>Range,>Range,>Range
10/21/21 19:39:44,-518.4,>Range,>Range,>Range
10/21/21 19:39:45,-516.9,>Range,>Range,>Range
10/21/21 19:39:46,-513.5,>Range,>Range,>Range
10/21/21 19:39:47,-514.3,>Range,>Range,>Range
10/21/21 19:39:48,-525.1,>Range,>Range,>Range
10/21/21 19:39:49,-521,>Range,>Range,>Range
10/21/21 19:39:50,-524.3,>Range,>Range,>Range
10/21/21 19:39:51,-520.2,>Range,>Range,>Range
10/21/21 19:39:52,-522.8,>Range,>Range,>Range
10/21/21 19:39:53,-528.9,>Range,>Range,>Range
10/21/21 19:39:54,-510.2,>Range,>Range,>Range
10/21/21 19:39:55,-516.7,>Range,>Range,>Range
10/21/21 19:39:56,-513,>Range,>Range,>Range
10/21/21 19:39:57,-520,>Range,>Range,>Range
10/21/21 19:39:58,-518.4,>Range,>Range,>Range
10/21/21 19:39:59,-524.9,>Range,>Range,>Range
10/21/21 19:40:00,-531.6,>Range,>Range,>Range
10/21/21 19:40:01,-528.7,>Range,>Range,>Range
10/21/21 19:40:02,-531.7,>Range,>Range,>Range
10/21/21 19:40:03,-524.5,>Range,>Range,>Range
10/21/21 19:40:04,-523,>Range,>Range,>Range
10/21/21 19:40:05,-524.7,>Range,>Range,>Range
10/21/21 19:40:06,-513.8,>Range,>Range,>Range
10/21/21 19:40:07,-518.2,>Range,>Range,>Range
10/21/21 19:40:08,-513.7,>Range,>Range,>Range
10/21/21 19:40:09,-514.1,>Range,>Range,>Range
10/21/21 19:40:10,-530.6,>Range,>Range,>Range
10/21/21 19:40:11,-527,>Range,>Range,>Range
10/21/21 19:40:12,-531.4,>Range,>Range,>Range
10/21/21 19:40:13,-524.1,>Range,>Range,>Range
10/21/21 19:40:14,-524.3,>Range,>Range,>Range
10/21/21 19:40:15,-505.9,>Range,>Range,>Range
10/21/21 19:40:16,-501.4,>Range,>Range,>Range
10/21/21 19:40:17,-501.4,>Range,>Range,>Range
10/21/21 19:40:18,-503.5,>Range,>Range,>Range
10/21/21 19:40:19,-507.6,>Range,>Range,>Range
10/21/21 19:40:20,-503.7,>Range,>Range,>Range
10/21/21 19:40:21,-496.8,>Range,>Range,>Range
10/21/21 19:40:22,-497.4,>Range,>Range,>Range
10/21/21 19:40:23,-511.7,>Range,>Range,>Range
10/21/21 19:40:24,-499,>Range,>Range,>Range
10/21/21 19:40:25,-499.6,>Range,>Range,>Range
10/21/21 19:40:26,-502.1,>Range,>Range,>Range
10/21/21 19:40:27,-509.9,>Range,>Range,>Range
10/21/21 19:40:28,-510.6,>Range,>Range,>Range
10/21/21 19:40:29,-506.3,>Range,>Range,>Range
10/21/21 19:40:30,-513.8,>Range,>Range,>Range
10/21/21 19:40:31,-505.7,>Range,>Range,>Range
10/21/21 19:40:32,-517.7,>Range,>Range,>Range
10/21/21 19:40:33,-521.5,>Range,>Range,>Range
10/21/21 19:40:34,-514.8,>Range,>Range,>Range
10/21/21 19:40:35,-516.1,>Range,>Range,>Range
10/21/21 19:40:36,-500.3,>Range,>Range,>Range
10/21/21 19:40:37,-511.2,>Range,>Range,>Range
10/21/21 19:40:38,-514.2,>Range,>Range,>Range
10/21/21 19:40:39,-515.1,>Range,>Range,>Range
10/21/21 19:40:40,-520.3,>Range,>Range,>Range
10/21/21 19:40:41,-504.4,>Range,>Range,>Range
10/21/21 19:40:42,-508.4,>Range,>Range,>Range
10/21/21 19:40:43,-508.5,>Range,>Range,>Range
10/21/21 19:40:44,-523.6,>Range,>Range,>Range
10/21/21 19:40:45,-532.7,>Range,>Range,>Range
10/21/21 19:40:46,-540.6,>Range,>Range,>Range
10/21/21 19:40:47,-546.6,>Range,>Range,>Range
10/21/21 19:40:48,-554.7,>Range,>Range,>Range
10/21/21 19:40:49,-553.8,>Range,>Range,>Range
10/21/21 19:40:50,-573.1,>Range,>Range,>Range
10/21/21 19:40:51,-576.6,>Range,>Range,>Range
