datetime,channel_1,channel_2,channel_3,channel_4
10/21/21 18:50:58,39737.9,>Range,>Range,>Range
10/21/21 18:50:59,39845.2,>Range,>Range,>Range
10/21/21 18:51:00,39970.1,>Range,>Range,>Range
10/21/21 18:51:01,39971.8,>Range,>Range,>Range
10/21/21 18:51:02,39919.9,>Range,>Range,>Range
10/21/21 18:51:03,39907.3,>Range,>Range,>Range
10/21/21 18:51:04,40031.1,>Range,>Range,>Range
10/21/21 18:51:05,39951.1,>Range,>Range,>Range
10/21/21 18:51:06,39778.2,>Range,>Range,>Range
10/21/21 18:51:07,39597.3,>Range,>Range,>Range
10/21/21 18:51:08,39522.3,>Range,>Range,>Range
10/21/21 18:51:09,39520.7,>Range,>Range,>Range
10/21/21 18:51:10,39538.8,>Range,>Range,>Range
10/21/21 18:51:11,39617.2,>Range,>Range,>Range
10/21/21 18:51:12,39749.3,>Range,>Range,>Range
10/21/21 18:51:13,39812.6,>Range,>Range,>Range
10/21/21 18:51:14,39717.9,>Range,>Range,>Range
10/21/21 18:51:15,39647.9,>Range,>Range,>Range
10/21/21 18:51:16,39571,>Range,>Range,>Range
10/21/21 18:51:17,39504.8,>Range,>Range,>Range
10/21/21 18:51:18,39490.1,>Range,>Range,>Range
10/21/21 18:51:19,39454.3,>Range,>Range,>Range
10/21/21 18:51:20,39432.6,>Range,>Range,>Range
10/21/21 18:51:21,39479.7,>Range,>Range,>Range
10/21/21 18:51:22,39450.1,>Range,>Range,>Range
10/21/21 18:51:23,39463.6,>Range,>Range,>Range
10/21/21 18:51:24,39518.3,>Range,>Range,>Range
10/21/21 18:51:25,39687.9,>Range,>Range,>Range
10/21/21 18:51:26,39762.7,>Range,>Range,>Range
10/21/21 18:51:27,39800.7,>Range,>Range,>Range
10/21/21 18:51:28,39769.2,>Range,>Range,>Range
10/21/21 18:51:29,39711.1,>Range,>Range,>Range
10/21/21 18:51:30,39764.3,>Range,>Range,>Range
10/21/21 18:51:31,39829.3,>Range,>Range,>Range
10/21/21 18:51:32,39800.4,>Range,>Range,>Range
10/21/21 18:51:33,39856,>Range,>Range,>Range
10/21/21 18:51:34,39849.5,>Range,>Range,>Range
10/21/21 18:51:35,39786.7,>Range,>Range,>Range
10/21/21 18:51:36,39698.7,>Range,>Range,>Range
10/21/21 18:51:37,39605.2,>Range,>Range,>Range
10/21/21 18:51:38,39591.5,>Range,>Range,>Range
10/21/21 18:51:39,39557.3,>Range,>Range,>Range
10/21/21 18:51:40,39480.4,>Range,>Range,>Range
10/21/21 18:51:41,39370.2,>Range,>Range,>Range
10/21/21 18:51:42,39368.2,>Range,>Range,>Range
10/21/21 18:51:43,39271.5,>Range,>Range,>Range
10/21/21 18:51:44,39266.3,>Range,>Range,>Range
10/21/21 18:51:45,39395.5,>Range,>Range,>Range
10/21/21 18:51:46,39503.1,>Range,>Range,>Range
10/21/21 18:51:47,39675,>Range,>Range,>Range
10/21/21 18:51:48,39748.3,>Range,>Range,>Range
10/21/21 18:51:49,39666.4,>Range,>Range,>Range
10/21/21 18:51:50,39645.1,>Range,>Range,>Range
10/21/21 18:51:51,39649,>Range,>Range,>Range
10/21/21 18:51:52,39478.9,>Range,>Range,>Range
10/21/21 18:51:53,39360.7,>Range,>Range,>Range
10/21/21 18:51:54,39178.2,>Range,>Range,>Range
10/21/21 18:51:55,39091.4,>Range,>Range,>Range
10/21/21 18:51:56,39172.8,>Range,>Range,>Range
10/21/21 18:51:57,39295.7,>Range,>Range,>Range
10/21/21 18:51:58,39469.1,>Range,>Range,>Range
10/21/21 18:51:59,39604,>Range,>Range,>Range
10/21/21 18:52:00,39666.6,>Range,>Range,>Range
10/21/21 18:52:01,39607.3,>Range,>Range,>Range
10/21/21 18:52:02,39509.1,>Range,>Range,>Range
10/21/21 18:52:03,39542.8,>Range,>Range,>Range
10/21/21 18:52:04,39584.7,>Range,>Range,>Range
10/21/21 18:52:05,39475.6,>Range,>Range,>Range
10/21/21 18:52:06,39307,>Range,>Range,>Range
10/21/21 18:52:07,39243.1,>Range,>Range,>Range
10/21/21 18:52:08,39241.9,>Range,>Range,>Range
10/21/21 18:52:09,39287.9,>Range,>Range,>Range
10/21/21 18:52:10,39423.2,>Range,>Range,>Range
10/21/21 18:52:11,39688.4,>Range,>Range,>Range
10/21/21 18:52:12,39933.1,>Range,>Range,>Range
10/21/21 18:52:13,39995.2,>Range,>Range,>Range
10/21/21 18:52:14,39804.1,>Range,>Range,>Range
10/21/21 18:52:15,39541.6,>Range,>Range,>Range
10/21/21 18:52:16,39382.7,>Range,>Range,>Range
10/21/21 18:52:17,39207.1,>Range,>Range,>Range
10/21/21 18:52:18,39102.2,>Range,>Range,>Range
10/21/21 18:52:19,39038.4,>Range,>Range,>Range
10/21/21 18:52:20,39040.9,>Range,>Range,>Range
10/21/21 18:52:21,39188,>Range,>Range,>Range
10/21/21 18:52:22,39184.8,>Range,>Range,>Range
10/21/21 18:52:23,39329.5,>Range,>Range,>Range
10/21/21 18:52:24,39467.1,>Range,>Range,>Range
10/21/21 18:52:25,39557.2,>Range,>Range,>Range
10/21/21 18:52:26,39515.6,>Range,>Range,>Range
10/21/21 18:52:27,39523.2,>Range,>Range,>Range
10/21/21 18:52:28,39500.1,>Range,>Range,>Range
10/21/21 18:52:29,39468.5,>Range,>Range,>Range
10/21/21 18:52:30,39409.9,>Range,>Range,>Range
10/21/21 18:52:31,39446,>Range,>Range,>Range
10/21/21 18:52:32,39568.8,>Range,>Range,>Range
10/21/21 18:52:33,39743.3,>Range,>Range,>Range
10/21/21 18:52:34,39552.6,>Range,>Range,>Range
10/21/21 18:52:35,39386.3,>Range,>Range,>Range
10/21/21 18:52:36,39277.8,>Range,>Range,>Range
10/21/21 18:52:37,39161.6,>Range,>Range,>Range
10/21/21 18:52:38,39143.7,>Range,>Range,>Range
10/21/21 18:52:39,39123.5,>Range,>Range,>Range
10/21/21 18:52:40,39098.4,>Range,>Range,>Range
10/21/21 18:52:41,39153.3,>Range,>Range,>Range
10/21/21 18:52:42,39222,>Range,>Range,>Range
10/21/21 18:52:43,39324.1,>Range,>Range,>Range
10/21/21 18:52:44,39406.2,>Range,>Range,>Range
10/21/21 18:52:45,39478.4,>Range,>Range,>Range
10/21/21 18:52:46,39516.7,>Range,>Range,>Range
10/21/21 18:52:47,39471.8,>Range,>Range,>Range
10/21/21 18:52:48,39457,>Range,>Range,>Range
10/21/21 18:52:49,39428.5,>Range,>Range,>Range
10/21/21 18:52:50,39490.9,>Range,>Range,>Range
10/21/21 18:52:51,39482.1,>Range,>Range,>Range
10/21/21 18:52:52,39440.2,>Range,>Range,>Range
10/21/21 18:52:53,39411.8,>Range,>Range,>Range
10/21/21 18:52:54,39338.6,>Range,>Range,>Range
10/21/21 18:52:55,39217.8,>Range,>Range,>Range
10/21/21 18:52:56,39037.4,>Range,>Range,>Range
10/21/21 18:52:57,39010.1,>Range,>Range,>Range
10/21/21 18:52:58,39111.3,>Range,>Range,>Range
10/21/21 18:52:59,39076.4,>Range,>Range,>Range
10/21/21 18:53:00,39021.9,>Range,>Range,>Range
10/21/21 18:53:01,39064.3,>Range,>Range,>Range
10/21/21 18:53:02,39241.8,>Range,>Range,>Range
10/21/21 18:53:03,39243.9,>Range,>Range,>Range
10/21/21 18:53:04,39375.1,>Range,>Range,>Range
10/21/21 18:53:05,39364.5,>Range,>Range,>Range
10/21/21 18:53:06,39251.9,>Range,>Range,>Range
10/21/21 18:53:07,39197.6,>Range,>Range,>Range
10/21/21 18:53:08,39184.6,>Range,>Range,>Range
10/21/21 18:53:09,39176.9,>Range,>Range,>Range
10/21/21 18:53:10,39222.7,>Range,>Range,>Range
10/21/21 18:53:11,39350.5,>Range,>Range,>Range
10/21/21 18:53:12,39510.9,>Range,>Range,>Range
10/21/21 18:53:13,39495.7,>Range,>Range,>Range
10/21/21 18:53:14,39391.4,>Range,>Range,>Range
10/21/21 18:53:15,39294.9,>Range,>Range,>Range
10/21/21 18:53:16,39175.3,>Range,>Range,>Range
10/21/21 18:53:17,39019.1,>Range,>Range,>Range
10/21/21 18:53:18,38935.9,>Range,>Range,>Range
10/21/21 18:53:19,39011.1,>Range,>Range,>Range
10/21/21 18:53:20,39120,>Range,>Range,>Range
10/21/21 18:53:21,39230,>Range,>Range,>Range
10/21/21 18:53:22,39223.5,>Range,>Range,>Range
10/21/21 18:53:23,39219.6,>Range,>Range,>Range
10/21/21 18:53:24,39274.3,>Range,>Range,>Range
10/21/21 18:53:25,39230.8,>Range,>Range,>Range
10/21/21 18:53:26,39257.8,>Range,>Range,>Range
10/21/21 18:53:27,39216.8,>Range,>Range,>Range
10/21/21 18:53:28,39216.8,>Range,>Range,>Range
10/21/21 18:53:29,39308.4,>Range,>Range,>Range
10/21/21 18:53:30,39251.1,>Range,>Range,>Range
10/21/21 18:53:31,39238.6,>Range,>Range,>Range
10/21/21 18:53:32,39260.5,>Range,>Range,>Range
10/21/21 18:53:33,39269.4,>Range,>Range,>Range
10/21/21 18:53:34,39231,>Range,>Range,>Range
10/21/21 18:53:35,39034.8,>Range,>Range,>Range
10/21/21 18:53:36,38897.1,>Range,>Range,>Range
10/21/21 18:53:37,38850,>Range,>Range,>Range
10/21/21 18:53:38,38837,>Range,>Range,>Range
10/21/21 18:53:39,38833.6,>Range,>Range,>Range
10/21/21 18:53:40,38867.3,>Range,>Range,>Range
10/21/21 18:53:41,38834.8,>Range,>Range,>Range
10/21/21 18:53:42,38868.2,>Range,>Range,>Range
10/21/21 18:53:43,39026.5,>Range,>Range,>Range
10/21/21 18:53:44,39046.8,>Range,>Range,>Range
10/21/21 18:53:45,39099.8,>Range,>Range,>Range
10/21/21 18:53:46,39064.9,>Range,>Range,>Range
10/21/21 18:53:47,39017.2,>Range,>Range,>Range
10/21/21 18:53:48,38959,>Range,>Range,>Range
10/21/21 18:53:49,39067.1,>Range,>Range,>Range
10/21/21 18:53:50,39211.3,>Range,>Range,>Range
10/21/21 18:53:51,39314.8,>Range,>Range,>Range
10/21/21 18:53:52,39305.7,>Range,>Range,>Range
10/21/21 18:53:53,39180,>Range,>Range,>Range
10/21/21 18:53:54,39061.1,>Range,>Range,>Range
10/21/21 18:53:55,39098.4,>Range,>Range,>Range
10/21/21 18:53:56,39188.2,>Range,>Range,>Range
10/21/21 18:53:57,39221,>Range,>Range,>Range
10/21/21 18:53:58,39285.4,>Range,>Range,>Range
10/21/21 18:53:59,39299.6,>Range,>Range,>Range
10/21/21 18:54:00,39269.4,>Range,>Range,>Range
10/21/21 18:54:01,39191.8,>Range,>Range,>Range
10/21/21 18:54:02,39215.3,>Range,>Range,>Range
10/21/21 18:54:03,39171.8,>Range,>Range,>Range
10/21/21 18:54:04,39125,>Range,>Range,>Range
10/21/21 18:54:05,39150.8,>Range,>Range,>Range
10/21/21 18:54:06,39283.2,>Range,>Range,>Range
10/21/21 18:54:07,39411.8,>Range,>Range,>Range
10/21/21 18:54:08,39420.8,>Range,>Range,>Range
10/21/21 18:54:09,39358.3,>Range,>Range,>Range
10/21/21 18:54:10,39305.4,>Range,>Range,>Range
10/21/21 18:54:11,39284.6,>Range,>Range,>Range
10/21/21 18:54:12,39268.1,>Range,>Range,>Range
10/21/21 18:54:13,39207.9,>Range,>Range,>Range
10/21/21 18:54:14,39107.7,>Range,>Range,>Range
10/21/21 18:54:15,39002.5,>Range,>Range,>Range
10/21/21 18:54:16,39031.1,>Range,>Range,>Range
10/21/21 18:54:17,39198.7,>Range,>Range,>Range
10/21/21 18:54:18,39244.6,>Range,>Range,>Range
10/21/21 18:54:19,39298.8,>Range,>Range,>Range
10/21/21 18:54:20,39275.1,>Range,>Range,>Range
10/21/21 18:54:21,39208.5,>Range,>Range,>Range
10/21/21 18:54:22,39249.5,>Range,>Range,>Range
10/21/21 18:54:23,39302.7,>Range,>Range,>Range
10/21/21 18:54:24,39336.8,>Range,>Range,>Range
10/21/21 18:54:25,39346.3,>Range,>Range,>Range
10/21/21 18:54:26,39299.9,>Range,>Range,>Range
10/21/21 18:54:27,39188.8,>Range,>Range,>Range
10/21/21 18:54:28,38943.5,>Range,>Range,>Range
10/21/21 18:54:29,38866.1,>Range,>Range,>Range
10/21/21 18:54:30,38990.2,>Range,>Range,>Range
10/21/21 18:54:31,39134.1,>Range,>Range,>Range
10/21/21 18:54:32,39254.5,>Range,>Range,>Range
10/21/21 18:54:33,39170.3,>Range,>Range,>Range
10/21/21 18:54:34,39014,>Range,>Range,>Range
10/21/21 18:54:35,38981.4,>Range,>Range,>Range
10/21/21 18:54:36,39024.6,>Range,>Range,>Range
10/21/21 18:54:37,39125.5,>Range,>Range,>Range
10/21/21 18:54:38,39343.4,>Range,>Range,>Range
10/21/21 18:54:39,39499.9,>Range,>Range,>Range
10/21/21 18:54:40,39463.6,>Range,>Range,>Range
10/21/21 18:54:41,39203,>Range,>Range,>Range
10/21/21 18:54:42,39046.4,>Range,>Range,>Range
10/21/21 18:54:43,38962.6,>Range,>Range,>Range
10/21/21 18:54:44,38973.5,>Range,>Range,>Range
10/21/21 18:54:45,39074.4,>Range,>Range,>Range
10/21/21 18:54:46,39150.1,>Range,>Range,>Range
10/21/21 18:54:47,39193.9,>Range,>Range,>Range
10/21/21 18:54:48,39170,>Range,>Range,>Range
10/21/21 18:54:49,39145,>Range,>Range,>Range
10/21/21 18:54:50,39176.9,>Range,>Range,>Range
10/21/21 18:54:51,39169.7,>Range,>Range,>Range
10/21/21 18:54:52,39172.3,>Range,>Range,>Range
10/21/21 18:54:53,39086.4,>Range,>Range,>Range
10/21/21 18:54:54,39119.5,>Range,>Range,>Range
10/21/21 18:54:55,39180.7,>Range,>Range,>Range
10/21/21 18:54:56,39268.6,>Range,>Range,>Range
10/21/21 18:54:57,39248.2,>Range,>Range,>Range
10/21/21 18:54:58,39209.7,>Range,>Range,>Range
10/21/21 18:54:59,39240,>Range,>Range,>Range
10/21/21 18:55:00,39284.2,>Range,>Range,>Range
10/21/21 18:55:01,39183.2,>Range,>Range,>Range
10/21/21 18:55:02,39085.1,>Range,>Range,>Range
10/21/21 18:55:03,39082.5,>Range,>Range,>Range
10/21/21 18:55:04,39294.2,>Range,>Range,>Range
10/21/21 18:55:05,39375.9,>Range,>Range,>Range
10/21/21 18:55:06,39210.3,>Range,>Range,>Range
10/21/21 18:55:07,39002.1,>Range,>Range,>Range
10/21/21 18:55:08,38718,>Range,>Range,>Range
10/21/21 18:55:09,38610.9,>Range,>Range,>Range
10/21/21 18:55:10,38655,>Range,>Range,>Range
10/21/21 18:55:11,38721.5,>Range,>Range,>Range
10/21/21 18:55:12,38888.7,>Range,>Range,>Range
10/21/21 18:55:13,38952.6,>Range,>Range,>Range
10/21/21 18:55:14,39019.8,>Range,>Range,>Range
10/21/21 18:55:15,38979.1,>Range,>Range,>Range
10/21/21 18:55:16,38989.3,>Range,>Range,>Range
10/21/21 18:55:17,39030.8,>Range,>Range,>Range
10/21/21 18:55:18,38937.9,>Range,>Range,>Range
10/21/21 18:55:19,38827.4,>Range,>Range,>Range
10/21/21 18:55:20,38720.7,>Range,>Range,>Range
10/21/21 18:55:21,38648.8,>Range,>Range,>Range
10/21/21 18:55:22,38804.4,>Range,>Range,>Range
10/21/21 18:55:23,38944.6,>Range,>Range,>Range
10/21/21 18:55:24,39172.4,>Range,>Range,>Range
10/21/21 18:55:25,39461.2,>Range,>Range,>Range
10/21/21 18:55:26,39450.9,>Range,>Range,>Range
10/21/21 18:55:27,39314.4,>Range,>Range,>Range
10/21/21 18:55:28,39291.7,>Range,>Range,>Range
10/21/21 18:55:29,39385.7,>Range,>Range,>Range
10/21/21 18:55:30,39450.7,>Range,>Range,>Range
10/21/21 18:55:31,39394.6,>Range,>Range,>Range
10/21/21 18:55:32,39422.1,>Range,>Range,>Range
10/21/21 18:55:33,39418.2,>Range,>Range,>Range
10/21/21 18:55:34,39353.3,>Range,>Range,>Range
10/21/21 18:55:35,39170.8,>Range,>Range,>Range
10/21/21 18:55:36,39023.3,>Range,>Range,>Range
10/21/21 18:55:37,39054.6,>Range,>Range,>Range
10/21/21 18:55:38,39091.5,>Range,>Range,>Range
10/21/21 18:55:39,39094.5,>Range,>Range,>Range
10/21/21 18:55:40,39074,>Range,>Range,>Range
10/21/21 18:55:41,39108.2,>Range,>Range,>Range
10/21/21 18:55:42,39048,>Range,>Range,>Range
10/21/21 18:55:43,38886.8,>Range,>Range,>Range
10/21/21 18:55:44,38722,>Range,>Range,>Range
10/21/21 18:55:45,38560.5,>Range,>Range,>Range
10/21/21 18:55:46,38463.1,>Range,>Range,>Range
10/21/21 18:55:47,38304.7,>Range,>Range,>Range
10/21/21 18:55:48,38210.5,>Range,>Range,>Range
10/21/21 18:55:49,38251.4,>Range,>Range,>Range
10/21/21 18:55:50,38238.2,>Range,>Range,>Range
10/21/21 18:55:51,38237.1,>Range,>Range,>Range
10/21/21 18:55:52,38369.6,>Range,>Range,>Range
10/21/21 18:55:53,38450.6,>Range,>Range,>Range
10/21/21 18:55:54,38633.1,>Range,>Range,>Range
10/21/21 18:55:55,38842.8,>Range,>Range,>Range
10/21/21 18:55:56,38915.2,>Range,>Range,>Range
10/21/21 18:55:57,38944,>Range,>Range,>Range
10/21/21 18:55:58,39011.9,>Range,>Range,>Range
10/21/21 18:55:59,39075.5,>Range,>Range,>Range
10/21/21 18:56:00,39081.2,>Range,>Range,>Range
10/21/21 18:56:01,38983.8,>Range,>Range,>Range
10/21/21 18:56:02,38990,>Range,>Range,>Range
10/21/21 18:56:03,39007,>Range,>Range,>Range
10/21/21 18:56:04,38982.8,>Range,>Range,>Range
10/21/21 18:56:05,38973.7,>Range,>Range,>Range
10/21/21 18:56:06,38930.5,>Range,>Range,>Range
10/21/21 18:56:07,39061.1,>Range,>Range,>Range
10/21/21 18:56:08,39194.5,>Range,>Range,>Range
10/21/21 18:56:09,39123.5,>Range,>Range,>Range
10/21/21 18:56:10,39049.2,>Range,>Range,>Range
10/21/21 18:56:11,39063.8,>Range,>Range,>Range
10/21/21 18:56:12,39104.4,>Range,>Range,>Range
10/21/21 18:56:13,38987,>Range,>Range,>Range
10/21/21 18:56:14,39046.5,>Range,>Range,>Range
10/21/21 18:56:15,39156.8,>Range,>Range,>Range
10/21/21 18:56:16,39254,>Range,>Range,>Range
10/21/21 18:56:17,39159.8,>Range,>Range,>Range
10/21/21 18:56:18,39129.5,>Range,>Range,>Range
10/21/21 18:56:19,39273.1,>Range,>Range,>Range
10/21/21 18:56:20,39268.1,>Range,>Range,>Range
10/21/21 18:56:21,39166.6,>Range,>Range,>Range
10/21/21 18:56:22,39044.9,>Range,>Range,>Range
10/21/21 18:56:23,38950.8,>Range,>Range,>Range
10/21/21 18:56:24,38959.9,>Range,>Range,>Range
10/21/21 18:56:25,38920.8,>Range,>Range,>Range
10/21/21 18:56:26,38883.7,>Range,>Range,>Range
10/21/21 18:56:27,38858.6,>Range,>Range,>Range
10/21/21 18:56:28,38849.7,>Range,>Range,>Range
10/21/21 18:56:29,38875.7,>Range,>Range,>Range
10/21/21 18:56:30,38726.8,>Range,>Range,>Range
10/21/21 18:56:31,38781.2,>Range,>Range,>Range
10/21/21 18:56:32,38907.8,>Range,>Range,>Range
10/21/21 18:56:33,39017.2,>Range,>Range,>Range
10/21/21 18:56:34,38945,>Range,>Range,>Range
10/21/21 18:56:35,38891.6,>Range,>Range,>Range
10/21/21 18:56:36,38850.2,>Range,>Range,>Range
10/21/21 18:56:37,38867.5,>Range,>Range,>Range
10/21/21 18:56:38,38920.9,>Range,>Range,>Range
10/21/21 18:56:39,38926.8,>Range,>Range,>Range
10/21/21 18:56:40,38946.6,>Range,>Range,>Range
10/21/21 18:56:41,39017.4,>Range,>Range,>Range
10/21/21 18:56:42,39183.1,>Range,>Range,>Range
10/21/21 18:56:43,39244,>Range,>Range,>Range
10/21/21 18:56:44,39289.5,>Range,>Range,>Range
10/21/21 18:56:45,39368.8,>Range,>Range,>Range
10/21/21 18:56:46,39446.8,>Range,>Range,>Range
10/21/21 18:56:47,39509.8,>Range,>Range,>Range
10/21/21 18:56:48,39419.2,>Range,>Range,>Range
10/21/21 18:56:49,39151.9,>Range,>Range,>Range
10/21/21 18:56:50,39005.9,>Range,>Range,>Range
10/21/21 18:56:51,39060.7,>Range,>Range,>Range
10/21/21 18:56:52,39161.5,>Range,>Range,>Range
10/21/21 18:56:53,39199.7,>Range,>Range,>Range
10/21/21 18:56:54,39267.4,>Range,>Range,>Range
10/21/21 18:56:55,39285.4,>Range,>Range,>Range
10/21/21 18:56:56,39272,>Range,>Range,>Range
10/21/21 18:56:57,39322,>Range,>Range,>Range
10/21/21 18:56:58,39350.9,>Range,>Range,>Range
10/21/21 18:56:59,39265.8,>Range,>Range,>Range
10/21/21 18:57:00,39116.4,>Range,>Range,>Range
10/21/21 18:57:01,39079.7,>Range,>Range,>Range
10/21/21 18:57:02,38953.6,>Range,>Range,>Range
10/21/21 18:57:03,38918.4,>Range,>Range,>Range
10/21/21 18:57:04,38867.1,>Range,>Range,>Range
10/21/21 18:57:05,38963.9,>Range,>Range,>Range
10/21/21 18:57:06,39104.3,>Range,>Range,>Range
10/21/21 18:57:07,39115.2,>Range,>Range,>Range
10/21/21 18:57:08,39071,>Range,>Range,>Range
10/21/21 18:57:09,39027.2,>Range,>Range,>Range
10/21/21 18:57:10,39024.3,>Range,>Range,>Range
10/21/21 18:57:11,38995.9,>Range,>Range,>Range
10/21/21 18:57:12,39029.5,>Range,>Range,>Range
10/21/21 18:57:13,39014.2,>Range,>Range,>Range
10/21/21 18:57:14,39056,>Range,>Range,>Range
10/21/21 18:57:15,38993.6,>Range,>Range,>Range
10/21/21 18:57:16,38937,>Range,>Range,>Range
10/21/21 18:57:17,38880.4,>Range,>Range,>Range
10/21/21 18:57:18,38877.6,>Range,>Range,>Range
10/21/21 18:57:19,38960,>Range,>Range,>Range
10/21/21 18:57:20,38940.5,>Range,>Range,>Range
10/21/21 18:57:21,39023.1,>Range,>Range,>Range
10/21/21 18:57:22,39054.1,>Range,>Range,>Range
10/21/21 18:57:23,38894.1,>Range,>Range,>Range
10/21/21 18:57:24,38758.7,>Range,>Range,>Range
10/21/21 18:57:25,38737.7,>Range,>Range,>Range
10/21/21 18:57:26,38805.3,>Range,>Range,>Range
10/21/21 18:57:27,38808.8,>Range,>Range,>Range
10/21/21 18:57:28,38864.1,>Range,>Range,>Range
10/21/21 18:57:29,38800.4,>Range,>Range,>Range
10/21/21 18:57:30,38749.9,>Range,>Range,>Range
10/21/21 18:57:31,38831.7,>Range,>Range,>Range
10/21/21 18:57:32,38972.6,>Range,>Range,>Range
10/21/21 18:57:33,39045.1,>Range,>Range,>Range
10/21/21 18:57:34,39077,>Range,>Range,>Range
10/21/21 18:57:35,39103.5,>Range,>Range,>Range
10/21/21 18:57:36,39213.4,>Range,>Range,>Range
10/21/21 18:57:37,39254.7,>Range,>Range,>Range
10/21/21 18:57:38,39119,>Range,>Range,>Range
10/21/21 18:57:39,38916.3,>Range,>Range,>Range
10/21/21 18:57:40,38849,>Range,>Range,>Range
10/21/21 18:57:41,38832.4,>Range,>Range,>Range
10/21/21 18:57:42,38904,>Range,>Range,>Range
10/21/21 18:57:43,38936.6,>Range,>Range,>Range
10/21/21 18:57:44,39059.7,>Range,>Range,>Range
10/21/21 18:57:45,39013.6,>Range,>Range,>Range
10/21/21 18:57:46,38998,>Range,>Range,>Range
10/21/21 18:57:47,39010.3,>Range,>Range,>Range
10/21/21 18:57:48,38970.2,>Range,>Range,>Range
10/21/21 18:57:49,38931.4,>Range,>Range,>Range
10/21/21 18:57:50,38798.7,>Range,>Range,>Range
10/21/21 18:57:51,38719.7,>Range,>Range,>Range
10/21/21 18:57:52,38723.2,>Range,>Range,>Range
10/21/21 18:57:53,38897,>Range,>Range,>Range
10/21/21 18:57:54,38996.5,>Range,>Range,>Range
10/21/21 18:57:55,38865.1,>Range,>Range,>Range
10/21/21 18:57:56,38678.2,>Range,>Range,>Range
10/21/21 18:57:57,38605,>Range,>Range,>Range
10/21/21 18:57:58,38644.6,>Range,>Range,>Range
10/21/21 18:57:59,38656.1,>Range,>Range,>Range
10/21/21 18:58:00,38821.4,>Range,>Range,>Range
10/21/21 18:58:01,38926.4,>Range,>Range,>Range
10/21/21 18:58:02,38976.2,>Range,>Range,>Range
10/21/21 18:58:03,38873,>Range,>Range,>Range
10/21/21 18:58:04,38802.9,>Range,>Range,>Range
10/21/21 18:58:05,38810.7,>Range,>Range,>Range
10/21/21 18:58:06,38868.9,>Range,>Range,>Range
10/21/21 18:58:07,39001.4,>Range,>Range,>Range
10/21/21 18:58:08,39055.7,>Range,>Range,>Range
10/21/21 18:58:09,39067.3,>Range,>Range,>Range
10/21/21 18:58:10,39119.9,>Range,>Range,>Range
10/21/21 18:58:11,39169.1,>Range,>Range,>Range
10/21/21 18:58:12,39091.6,>Range,>Range,>Range
10/21/21 18:58:13,38937.6,>Range,>Range,>Range
10/21/21 18:58:14,38732.1,>Range,>Range,>Range
10/21/21 18:58:15,38563.4,>Range,>Range,>Range
10/21/21 18:58:16,38471.5,>Range,>Range,>Range
10/21/21 18:58:17,38361,>Range,>Range,>Range
10/21/21 18:58:18,38247.1,>Range,>Range,>Range
10/21/21 18:58:19,38245.8,>Range,>Range,>Range
10/21/21 18:58:20,38236.2,>Range,>Range,>Range
10/21/21 18:58:21,38196,>Range,>Range,>Range
10/21/21 18:58:22,38270.2,>Range,>Range,>Range
10/21/21 18:58:23,38332.7,>Range,>Range,>Range
10/21/21 18:58:24,38472.2,>Range,>Range,>Range
10/21/21 18:58:25,38533.4,>Range,>Range,>Range
10/21/21 18:58:26,38669.2,>Range,>Range,>Range
10/21/21 18:58:27,38710.2,>Range,>Range,>Range
10/21/21 18:58:28,38756.5,>Range,>Range,>Range
10/21/21 18:58:29,38849.3,>Range,>Range,>Range
10/21/21 18:58:30,38919.7,>Range,>Range,>Range
10/21/21 18:58:31,39012.6,>Range,>Range,>Range
10/21/21 18:58:32,38973.4,>Range,>Range,>Range
10/21/21 18:58:33,38911.7,>Range,>Range,>Range
10/21/21 18:58:34,38884.1,>Range,>Range,>Range
10/21/21 18:58:35,38743.8,>Range,>Range,>Range
10/21/21 18:58:36,38746.1,>Range,>Range,>Range
10/21/21 18:58:37,38795.2,>Range,>Range,>Range
10/21/21 18:58:38,38844.1,>Range,>Range,>Range
10/21/21 18:58:39,38785.9,>Range,>Range,>Range
10/21/21 18:58:40,38683.4,>Range,>Range,>Range
10/21/21 18:58:41,38612.2,>Range,>Range,>Range
10/21/21 18:58:42,38620.8,>Range,>Range,>Range
10/21/21 18:58:43,38636.1,>Range,>Range,>Range
10/21/21 18:58:44,38602.2,>Range,>Range,>Range
10/21/21 18:58:45,38464.6,>Range,>Range,>Range
10/21/21 18:58:46,38520.8,>Range,>Range,>Range
10/21/21 18:58:47,38670.2,>Range,>Range,>Range
10/21/21 18:58:48,38748.7,>Range,>Range,>Range
10/21/21 18:58:49,38815.7,>Range,>Range,>Range
10/21/21 18:58:50,38921.8,>Range,>Range,>Range
10/21/21 18:58:51,39004.5,>Range,>Range,>Range
10/21/21 18:58:52,38990.9,>Range,>Range,>Range
10/21/21 18:58:53,38950.4,>Range,>Range,>Range
10/21/21 18:58:54,38925.7,>Range,>Range,>Range
10/21/21 18:58:55,38928.3,>Range,>Range,>Range
10/21/21 18:58:56,38816.3,>Range,>Range,>Range
10/21/21 18:58:57,38712.4,>Range,>Range,>Range
10/21/21 18:58:58,38702.8,>Range,>Range,>Range
10/21/21 18:58:59,38713,>Range,>Range,>Range
10/21/21 18:59:00,38623.7,>Range,>Range,>Range
10/21/21 18:59:01,38572.4,>Range,>Range,>Range
10/21/21 18:59:02,38666.8,>Range,>Range,>Range
10/21/21 18:59:03,38695.4,>Range,>Range,>Range
10/21/21 18:59:04,38747.1,>Range,>Range,>Range
10/21/21 18:59:05,38747.4,>Range,>Range,>Range
10/21/21 18:59:06,38828,>Range,>Range,>Range
10/21/21 18:59:07,38935.6,>Range,>Range,>Range
10/21/21 18:59:08,38892.4,>Range,>Range,>Range
10/21/21 18:59:09,38912.7,>Range,>Range,>Range
10/21/21 18:59:10,39002.6,>Range,>Range,>Range
10/21/21 18:59:11,38978.7,>Range,>Range,>Range
10/21/21 18:59:12,38915.8,>Range,>Range,>Range
10/21/21 18:59:13,38858.2,>Range,>Range,>Range
10/21/21 18:59:14,38922.6,>Range,>Range,>Range
10/21/21 18:59:15,38990.4,>Range,>Range,>Range
10/21/21 18:59:16,39071,>Range,>Range,>Range
10/21/21 18:59:17,39196.4,>Range,>Range,>Range
10/21/21 18:59:18,39194.7,>Range,>Range,>Range
10/21/21 18:59:19,38912.7,>Range,>Range,>Range
10/21/21 18:59:20,38782.1,>Range,>Range,>Range
10/21/21 18:59:21,38778.9,>Range,>Range,>Range
10/21/21 18:59:22,38818.4,>Range,>Range,>Range
10/21/21 18:59:23,38897.1,>Range,>Range,>Range
10/21/21 18:59:24,38898.5,>Range,>Range,>Range
10/21/21 18:59:25,39085.8,>Range,>Range,>Range
10/21/21 18:59:26,39992.9,>Range,>Range,>Range
10/21/21 18:59:27,42498.8,>Range,>Range,>Range
10/21/21 18:59:28,45681.7,>Range,>Range,>Range
10/21/21 18:59:29,48510.3,>Range,>Range,>Range
10/21/21 18:59:30,50326.7,>Range,>Range,>Range
10/21/21 18:59:31,51548.6,>Range,>Range,>Range
10/21/21 18:59:32,52363.3,>Range,>Range,>Range
10/21/21 18:59:33,52967.7,>Range,>Range,>Range
10/21/21 18:59:34,53371.7,>Range,>Range,>Range
10/21/21 18:59:35,53686.2,>Range,>Range,>Range
10/21/21 18:59:36,53857.1,>Range,>Range,>Range
10/21/21 18:59:37,53910.7,>Range,>Range,>Range
10/21/21 18:59:38,53905.6,>Range,>Range,>Range
10/21/21 18:59:39,53765.4,>Range,>Range,>Range
10/21/21 18:59:40,53623.6,>Range,>Range,>Range
10/21/21 18:59:41,53558.6,>Range,>Range,>Range
10/21/21 18:59:42,53533.4,>Range,>Range,>Range
10/21/21 18:59:43,53390.7,>Range,>Range,>Range
10/21/21 18:59:44,53380.8,>Range,>Range,>Range
10/21/21 18:59:45,53366.7,>Range,>Range,>Range
10/21/21 18:59:46,53253.2,>Range,>Range,>Range
10/21/21 18:59:47,53257.2,>Range,>Range,>Range
10/21/21 18:59:48,53217,>Range,>Range,>Range
10/21/21 18:59:49,53142.3,>Range,>Range,>Range
10/21/21 18:59:50,53139.9,>Range,>Range,>Range
10/21/21 18:59:51,53116.6,>Range,>Range,>Range
10/21/21 18:59:52,53117.4,>Range,>Range,>Range
10/21/21 18:59:53,53177,>Range,>Range,>Range
10/21/21 18:59:54,53029.1,>Range,>Range,>Range
10/21/21 18:59:55,52862.7,>Range,>Range,>Range
10/21/21 18:59:56,52705.4,>Range,>Range,>Range
10/21/21 18:59:57,52608.7,>Range,>Range,>Range
10/21/21 18:59:58,52523.8,>Range,>Range,>Range
10/21/21 18:59:59,52369,>Range,>Range,>Range
10/21/21 19:00:00,51385.9,>Range,>Range,>Range
10/21/21 19:00:01,49395.3,>Range,>Range,>Range
10/21/21 19:00:02,46590.9,>Range,>Range,>Range
10/21/21 19:00:03,44041,>Range,>Range,>Range
10/21/21 19:00:04,42032.5,>Range,>Range,>Range
10/21/21 19:00:05,40511.3,>Range,>Range,>Range
10/21/21 19:00:06,39569.1,>Range,>Range,>Range
10/21/21 19:00:07,39012.9,>Range,>Range,>Range
10/21/21 19:00:08,38758.3,>Range,>Range,>Range
10/21/21 19:00:09,38768.3,>Range,>Range,>Range
10/21/21 19:00:10,38798.7,>Range,>Range,>Range
10/21/21 19:00:11,38859.1,>Range,>Range,>Range
10/21/21 19:00:12,39037.2,>Range,>Range,>Range
10/21/21 19:00:13,39297.7,>Range,>Range,>Range
10/21/21 19:00:14,39530.9,>Range,>Range,>Range
10/21/21 19:00:15,39773.4,>Range,>Range,>Range
10/21/21 19:00:16,39920.6,>Range,>Range,>Range
10/21/21 19:00:17,40015.5,>Range,>Range,>Range
10/21/21 19:00:18,40157.8,>Range,>Range,>Range
10/21/21 19:00:19,40224.2,>Range,>Range,>Range
10/21/21 19:00:20,40256.6,>Range,>Range,>Range
10/21/21 19:00:21,40235.5,>Range,>Range,>Range
10/21/21 19:00:22,40289.7,>Range,>Range,>Range
10/21/21 19:00:23,40371.6,>Range,>Range,>Range
10/21/21 19:00:24,40524.5,>Range,>Range,>Range
10/21/21 19:00:25,40541.8,>Range,>Range,>Range
10/21/21 19:00:26,40418.4,>Range,>Range,>Range
10/21/21 19:00:27,40342.6,>Range,>Range,>Range
10/21/21 19:00:28,40288.4,>Range,>Range,>Range
10/21/21 19:00:29,40722.1,>Range,>Range,>Range
10/21/21 19:00:30,41881.4,>Range,>Range,>Range
10/21/21 19:00:31,43161.1,>Range,>Range,>Range
10/21/21 19:00:32,44213.8,>Range,>Range,>Range
10/21/21 19:00:33,44902,>Range,>Range,>Range
10/21/21 19:00:34,45229.3,>Range,>Range,>Range
10/21/21 19:00:35,45605.2,>Range,>Range,>Range
10/21/21 19:00:36,45916.5,>Range,>Range,>Range
10/21/21 19:00:37,46154.8,>Range,>Range,>Range
10/21/21 19:00:38,46313.3,>Range,>Range,>Range
10/21/21 19:00:39,46330.5,>Range,>Range,>Range
10/21/21 19:00:40,46402,>Range,>Range,>Range
10/21/21 19:00:41,47102.8,>Range,>Range,>Range
10/21/21 19:00:42,48134.3,>Range,>Range,>Range
10/21/21 19:00:43,48997.2,>Range,>Range,>Range
10/21/21 19:00:44,49614.7,>Range,>Range,>Range
10/21/21 19:00:45,50017.2,>Range,>Range,>Range
10/21/21 19:00:46,50312.7,>Range,>Range,>Range
10/21/21 19:00:47,50622.9,>Range,>Range,>Range
10/21/21 19:00:48,50857.9,>Range,>Range,>Range
10/21/21 19:00:49,50793.2,>Range,>Range,>Range
10/21/21 19:00:50,50542.1,>Range,>Range,>Range
10/21/21 19:00:51,50516.5,>Range,>Range,>Range
10/21/21 19:00:52,50473.7,>Range,>Range,>Range
10/21/21 19:00:53,50494.7,>Range,>Range,>Range
10/21/21 19:00:54,50599.3,>Range,>Range,>Range
10/21/21 19:00:55,50771.7,>Range,>Range,>Range
10/21/21 19:00:56,51005.6,>Range,>Range,>Range
10/21/21 19:00:57,51044.3,>Range,>Range,>Range
10/21/21 19:00:58,50876.5,>Range,>Range,>Range
10/21/21 19:00:59,50756,>Range,>Range,>Range
10/21/21 19:01:00,50667.8,>Range,>Range,>Range
10/21/21 19:01:01,50717.3,>Range,>Range,>Range
10/21/21 19:01:02,50837,>Range,>Range,>Range
10/21/21 19:01:03,50909.6,>Range,>Range,>Range
10/21/21 19:01:04,51038.1,>Range,>Range,>Range
10/21/21 19:01:05,51005.6,>Range,>Range,>Range
10/21/21 19:01:06,50816.9,>Range,>Range,>Range
10/21/21 19:01:07,50724.6,>Range,>Range,>Range
10/21/21 19:01:08,50742.2,>Range,>Range,>Range
10/21/21 19:01:09,50903.1,>Range,>Range,>Range
10/21/21 19:01:10,51031.5,>Range,>Range,>Range
10/21/21 19:01:11,51107,>Range,>Range,>Range
10/21/21 19:01:12,51231.7,>Range,>Range,>Range
10/21/21 19:01:13,51333.6,>Range,>Range,>Range
10/21/21 19:01:14,51196.9,>Range,>Range,>Range
10/21/21 19:01:15,51116.8,>Range,>Range,>Range
10/21/21 19:01:16,51095.6,>Range,>Range,>Range
10/21/21 19:01:17,51039.2,>Range,>Range,>Range
10/21/21 19:01:18,50995,>Range,>Range,>Range
10/21/21 19:01:19,50853.8,>Range,>Range,>Range
10/21/21 19:01:20,50698.7,>Range,>Range,>Range
10/21/21 19:01:21,50702,>Range,>Range,>Range
10/21/21 19:01:22,50825.1,>Range,>Range,>Range
10/21/21 19:01:23,50821.1,>Range,>Range,>Range
10/21/21 19:01:24,50846.9,>Range,>Range,>Range
10/21/21 19:01:25,50870.2,>Range,>Range,>Range
10/21/21 19:01:26,50947.2,>Range,>Range,>Range
10/21/21 19:01:27,51063.8,>Range,>Range,>Range
10/21/21 19:01:28,51106.8,>Range,>Range,>Range
10/21/21 19:01:29,50964.2,>Range,>Range,>Range
10/21/21 19:01:30,50742.2,>Range,>Range,>Range
10/21/21 19:01:31,50699.3,>Range,>Range,>Range
10/21/21 19:01:32,50672.1,>Range,>Range,>Range
10/21/21 19:01:33,50782.9,>Range,>Range,>Range
10/21/21 19:01:34,50787.6,>Range,>Range,>Range
10/21/21 19:01:35,50784.8,>Range,>Range,>Range
10/21/21 19:01:36,50865.2,>Range,>Range,>Range
10/21/21 19:01:37,50947.9,>Range,>Range,>Range
10/21/21 19:01:38,51054.7,>Range,>Range,>Range
10/21/21 19:01:39,51047.5,>Range,>Range,>Range
10/21/21 19:01:40,50751,>Range,>Range,>Range
10/21/21 19:01:41,50420.1,>Range,>Range,>Range
10/21/21 19:01:42,50285.1,>Range,>Range,>Range
10/21/21 19:01:43,50223.1,>Range,>Range,>Range
10/21/21 19:01:44,50218,>Range,>Range,>Range
10/21/21 19:01:45,50207.8,>Range,>Range,>Range
10/21/21 19:01:46,50175.9,>Range,>Range,>Range
10/21/21 19:01:47,50129.5,>Range,>Range,>Range
10/21/21 19:01:48,50188.2,>Range,>Range,>Range
10/21/21 19:01:49,50146.9,>Range,>Range,>Range
10/21/21 19:01:50,49964.6,>Range,>Range,>Range
10/21/21 19:01:51,50002.7,>Range,>Range,>Range
10/21/21 19:01:52,50258.8,>Range,>Range,>Range
10/21/21 19:01:53,50365.3,>Range,>Range,>Range
10/21/21 19:01:54,50145.7,>Range,>Range,>Range
10/21/21 19:01:55,49941.5,>Range,>Range,>Range
10/21/21 19:01:56,50014,>Range,>Range,>Range
10/21/21 19:01:57,49960.3,>Range,>Range,>Range
10/21/21 19:01:58,49871,>Range,>Range,>Range
10/21/21 19:01:59,49967.2,>Range,>Range,>Range
10/21/21 19:02:00,50165.1,>Range,>Range,>Range
10/21/21 19:02:01,49976.8,>Range,>Range,>Range
10/21/21 19:02:02,49785,>Range,>Range,>Range
10/21/21 19:02:03,49665.7,>Range,>Range,>Range
10/21/21 19:02:04,49751.4,>Range,>Range,>Range
10/21/21 19:02:05,49890.4,>Range,>Range,>Range
10/21/21 19:02:06,49918.9,>Range,>Range,>Range
10/21/21 19:02:07,50034.8,>Range,>Range,>Range
10/21/21 19:02:08,50189.9,>Range,>Range,>Range
10/21/21 19:02:09,50279.9,>Range,>Range,>Range
10/21/21 19:02:10,50349.4,>Range,>Range,>Range
10/21/21 19:02:11,50476.8,>Range,>Range,>Range
10/21/21 19:02:12,50638.8,>Range,>Range,>Range
10/21/21 19:02:13,50497.4,>Range,>Range,>Range
10/21/21 19:02:14,50279.5,>Range,>Range,>Range
10/21/21 19:02:15,50258.7,>Range,>Range,>Range
10/21/21 19:02:16,50300.8,>Range,>Range,>Range
10/21/21 19:02:17,50430.8,>Range,>Range,>Range
10/21/21 19:02:18,50565.6,>Range,>Range,>Range
10/21/21 19:02:19,50590.7,>Range,>Range,>Range
10/21/21 19:02:20,50407.3,>Range,>Range,>Range
10/21/21 19:02:21,50492.7,>Range,>Range,>Range
10/21/21 19:02:22,50567.1,>Range,>Range,>Range
10/21/21 19:02:23,50644.3,>Range,>Range,>Range
10/21/21 19:02:24,50727.5,>Range,>Range,>Range
10/21/21 19:02:25,50642.5,>Range,>Range,>Range
10/21/21 19:02:26,50493.7,>Range,>Range,>Range
10/21/21 19:02:27,50535.8,>Range,>Range,>Range
10/21/21 19:02:28,50764,>Range,>Range,>Range
10/21/21 19:02:29,50749.5,>Range,>Range,>Range
10/21/21 19:02:30,50645.4,>Range,>Range,>Range
10/21/21 19:02:31,50538.9,>Range,>Range,>Range
10/21/21 19:02:32,50374.3,>Range,>Range,>Range
10/21/21 19:02:33,50100.9,>Range,>Range,>Range
10/21/21 19:02:34,50031,>Range,>Range,>Range
10/21/21 19:02:35,50095.1,>Range,>Range,>Range
10/21/21 19:02:36,50098,>Range,>Range,>Range
10/21/21 19:02:37,50181.2,>Range,>Range,>Range
10/21/21 19:02:38,50369.8,>Range,>Range,>Range
10/21/21 19:02:39,50420.8,>Range,>Range,>Range
10/21/21 19:02:40,50222,>Range,>Range,>Range
10/21/21 19:02:41,50152.7,>Range,>Range,>Range
10/21/21 19:02:42,50273.9,>Range,>Range,>Range
10/21/21 19:02:43,50433.2,>Range,>Range,>Range
10/21/21 19:02:44,50594.1,>Range,>Range,>Range
10/21/21 19:02:45,50619.1,>Range,>Range,>Range
10/21/21 19:02:46,50623.7,>Range,>Range,>Range
10/21/21 19:02:47,50388.3,>Range,>Range,>Range
10/21/21 19:02:48,49962.2,>Range,>Range,>Range
10/21/21 19:02:49,49721.6,>Range,>Range,>Range
10/21/21 19:02:50,49362.1,>Range,>Range,>Range
10/21/21 19:02:51,49125.3,>Range,>Range,>Range
10/21/21 19:02:52,49013.7,>Range,>Range,>Range
10/21/21 19:02:53,49119.1,>Range,>Range,>Range
10/21/21 19:02:54,49346.2,>Range,>Range,>Range
10/21/21 19:02:55,49454.9,>Range,>Range,>Range
10/21/21 19:02:56,49516.6,>Range,>Range,>Range
10/21/21 19:02:57,49563.9,>Range,>Range,>Range
10/21/21 19:02:58,49459.9,>Range,>Range,>Range
10/21/21 19:02:59,49448.3,>Range,>Range,>Range
10/21/21 19:03:00,49609.8,>Range,>Range,>Range
10/21/21 19:03:01,49726.3,>Range,>Range,>Range
10/21/21 19:03:02,49670.3,>Range,>Range,>Range
10/21/21 19:03:03,49628.8,>Range,>Range,>Range
10/21/21 19:03:04,49560.6,>Range,>Range,>Range
10/21/21 19:03:05,49499.5,>Range,>Range,>Range
10/21/21 19:03:06,49503.7,>Range,>Range,>Range
10/21/21 19:03:07,49423.1,>Range,>Range,>Range
10/21/21 19:03:08,49550.2,>Range,>Range,>Range
10/21/21 19:03:09,49555.9,>Range,>Range,>Range
10/21/21 19:03:10,49532.7,>Range,>Range,>Range
10/21/21 19:03:11,49518.8,>Range,>Range,>Range
10/21/21 19:03:12,49558.9,>Range,>Range,>Range
10/21/21 19:03:13,49662.8,>Range,>Range,>Range
10/21/21 19:03:14,49696.4,>Range,>Range,>Range
10/21/21 19:03:15,49698.7,>Range,>Range,>Range
10/21/21 19:03:16,49664.4,>Range,>Range,>Range
10/21/21 19:03:17,49618.7,>Range,>Range,>Range
10/21/21 19:03:18,49528.6,>Range,>Range,>Range
10/21/21 19:03:19,49488.1,>Range,>Range,>Range
10/21/21 19:03:20,49503.6,>Range,>Range,>Range
10/21/21 19:03:21,49468.8,>Range,>Range,>Range
10/21/21 19:03:22,49597.1,>Range,>Range,>Range
10/21/21 19:03:23,49800.4,>Range,>Range,>Range
10/21/21 19:03:24,49802.3,>Range,>Range,>Range
10/21/21 19:03:25,49854,>Range,>Range,>Range
10/21/21 19:03:26,49829.3,>Range,>Range,>Range
10/21/21 19:03:27,49831.1,>Range,>Range,>Range
10/21/21 19:03:28,49822.7,>Range,>Range,>Range
10/21/21 19:03:29,49659.5,>Range,>Range,>Range
10/21/21 19:03:30,49522.5,>Range,>Range,>Range
10/21/21 19:03:31,49502.2,>Range,>Range,>Range
10/21/21 19:03:32,49443.5,>Range,>Range,>Range
10/21/21 19:03:33,49354.6,>Range,>Range,>Range
10/21/21 19:03:34,49324.6,>Range,>Range,>Range
10/21/21 19:03:35,49324.2,>Range,>Range,>Range
10/21/21 19:03:36,49446.8,>Range,>Range,>Range
10/21/21 19:03:37,49693.2,>Range,>Range,>Range
10/21/21 19:03:38,49913,>Range,>Range,>Range
10/21/21 19:03:39,50066.4,>Range,>Range,>Range
10/21/21 19:03:40,50123.7,>Range,>Range,>Range
10/21/21 19:03:41,50080.5,>Range,>Range,>Range
10/21/21 19:03:42,50062.4,>Range,>Range,>Range
10/21/21 19:03:43,50061.8,>Range,>Range,>Range
10/21/21 19:03:44,50046.4,>Range,>Range,>Range
10/21/21 19:03:45,50023.5,>Range,>Range,>Range
10/21/21 19:03:46,50105.4,>Range,>Range,>Range
10/21/21 19:03:47,50117.2,>Range,>Range,>Range
10/21/21 19:03:48,50205.1,>Range,>Range,>Range
10/21/21 19:03:49,50180.7,>Range,>Range,>Range
10/21/21 19:03:50,50227.1,>Range,>Range,>Range
10/21/21 19:03:51,50243.4,>Range,>Range,>Range
10/21/21 19:03:52,50376.3,>Range,>Range,>Range
10/21/21 19:03:53,50396.9,>Range,>Range,>Range
10/21/21 19:03:54,50222.4,>Range,>Range,>Range
10/21/21 19:03:55,50206.7,>Range,>Range,>Range
10/21/21 19:03:56,50214.1,>Range,>Range,>Range
10/21/21 19:03:57,50339.4,>Range,>Range,>Range
10/21/21 19:03:58,50344.8,>Range,>Range,>Range
10/21/21 19:03:59,50284.1,>Range,>Range,>Range
10/21/21 19:04:00,50372,>Range,>Range,>Range
10/21/21 19:04:01,50383.7,>Range,>Range,>Range
10/21/21 19:04:02,50401.8,>Range,>Range,>Range
10/21/21 19:04:03,50331.7,>Range,>Range,>Range
10/21/21 19:04:04,50379.5,>Range,>Range,>Range
10/21/21 19:04:05,50510,>Range,>Range,>Range
10/21/21 19:04:06,50569.8,>Range,>Range,>Range
10/21/21 19:04:07,50547.7,>Range,>Range,>Range
10/21/21 19:04:08,50537.4,>Range,>Range,>Range
10/21/21 19:04:09,50616.9,>Range,>Range,>Range
10/21/21 19:04:10,50749.6,>Range,>Range,>Range
10/21/21 19:04:11,50835.1,>Range,>Range,>Range
10/21/21 19:04:12,50875.9,>Range,>Range,>Range
10/21/21 19:04:13,50967.1,>Range,>Range,>Range
10/21/21 19:04:14,51072.5,>Range,>Range,>Range
10/21/21 19:04:15,51128.3,>Range,>Range,>Range
10/21/21 19:04:16,50958,>Range,>Range,>Range
10/21/21 19:04:17,50876.5,>Range,>Range,>Range
10/21/21 19:04:18,51035.2,>Range,>Range,>Range
10/21/21 19:04:19,51206.4,>Range,>Range,>Range
10/21/21 19:04:20,51293.2,>Range,>Range,>Range
10/21/21 19:04:21,51384.8,>Range,>Range,>Range
10/21/21 19:04:22,51400.4,>Range,>Range,>Range
10/21/21 19:04:23,51155.2,>Range,>Range,>Range
10/21/21 19:04:24,50971.2,>Range,>Range,>Range
10/21/21 19:04:25,51043.4,>Range,>Range,>Range
10/21/21 19:04:26,51172.5,>Range,>Range,>Range
10/21/21 19:04:27,51223.5,>Range,>Range,>Range
10/21/21 19:04:28,51194.5,>Range,>Range,>Range
10/21/21 19:04:29,51223.9,>Range,>Range,>Range
10/21/21 19:04:30,51267,>Range,>Range,>Range
10/21/21 19:04:31,51299.5,>Range,>Range,>Range
10/21/21 19:04:32,51227.5,>Range,>Range,>Range
10/21/21 19:04:33,51288.8,>Range,>Range,>Range
10/21/21 19:04:34,51396.2,>Range,>Range,>Range
10/21/21 19:04:35,51461.1,>Range,>Range,>Range
10/21/21 19:04:36,51498.9,>Range,>Range,>Range
10/21/21 19:04:37,51488.9,>Range,>Range,>Range
10/21/21 19:04:38,51575.7,>Range,>Range,>Range
10/21/21 19:04:39,51626.8,>Range,>Range,>Range
10/21/21 19:04:40,51629,>Range,>Range,>Range
10/21/21 19:04:41,51692.6,>Range,>Range,>Range
10/21/21 19:04:42,51802.6,>Range,>Range,>Range
10/21/21 19:04:43,51847.4,>Range,>Range,>Range
10/21/21 19:04:44,51787.1,>Range,>Range,>Range
10/21/21 19:04:45,51734.1,>Range,>Range,>Range
10/21/21 19:04:46,51781.3,>Range,>Range,>Range
10/21/21 19:04:47,51782,>Range,>Range,>Range
10/21/21 19:04:48,51762,>Range,>Range,>Range
10/21/21 19:04:49,51752.1,>Range,>Range,>Range
10/21/21 19:04:50,51757,>Range,>Range,>Range
10/21/21 19:04:51,51669.8,>Range,>Range,>Range
10/21/21 19:04:52,51655.7,>Range,>Range,>Range
10/21/21 19:04:53,51613.7,>Range,>Range,>Range
10/21/21 19:04:54,51570.3,>Range,>Range,>Range
10/21/21 19:04:55,51618,>Range,>Range,>Range
10/21/21 19:04:56,51731.3,>Range,>Range,>Range
10/21/21 19:04:57,51841.3,>Range,>Range,>Range
10/21/21 19:04:58,51864.9,>Range,>Range,>Range
10/21/21 19:04:59,51902,>Range,>Range,>Range
10/21/21 19:05:00,52011.7,>Range,>Range,>Range
10/21/21 19:05:01,52087.4,>Range,>Range,>Range
10/21/21 19:05:02,52162.8,>Range,>Range,>Range
10/21/21 19:05:03,52099,>Range,>Range,>Range
10/21/21 19:05:04,52060.7,>Range,>Range,>Range
10/21/21 19:05:05,52150.3,>Range,>Range,>Range
10/21/21 19:05:06,52193.7,>Range,>Range,>Range
10/21/21 19:05:07,52163.1,>Range,>Range,>Range
10/21/21 19:05:08,52087.9,>Range,>Range,>Range
10/21/21 19:05:09,52040.9,>Range,>Range,>Range
10/21/21 19:05:10,51968.5,>Range,>Range,>Range
10/21/21 19:05:11,51975.8,>Range,>Range,>Range
10/21/21 19:05:12,52034.8,>Range,>Range,>Range
10/21/21 19:05:13,52067.4,>Range,>Range,>Range
10/21/21 19:05:14,52098.9,>Range,>Range,>Range
10/21/21 19:05:15,52253.2,>Range,>Range,>Range
10/21/21 19:05:16,52389.5,>Range,>Range,>Range
10/21/21 19:05:17,52465.6,>Range,>Range,>Range
10/21/21 19:05:18,52309.6,>Range,>Range,>Range
10/21/21 19:05:19,52215.6,>Range,>Range,>Range
10/21/21 19:05:20,52258.9,>Range,>Range,>Range
10/21/21 19:05:21,52335.4,>Range,>Range,>Range
10/21/21 19:05:22,52364.1,>Range,>Range,>Range
10/21/21 19:05:23,52375.4,>Range,>Range,>Range
10/21/21 19:05:24,52240.3,>Range,>Range,>Range
10/21/21 19:05:25,52191.6,>Range,>Range,>Range
10/21/21 19:05:26,52286,>Range,>Range,>Range
10/21/21 19:05:27,52272.3,>Range,>Range,>Range
10/21/21 19:05:28,52244.8,>Range,>Range,>Range
10/21/21 19:05:29,52232.9,>Range,>Range,>Range
10/21/21 19:05:30,52282.2,>Range,>Range,>Range
10/21/21 19:05:31,52227.4,>Range,>Range,>Range
10/21/21 19:05:32,52227.5,>Range,>Range,>Range
10/21/21 19:05:33,52169.7,>Range,>Range,>Range
10/21/21 19:05:34,52072.6,>Range,>Range,>Range
10/21/21 19:05:35,52014.4,>Range,>Range,>Range
10/21/21 19:05:36,52027.4,>Range,>Range,>Range
10/21/21 19:05:37,52151.6,>Range,>Range,>Range
10/21/21 19:05:38,52250.5,>Range,>Range,>Range
10/21/21 19:05:39,52366.6,>Range,>Range,>Range
10/21/21 19:05:40,52642.8,>Range,>Range,>Range
10/21/21 19:05:41,52683,>Range,>Range,>Range
10/21/21 19:05:42,52621.2,>Range,>Range,>Range
10/21/21 19:05:43,52459.6,>Range,>Range,>Range
10/21/21 19:05:44,52329.9,>Range,>Range,>Range
10/21/21 19:05:45,52353.4,>Range,>Range,>Range
10/21/21 19:05:46,52363.2,>Range,>Range,>Range
10/21/21 19:05:47,52278.3,>Range,>Range,>Range
10/21/21 19:05:48,52190.4,>Range,>Range,>Range
10/21/21 19:05:49,52190.9,>Range,>Range,>Range
10/21/21 19:05:50,52082.9,>Range,>Range,>Range
10/21/21 19:05:51,52042.4,>Range,>Range,>Range
10/21/21 19:05:52,52082.2,>Range,>Range,>Range
10/21/21 19:05:53,52128.6,>Range,>Range,>Range
10/21/21 19:05:54,52191.9,>Range,>Range,>Range
10/21/21 19:05:55,52145.5,>Range,>Range,>Range
10/21/21 19:05:56,52076.7,>Range,>Range,>Range
10/21/21 19:05:57,52044,>Range,>Range,>Range
10/21/21 19:05:58,52058.7,>Range,>Range,>Range
10/21/21 19:05:59,52281.8,>Range,>Range,>Range
10/21/21 19:06:00,52408,>Range,>Range,>Range
10/21/21 19:06:01,52425.9,>Range,>Range,>Range
10/21/21 19:06:02,52387,>Range,>Range,>Range
10/21/21 19:06:03,52401.2,>Range,>Range,>Range
10/21/21 19:06:04,52547.4,>Range,>Range,>Range
10/21/21 19:06:05,52613.2,>Range,>Range,>Range
10/21/21 19:06:06,52597.9,>Range,>Range,>Range
10/21/21 19:06:07,52308.7,>Range,>Range,>Range
10/21/21 19:06:08,52086.3,>Range,>Range,>Range
10/21/21 19:06:09,51970.3,>Range,>Range,>Range
10/21/21 19:06:10,51901.1,>Range,>Range,>Range
10/21/21 19:06:11,51830.8,>Range,>Range,>Range
10/21/21 19:06:12,51803.6,>Range,>Range,>Range
10/21/21 19:06:13,51707.8,>Range,>Range,>Range
10/21/21 19:06:14,51746,>Range,>Range,>Range
10/21/21 19:06:15,51949.1,>Range,>Range,>Range
10/21/21 19:06:16,52183.6,>Range,>Range,>Range
10/21/21 19:06:17,52270,>Range,>Range,>Range
10/21/21 19:06:18,52065.8,>Range,>Range,>Range
10/21/21 19:06:19,52016.3,>Range,>Range,>Range
10/21/21 19:06:20,52087.2,>Range,>Range,>Range
10/21/21 19:06:21,52200.6,>Range,>Range,>Range
10/21/21 19:06:22,52257.4,>Range,>Range,>Range
10/21/21 19:06:23,52290.1,>Range,>Range,>Range
10/21/21 19:06:24,52222.6,>Range,>Range,>Range
10/21/21 19:06:25,52273.4,>Range,>Range,>Range
10/21/21 19:06:26,52323.8,>Range,>Range,>Range
10/21/21 19:06:27,52323.9,>Range,>Range,>Range
10/21/21 19:06:28,52309.9,>Range,>Range,>Range
10/21/21 19:06:29,52222.5,>Range,>Range,>Range
10/21/21 19:06:30,52113,>Range,>Range,>Range
10/21/21 19:06:31,52045.5,>Range,>Range,>Range
10/21/21 19:06:32,51950.8,>Range,>Range,>Range
10/21/21 19:06:33,51901.7,>Range,>Range,>Range
10/21/21 19:06:34,51986.6,>Range,>Range,>Range
10/21/21 19:06:35,52028.3,>Range,>Range,>Range
10/21/21 19:06:36,52060.6,>Range,>Range,>Range
10/21/21 19:06:37,52127.3,>Range,>Range,>Range
10/21/21 19:06:38,52194.8,>Range,>Range,>Range
10/21/21 19:06:39,52236.1,>Range,>Range,>Range
10/21/21 19:06:40,52245.1,>Range,>Range,>Range
10/21/21 19:06:41,52304.4,>Range,>Range,>Range
10/21/21 19:06:42,52274.9,>Range,>Range,>Range
10/21/21 19:06:43,52223.3,>Range,>Range,>Range
10/21/21 19:06:44,52205.8,>Range,>Range,>Range
10/21/21 19:06:45,52164.9,>Range,>Range,>Range
10/21/21 19:06:46,52165.6,>Range,>Range,>Range
10/21/21 19:06:47,52096.2,>Range,>Range,>Range
10/21/21 19:06:48,51877.6,>Range,>Range,>Range
10/21/21 19:06:49,51851.4,>Range,>Range,>Range
10/21/21 19:06:50,51958,>Range,>Range,>Range
10/21/21 19:06:51,52037.5,>Range,>Range,>Range
10/21/21 19:06:52,51952.7,>Range,>Range,>Range
10/21/21 19:06:53,51837.1,>Range,>Range,>Range
10/21/21 19:06:54,51779.3,>Range,>Range,>Range
10/21/21 19:06:55,51773.1,>Range,>Range,>Range
10/21/21 19:06:56,51879.3,>Range,>Range,>Range
10/21/21 19:06:57,51931,>Range,>Range,>Range
10/21/21 19:06:58,51933.4,>Range,>Range,>Range
10/21/21 19:06:59,52021.6,>Range,>Range,>Range
10/21/21 19:07:00,52054.9,>Range,>Range,>Range
10/21/21 19:07:01,52038.8,>Range,>Range,>Range
10/21/21 19:07:02,52115.5,>Range,>Range,>Range
10/21/21 19:07:03,52042.2,>Range,>Range,>Range
10/21/21 19:07:04,51986.6,>Range,>Range,>Range
10/21/21 19:07:05,51977.7,>Range,>Range,>Range
10/21/21 19:07:06,51970,>Range,>Range,>Range
10/21/21 19:07:07,51806.4,>Range,>Range,>Range
10/21/21 19:07:08,51744.3,>Range,>Range,>Range
10/21/21 19:07:09,51746.3,>Range,>Range,>Range
10/21/21 19:07:10,51734.8,>Range,>Range,>Range
10/21/21 19:07:11,51760.6,>Range,>Range,>Range
10/21/21 19:07:12,51842.6,>Range,>Range,>Range
10/21/21 19:07:13,51946.2,>Range,>Range,>Range
10/21/21 19:07:14,51874.3,>Range,>Range,>Range
10/21/21 19:07:15,51735.5,>Range,>Range,>Range
10/21/21 19:07:16,51673.8,>Range,>Range,>Range
10/21/21 19:07:17,51655.8,>Range,>Range,>Range
10/21/21 19:07:18,51684.8,>Range,>Range,>Range
10/21/21 19:07:19,51612.3,>Range,>Range,>Range
10/21/21 19:07:20,51640.7,>Range,>Range,>Range
10/21/21 19:07:21,51664.6,>Range,>Range,>Range
10/21/21 19:07:22,51644,>Range,>Range,>Range
10/21/21 19:07:23,51788.6,>Range,>Range,>Range
10/21/21 19:07:24,51885.9,>Range,>Range,>Range
10/21/21 19:07:25,51864,>Range,>Range,>Range
10/21/21 19:07:26,51881.3,>Range,>Range,>Range
10/21/21 19:07:27,51730.9,>Range,>Range,>Range
10/21/21 19:07:28,51660.1,>Range,>Range,>Range
10/21/21 19:07:29,51607.4,>Range,>Range,>Range
10/21/21 19:07:30,51542,>Range,>Range,>Range
10/21/21 19:07:31,51513.3,>Range,>Range,>Range
10/21/21 19:07:32,51608,>Range,>Range,>Range
10/21/21 19:07:33,51694.7,>Range,>Range,>Range
10/21/21 19:07:34,51700.5,>Range,>Range,>Range
10/21/21 19:07:35,51718.7,>Range,>Range,>Range
10/21/21 19:07:36,51778,>Range,>Range,>Range
10/21/21 19:07:37,51842.2,>Range,>Range,>Range
10/21/21 19:07:38,51926.4,>Range,>Range,>Range
10/21/21 19:07:39,51916.3,>Range,>Range,>Range
10/21/21 19:07:40,51866.6,>Range,>Range,>Range
10/21/21 19:07:41,51849.4,>Range,>Range,>Range
10/21/21 19:07:42,51687.5,>Range,>Range,>Range
10/21/21 19:07:43,51641.1,>Range,>Range,>Range
10/21/21 19:07:44,51604.7,>Range,>Range,>Range
10/21/21 19:07:45,51550,>Range,>Range,>Range
10/21/21 19:07:46,51530.2,>Range,>Range,>Range
10/21/21 19:07:47,51641.9,>Range,>Range,>Range
10/21/21 19:07:48,51768.8,>Range,>Range,>Range
10/21/21 19:07:49,51867.4,>Range,>Range,>Range
10/21/21 19:07:50,51910.8,>Range,>Range,>Range
10/21/21 19:07:51,51882.3,>Range,>Range,>Range
10/21/21 19:07:52,51811.3,>Range,>Range,>Range
10/21/21 19:07:53,51713,>Range,>Range,>Range
10/21/21 19:07:54,51681.3,>Range,>Range,>Range
10/21/21 19:07:55,51746.7,>Range,>Range,>Range
10/21/21 19:07:56,51798.5,>Range,>Range,>Range
10/21/21 19:07:57,51870.4,>Range,>Range,>Range
10/21/21 19:07:58,51889.8,>Range,>Range,>Range
10/21/21 19:07:59,51792.9,>Range,>Range,>Range
10/21/21 19:08:00,51677.7,>Range,>Range,>Range
10/21/21 19:08:01,51671.3,>Range,>Range,>Range
10/21/21 19:08:02,51592.4,>Range,>Range,>Range
10/21/21 19:08:03,51560.2,>Range,>Range,>Range
10/21/21 19:08:04,51572.2,>Range,>Range,>Range
10/21/21 19:08:05,51642,>Range,>Range,>Range
10/21/21 19:08:06,51688.7,>Range,>Range,>Range
10/21/21 19:08:07,51817.4,>Range,>Range,>Range
10/21/21 19:08:08,51903.1,>Range,>Range,>Range
10/21/21 19:08:09,51887.1,>Range,>Range,>Range
10/21/21 19:08:10,51792,>Range,>Range,>Range
10/21/21 19:08:11,51629.8,>Range,>Range,>Range
10/21/21 19:08:12,51557.4,>Range,>Range,>Range
10/21/21 19:08:13,51587.9,>Range,>Range,>Range
10/21/21 19:08:14,51653.3,>Range,>Range,>Range
10/21/21 19:08:15,51732,>Range,>Range,>Range
10/21/21 19:08:16,51807.3,>Range,>Range,>Range
10/21/21 19:08:17,51854.9,>Range,>Range,>Range
10/21/21 19:08:18,51830.1,>Range,>Range,>Range
10/21/21 19:08:19,51824.7,>Range,>Range,>Range
10/21/21 19:08:20,51763.6,>Range,>Range,>Range
10/21/21 19:08:21,51655.4,>Range,>Range,>Range
10/21/21 19:08:22,51532.9,>Range,>Range,>Range
10/21/21 19:08:23,51639.5,>Range,>Range,>Range
10/21/21 19:08:24,51717.3,>Range,>Range,>Range
10/21/21 19:08:25,51771,>Range,>Range,>Range
10/21/21 19:08:26,51822.3,>Range,>Range,>Range
10/21/21 19:08:27,51894.7,>Range,>Range,>Range
10/21/21 19:08:28,51880.1,>Range,>Range,>Range
10/21/21 19:08:29,51904.4,>Range,>Range,>Range
10/21/21 19:08:30,51906.4,>Range,>Range,>Range
10/21/21 19:08:31,51877.9,>Range,>Range,>Range
10/21/21 19:08:32,51890.6,>Range,>Range,>Range
10/21/21 19:08:33,51930.5,>Range,>Range,>Range
10/21/21 19:08:34,51897.5,>Range,>Range,>Range
10/21/21 19:08:35,51812.5,>Range,>Range,>Range
10/21/21 19:08:36,51827,>Range,>Range,>Range
10/21/21 19:08:37,51882.6,>Range,>Range,>Range
10/21/21 19:08:38,51802.5,>Range,>Range,>Range
10/21/21 19:08:39,51641,>Range,>Range,>Range
10/21/21 19:08:40,51514.4,>Range,>Range,>Range
10/21/21 19:08:41,51464.5,>Range,>Range,>Range
10/21/21 19:08:42,51494.7,>Range,>Range,>Range
10/21/21 19:08:43,51482.5,>Range,>Range,>Range
10/21/21 19:08:44,51467.7,>Range,>Range,>Range
10/21/21 19:08:45,51632.7,>Range,>Range,>Range
10/21/21 19:08:46,51856.8,>Range,>Range,>Range
10/21/21 19:08:47,51940.8,>Range,>Range,>Range
10/21/21 19:08:48,52028.6,>Range,>Range,>Range
10/21/21 19:08:49,52191.8,>Range,>Range,>Range
10/21/21 19:08:50,52217.7,>Range,>Range,>Range
10/21/21 19:08:51,52142.1,>Range,>Range,>Range
10/21/21 19:08:52,52014.8,>Range,>Range,>Range
10/21/21 19:08:53,51870.7,>Range,>Range,>Range
10/21/21 19:08:54,51829.3,>Range,>Range,>Range
10/21/21 19:08:55,51803.2,>Range,>Range,>Range
10/21/21 19:08:56,51673.7,>Range,>Range,>Range
10/21/21 19:08:57,51526.2,>Range,>Range,>Range
10/21/21 19:08:58,51444.8,>Range,>Range,>Range
10/21/21 19:08:59,51380.8,>Range,>Range,>Range
10/21/21 19:09:00,51312.6,>Range,>Range,>Range
10/21/21 19:09:01,51337.2,>Range,>Range,>Range
10/21/21 19:09:02,51425.2,>Range,>Range,>Range
10/21/21 19:09:03,51569.8,>Range,>Range,>Range
10/21/21 19:09:04,51686.5,>Range,>Range,>Range
10/21/21 19:09:05,51778.9,>Range,>Range,>Range
10/21/21 19:09:06,51819.4,>Range,>Range,>Range
10/21/21 19:09:07,51793.5,>Range,>Range,>Range
10/21/21 19:09:08,51704.5,>Range,>Range,>Range
10/21/21 19:09:09,51620.5,>Range,>Range,>Range
10/21/21 19:09:10,51566.4,>Range,>Range,>Range
10/21/21 19:09:11,51574.7,>Range,>Range,>Range
10/21/21 19:09:12,51605,>Range,>Range,>Range
10/21/21 19:09:13,51615.9,>Range,>Range,>Range
10/21/21 19:09:14,51626.8,>Range,>Range,>Range
10/21/21 19:09:15,51654.6,>Range,>Range,>Range
10/21/21 19:09:16,51672.2,>Range,>Range,>Range
10/21/21 19:09:17,51610.6,>Range,>Range,>Range
10/21/21 19:09:18,51614.9,>Range,>Range,>Range
10/21/21 19:09:19,51719.7,>Range,>Range,>Range
10/21/21 19:09:20,51806.9,>Range,>Range,>Range
10/21/21 19:09:21,51736.7,>Range,>Range,>Range
10/21/21 19:09:22,51654.5,>Range,>Range,>Range
10/21/21 19:09:23,51542.1,>Range,>Range,>Range
10/21/21 19:09:24,51470.4,>Range,>Range,>Range
10/21/21 19:09:25,51508.6,>Range,>Range,>Range
10/21/21 19:09:26,51531.2,>Range,>Range,>Range
10/21/21 19:09:27,51627.9,>Range,>Range,>Range
10/21/21 19:09:28,51724.5,>Range,>Range,>Range
10/21/21 19:09:29,51791.7,>Range,>Range,>Range
10/21/21 19:09:30,51713.1,>Range,>Range,>Range
10/21/21 19:09:31,51708.4,>Range,>Range,>Range
10/21/21 19:09:32,51879.7,>Range,>Range,>Range
10/21/21 19:09:33,51835.6,>Range,>Range,>Range
10/21/21 19:09:34,51702,>Range,>Range,>Range
10/21/21 19:09:35,51577.4,>Range,>Range,>Range
10/21/21 19:09:36,51445.6,>Range,>Range,>Range
10/21/21 19:09:37,51460.5,>Range,>Range,>Range
10/21/21 19:09:38,51513.4,>Range,>Range,>Range
10/21/21 19:09:39,51651.9,>Range,>Range,>Range
10/21/21 19:09:40,51636.2,>Range,>Range,>Range
10/21/21 19:09:41,51605.4,>Range,>Range,>Range
10/21/21 19:09:42,51607.3,>Range,>Range,>Range
10/21/21 19:09:43,51629.8,>Range,>Range,>Range
10/21/21 19:09:44,51819,>Range,>Range,>Range
10/21/21 19:09:45,51915.7,>Range,>Range,>Range
10/21/21 19:09:46,51833.3,>Range,>Range,>Range
10/21/21 19:09:47,51657.5,>Range,>Range,>Range
10/21/21 19:09:48,51521.9,>Range,>Range,>Range
10/21/21 19:09:49,51556,>Range,>Range,>Range
10/21/21 19:09:50,51537.1,>Range,>Range,>Range
10/21/21 19:09:51,51396.4,>Range,>Range,>Range
10/21/21 19:09:52,51188.7,>Range,>Range,>Range
10/21/21 19:09:53,51263.4,>Range,>Range,>Range
10/21/21 19:09:54,51464,>Range,>Range,>Range
10/21/21 19:09:55,51502.1,>Range,>Range,>Range
10/21/21 19:09:56,51560.9,>Range,>Range,>Range
10/21/21 19:09:57,51558.2,>Range,>Range,>Range
10/21/21 19:09:58,51645,>Range,>Range,>Range
10/21/21 19:09:59,51756.1,>Range,>Range,>Range
10/21/21 19:10:00,51731.6,>Range,>Range,>Range
10/21/21 19:10:01,51671,>Range,>Range,>Range
10/21/21 19:10:02,51536.7,>Range,>Range,>Range
10/21/21 19:10:03,51534.7,>Range,>Range,>Range
10/21/21 19:10:04,51542.9,>Range,>Range,>Range
10/21/21 19:10:05,51519.5,>Range,>Range,>Range
10/21/21 19:10:06,51395,>Range,>Range,>Range
10/21/21 19:10:07,51270.9,>Range,>Range,>Range
10/21/21 19:10:08,51357.6,>Range,>Range,>Range
10/21/21 19:10:09,51461.6,>Range,>Range,>Range
10/21/21 19:10:10,51617.8,>Range,>Range,>Range
10/21/21 19:10:11,51754.4,>Range,>Range,>Range
10/21/21 19:10:12,51731.2,>Range,>Range,>Range
10/21/21 19:10:13,51652,>Range,>Range,>Range
10/21/21 19:10:14,51674.4,>Range,>Range,>Range
10/21/21 19:10:15,51624.6,>Range,>Range,>Range
10/21/21 19:10:16,51516.9,>Range,>Range,>Range
10/21/21 19:10:17,51488.9,>Range,>Range,>Range
10/21/21 19:10:18,51362,>Range,>Range,>Range
10/21/21 19:10:19,51315.9,>Range,>Range,>Range
10/21/21 19:10:20,51242.5,>Range,>Range,>Range
10/21/21 19:10:21,51220,>Range,>Range,>Range
10/21/21 19:10:22,51179.4,>Range,>Range,>Range
10/21/21 19:10:23,51089.3,>Range,>Range,>Range
10/21/21 19:10:24,51104.8,>Range,>Range,>Range
10/21/21 19:10:25,51294,>Range,>Range,>Range
10/21/21 19:10:26,51451.4,>Range,>Range,>Range
10/21/21 19:10:27,51559.8,>Range,>Range,>Range
10/21/21 19:10:28,51657.5,>Range,>Range,>Range
10/21/21 19:10:29,51635.1,>Range,>Range,>Range
10/21/21 19:10:30,51618.9,>Range,>Range,>Range
10/21/21 19:10:31,51600.9,>Range,>Range,>Range
10/21/21 19:10:32,51548.8,>Range,>Range,>Range
10/21/21 19:10:33,51561.6,>Range,>Range,>Range
10/21/21 19:10:34,51815.1,>Range,>Range,>Range
10/21/21 19:10:35,52049,>Range,>Range,>Range
10/21/21 19:10:36,52162.8,>Range,>Range,>Range
10/21/21 19:10:37,52216.6,>Range,>Range,>Range
10/21/21 19:10:38,52148.9,>Range,>Range,>Range
10/21/21 19:10:39,51967.4,>Range,>Range,>Range
10/21/21 19:10:40,51708.5,>Range,>Range,>Range
10/21/21 19:10:41,51670.7,>Range,>Range,>Range
10/21/21 19:10:42,51672.9,>Range,>Range,>Range
10/21/21 19:10:43,51641.3,>Range,>Range,>Range
10/21/21 19:10:44,51516.2,>Range,>Range,>Range
10/21/21 19:10:45,51531.2,>Range,>Range,>Range
10/21/21 19:10:46,51501.9,>Range,>Range,>Range
10/21/21 19:10:47,51404.4,>Range,>Range,>Range
10/21/21 19:10:48,51527.9,>Range,>Range,>Range
10/21/21 19:10:49,51632.2,>Range,>Range,>Range
10/21/21 19:10:50,51669.9,>Range,>Range,>Range
10/21/21 19:10:51,51758,>Range,>Range,>Range
10/21/21 19:10:52,51771.3,>Range,>Range,>Range
10/21/21 19:10:53,51702.6,>Range,>Range,>Range
10/21/21 19:10:54,51643.5,>Range,>Range,>Range
10/21/21 19:10:55,51649.1,>Range,>Range,>Range
10/21/21 19:10:56,51717,>Range,>Range,>Range
10/21/21 19:10:57,51812.1,>Range,>Range,>Range
10/21/21 19:10:58,51780.8,>Range,>Range,>Range
10/21/21 19:10:59,51660.5,>Range,>Range,>Range
10/21/21 19:11:00,51571.9,>Range,>Range,>Range
10/21/21 19:11:01,51605.2,>Range,>Range,>Range
10/21/21 19:11:02,51515.7,>Range,>Range,>Range
10/21/21 19:11:03,51419.9,>Range,>Range,>Range
10/21/21 19:11:04,51415.3,>Range,>Range,>Range
10/21/21 19:11:05,51515,>Range,>Range,>Range
10/21/21 19:11:06,51577.3,>Range,>Range,>Range
10/21/21 19:11:07,51637.1,>Range,>Range,>Range
10/21/21 19:11:08,51799.9,>Range,>Range,>Range
10/21/21 19:11:09,51944.4,>Range,>Range,>Range
10/21/21 19:11:10,51983,>Range,>Range,>Range
10/21/21 19:11:11,51866.2,>Range,>Range,>Range
10/21/21 19:11:12,51721.2,>Range,>Range,>Range
10/21/21 19:11:13,51629.7,>Range,>Range,>Range
10/21/21 19:11:14,51534.5,>Range,>Range,>Range
10/21/21 19:11:15,51407.4,>Range,>Range,>Range
10/21/21 19:11:16,51370.1,>Range,>Range,>Range
10/21/21 19:11:17,51409.6,>Range,>Range,>Range
10/21/21 19:11:18,51544.8,>Range,>Range,>Range
10/21/21 19:11:19,51700.6,>Range,>Range,>Range
10/21/21 19:11:20,51792.7,>Range,>Range,>Range
10/21/21 19:11:21,51686,>Range,>Range,>Range
10/21/21 19:11:22,51574.8,>Range,>Range,>Range
10/21/21 19:11:23,51589.9,>Range,>Range,>Range
10/21/21 19:11:24,51637.7,>Range,>Range,>Range
10/21/21 19:11:25,51719.2,>Range,>Range,>Range
10/21/21 19:11:26,51736.2,>Range,>Range,>Range
10/21/21 19:11:27,51696.5,>Range,>Range,>Range
10/21/21 19:11:28,51521.6,>Range,>Range,>Range
10/21/21 19:11:29,51377.6,>Range,>Range,>Range
10/21/21 19:11:30,51266.3,>Range,>Range,>Range
10/21/21 19:11:31,51237.9,>Range,>Range,>Range
10/21/21 19:11:32,51303.8,>Range,>Range,>Range
10/21/21 19:11:33,51469.6,>Range,>Range,>Range
10/21/21 19:11:34,51680.6,>Range,>Range,>Range
10/21/21 19:11:35,51866.7,>Range,>Range,>Range
10/21/21 19:11:36,51862,>Range,>Range,>Range
10/21/21 19:11:37,51785.1,>Range,>Range,>Range
10/21/21 19:11:38,51733.4,>Range,>Range,>Range
10/21/21 19:11:39,51766.7,>Range,>Range,>Range
10/21/21 19:11:40,51846.4,>Range,>Range,>Range
10/21/21 19:11:41,51698.5,>Range,>Range,>Range
10/21/21 19:11:42,51459.2,>Range,>Range,>Range
10/21/21 19:11:43,51348.7,>Range,>Range,>Range
10/21/21 19:11:44,51187.9,>Range,>Range,>Range
10/21/21 19:11:45,51172.9,>Range,>Range,>Range
10/21/21 19:11:46,51363.4,>Range,>Range,>Range
10/21/21 19:11:47,51409.7,>Range,>Range,>Range
10/21/21 19:11:48,51308.8,>Range,>Range,>Range
10/21/21 19:11:49,51270.6,>Range,>Range,>Range
10/21/21 19:11:50,51218.6,>Range,>Range,>Range
10/21/21 19:11:51,51238.4,>Range,>Range,>Range
10/21/21 19:11:52,51367.5,>Range,>Range,>Range
10/21/21 19:11:53,51388.1,>Range,>Range,>Range
10/21/21 19:11:54,51347.7,>Range,>Range,>Range
10/21/21 19:11:55,51361,>Range,>Range,>Range
10/21/21 19:11:56,51255.3,>Range,>Range,>Range
10/21/21 19:11:57,51135.7,>Range,>Range,>Range
10/21/21 19:11:58,51120.7,>Range,>Range,>Range
10/21/21 19:11:59,51196,>Range,>Range,>Range
10/21/21 19:12:00,51228.7,>Range,>Range,>Range
10/21/21 19:12:01,51261.8,>Range,>Range,>Range
10/21/21 19:12:02,51276.3,>Range,>Range,>Range
10/21/21 19:12:03,51260.8,>Range,>Range,>Range
10/21/21 19:12:04,51180.6,>Range,>Range,>Range
10/21/21 19:12:05,51199.4,>Range,>Range,>Range
10/21/21 19:12:06,51275.7,>Range,>Range,>Range
10/21/21 19:12:07,51220.3,>Range,>Range,>Range
10/21/21 19:12:08,51015.7,>Range,>Range,>Range
10/21/21 19:12:09,50905.7,>Range,>Range,>Range
10/21/21 19:12:10,50891.3,>Range,>Range,>Range
10/21/21 19:12:11,50955,>Range,>Range,>Range
10/21/21 19:12:12,51095.8,>Range,>Range,>Range
10/21/21 19:12:13,51250.3,>Range,>Range,>Range
10/21/21 19:12:14,51277.8,>Range,>Range,>Range
10/21/21 19:12:15,51233.8,>Range,>Range,>Range
10/21/21 19:12:16,51099.8,>Range,>Range,>Range
10/21/21 19:12:17,50988.9,>Range,>Range,>Range
10/21/21 19:12:18,50974.4,>Range,>Range,>Range
10/21/21 19:12:19,51076.1,>Range,>Range,>Range
10/21/21 19:12:20,51041,>Range,>Range,>Range
10/21/21 19:12:21,51065.9,>Range,>Range,>Range
10/21/21 19:12:22,51041.3,>Range,>Range,>Range
10/21/21 19:12:23,51018,>Range,>Range,>Range
10/21/21 19:12:24,51167.7,>Range,>Range,>Range
10/21/21 19:12:25,51300.3,>Range,>Range,>Range
10/21/21 19:12:26,51399.5,>Range,>Range,>Range
10/21/21 19:12:27,51350.9,>Range,>Range,>Range
10/21/21 19:12:28,51264.1,>Range,>Range,>Range
10/21/21 19:12:29,51200.3,>Range,>Range,>Range
10/21/21 19:12:30,51190.9,>Range,>Range,>Range
10/21/21 19:12:31,51203.7,>Range,>Range,>Range
10/21/21 19:12:32,51175.2,>Range,>Range,>Range
10/21/21 19:12:33,51181.9,>Range,>Range,>Range
10/21/21 19:12:34,51286.2,>Range,>Range,>Range
10/21/21 19:12:35,51379.3,>Range,>Range,>Range
10/21/21 19:12:36,51418.6,>Range,>Range,>Range
10/21/21 19:12:37,51351,>Range,>Range,>Range
10/21/21 19:12:38,51311.2,>Range,>Range,>Range
10/21/21 19:12:39,51339.8,>Range,>Range,>Range
10/21/21 19:12:40,51292.8,>Range,>Range,>Range
10/21/21 19:12:41,51194.6,>Range,>Range,>Range
10/21/21 19:12:42,51141.2,>Range,>Range,>Range
10/21/21 19:12:43,51163.8,>Range,>Range,>Range
10/21/21 19:12:44,51150.2,>Range,>Range,>Range
10/21/21 19:12:45,51098.4,>Range,>Range,>Range
10/21/21 19:12:46,51119.6,>Range,>Range,>Range
10/21/21 19:12:47,51031,>Range,>Range,>Range
10/21/21 19:12:48,50995,>Range,>Range,>Range
10/21/21 19:12:49,51075.8,>Range,>Range,>Range
10/21/21 19:12:50,51036.7,>Range,>Range,>Range
10/21/21 19:12:51,51119.3,>Range,>Range,>Range
10/21/21 19:12:52,51242.3,>Range,>Range,>Range
10/21/21 19:12:53,51282.1,>Range,>Range,>Range
10/21/21 19:12:54,51189.7,>Range,>Range,>Range
10/21/21 19:12:55,51163.2,>Range,>Range,>Range
10/21/21 19:12:56,51228.2,>Range,>Range,>Range
10/21/21 19:12:57,51167.4,>Range,>Range,>Range
10/21/21 19:12:58,51129.9,>Range,>Range,>Range
10/21/21 19:12:59,51176.1,>Range,>Range,>Range
10/21/21 19:13:00,51147.3,>Range,>Range,>Range
10/21/21 19:13:01,51080.9,>Range,>Range,>Range
10/21/21 19:13:02,51170.1,>Range,>Range,>Range
10/21/21 19:13:03,51376.1,>Range,>Range,>Range
10/21/21 19:13:04,51583.6,>Range,>Range,>Range
10/21/21 19:13:05,51653.3,>Range,>Range,>Range
10/21/21 19:13:06,51551,>Range,>Range,>Range
10/21/21 19:13:07,51510.7,>Range,>Range,>Range
10/21/21 19:13:08,51463.2,>Range,>Range,>Range
10/21/21 19:13:09,51489.4,>Range,>Range,>Range
10/21/21 19:13:10,51433,>Range,>Range,>Range
10/21/21 19:13:11,51295.3,>Range,>Range,>Range
10/21/21 19:13:12,51217.7,>Range,>Range,>Range
10/21/21 19:13:13,51234,>Range,>Range,>Range
10/21/21 19:13:14,51240.7,>Range,>Range,>Range
10/21/21 19:13:15,51238.7,>Range,>Range,>Range
10/21/21 19:13:16,51284.1,>Range,>Range,>Range
10/21/21 19:13:17,51321.1,>Range,>Range,>Range
10/21/21 19:13:18,51466.2,>Range,>Range,>Range
10/21/21 19:13:19,51580,>Range,>Range,>Range
10/21/21 19:13:20,51718.3,>Range,>Range,>Range
10/21/21 19:13:21,51935.7,>Range,>Range,>Range
10/21/21 19:13:22,51883,>Range,>Range,>Range
10/21/21 19:13:23,51815.6,>Range,>Range,>Range
10/21/21 19:13:24,51630.4,>Range,>Range,>Range
10/21/21 19:13:25,51439.5,>Range,>Range,>Range
10/21/21 19:13:26,51525.7,>Range,>Range,>Range
10/21/21 19:13:27,51656.1,>Range,>Range,>Range
10/21/21 19:13:28,51567.9,>Range,>Range,>Range
10/21/21 19:13:29,51459.1,>Range,>Range,>Range
10/21/21 19:13:30,51351.8,>Range,>Range,>Range
10/21/21 19:13:31,51300.2,>Range,>Range,>Range
10/21/21 19:13:32,51261.3,>Range,>Range,>Range
10/21/21 19:13:33,51270.3,>Range,>Range,>Range
10/21/21 19:13:34,51373.4,>Range,>Range,>Range
10/21/21 19:13:35,51301,>Range,>Range,>Range
10/21/21 19:13:36,51160.4,>Range,>Range,>Range
10/21/21 19:13:37,51226.9,>Range,>Range,>Range
10/21/21 19:13:38,51417.3,>Range,>Range,>Range
10/21/21 19:13:39,51467.1,>Range,>Range,>Range
10/21/21 19:13:40,51487.1,>Range,>Range,>Range
10/21/21 19:13:41,51543.4,>Range,>Range,>Range
10/21/21 19:13:42,51562.5,>Range,>Range,>Range
10/21/21 19:13:43,51496.5,>Range,>Range,>Range
10/21/21 19:13:44,51418.9,>Range,>Range,>Range
10/21/21 19:13:45,51335,>Range,>Range,>Range
10/21/21 19:13:46,51237.1,>Range,>Range,>Range
10/21/21 19:13:47,51298.7,>Range,>Range,>Range
10/21/21 19:13:48,51279.6,>Range,>Range,>Range
10/21/21 19:13:49,51250.8,>Range,>Range,>Range
10/21/21 19:13:50,51157.1,>Range,>Range,>Range
10/21/21 19:13:51,51138.4,>Range,>Range,>Range
10/21/21 19:13:52,51301.5,>Range,>Range,>Range
10/21/21 19:13:53,51564.5,>Range,>Range,>Range
10/21/21 19:13:54,51720.5,>Range,>Range,>Range
10/21/21 19:13:55,51812.7,>Range,>Range,>Range
10/21/21 19:13:56,51740.3,>Range,>Range,>Range
10/21/21 19:13:57,51647.3,>Range,>Range,>Range
10/21/21 19:13:58,51613,>Range,>Range,>Range
10/21/21 19:13:59,51575.8,>Range,>Range,>Range
10/21/21 19:14:00,51509.3,>Range,>Range,>Range
10/21/21 19:14:01,51523.5,>Range,>Range,>Range
10/21/21 19:14:02,51529.7,>Range,>Range,>Range
10/21/21 19:14:03,51459.2,>Range,>Range,>Range
10/21/21 19:14:04,51396.8,>Range,>Range,>Range
10/21/21 19:14:05,51411.2,>Range,>Range,>Range
10/21/21 19:14:06,51402.6,>Range,>Range,>Range
10/21/21 19:14:07,51398.1,>Range,>Range,>Range
10/21/21 19:14:08,51419.5,>Range,>Range,>Range
10/21/21 19:14:09,51420.2,>Range,>Range,>Range
10/21/21 19:14:10,51429,>Range,>Range,>Range
10/21/21 19:14:11,51478.7,>Range,>Range,>Range
10/21/21 19:14:12,51502.3,>Range,>Range,>Range
10/21/21 19:14:13,51554.9,>Range,>Range,>Range
10/21/21 19:14:14,51598.6,>Range,>Range,>Range
10/21/21 19:14:15,51428.4,>Range,>Range,>Range
10/21/21 19:14:16,51321.6,>Range,>Range,>Range
10/21/21 19:14:17,51237.8,>Range,>Range,>Range
10/21/21 19:14:18,51150.4,>Range,>Range,>Range
10/21/21 19:14:19,51009.7,>Range,>Range,>Range
10/21/21 19:14:20,50985.4,>Range,>Range,>Range
10/21/21 19:14:21,51021.5,>Range,>Range,>Range
10/21/21 19:14:22,50803.6,>Range,>Range,>Range
10/21/21 19:14:23,50718.5,>Range,>Range,>Range
10/21/21 19:14:24,50843.5,>Range,>Range,>Range
10/21/21 19:14:25,51003.6,>Range,>Range,>Range
10/21/21 19:14:26,51048.8,>Range,>Range,>Range
10/21/21 19:14:27,51004.3,>Range,>Range,>Range
10/21/21 19:14:28,51150.3,>Range,>Range,>Range
10/21/21 19:14:29,51241.4,>Range,>Range,>Range
10/21/21 19:14:30,51322.6,>Range,>Range,>Range
10/21/21 19:14:31,51392.3,>Range,>Range,>Range
10/21/21 19:14:32,51425.5,>Range,>Range,>Range
10/21/21 19:14:33,51524.5,>Range,>Range,>Range
10/21/21 19:14:34,51584.8,>Range,>Range,>Range
10/21/21 19:14:35,51732.9,>Range,>Range,>Range
10/21/21 19:14:36,51651.8,>Range,>Range,>Range
10/21/21 19:14:37,51601.8,>Range,>Range,>Range
10/21/21 19:14:38,51576.9,>Range,>Range,>Range
10/21/21 19:14:39,51564.8,>Range,>Range,>Range
10/21/21 19:14:40,51521.1,>Range,>Range,>Range
10/21/21 19:14:41,51570.1,>Range,>Range,>Range
10/21/21 19:14:42,51609.7,>Range,>Range,>Range
10/21/21 19:14:43,51623.2,>Range,>Range,>Range
10/21/21 19:14:44,51616.1,>Range,>Range,>Range
10/21/21 19:14:45,51614.9,>Range,>Range,>Range
10/21/21 19:14:46,51539.4,>Range,>Range,>Range
10/21/21 19:14:47,51318.4,>Range,>Range,>Range
10/21/21 19:14:48,51083.6,>Range,>Range,>Range
10/21/21 19:14:49,51025.4,>Range,>Range,>Range
10/21/21 19:14:50,51151.6,>Range,>Range,>Range
10/21/21 19:14:51,51249.7,>Range,>Range,>Range
10/21/21 19:14:52,51215.1,>Range,>Range,>Range
10/21/21 19:14:53,51201.4,>Range,>Range,>Range
10/21/21 19:14:54,51197.3,>Range,>Range,>Range
10/21/21 19:14:55,51279.6,>Range,>Range,>Range
10/21/21 19:14:56,51227.6,>Range,>Range,>Range
10/21/21 19:14:57,51212.9,>Range,>Range,>Range
10/21/21 19:14:58,51205.8,>Range,>Range,>Range
10/21/21 19:14:59,51250.6,>Range,>Range,>Range
10/21/21 19:15:00,51421.4,>Range,>Range,>Range
10/21/21 19:15:01,51418.7,>Range,>Range,>Range
10/21/21 19:15:02,51341.5,>Range,>Range,>Range
10/21/21 19:15:03,51246.1,>Range,>Range,>Range
10/21/21 19:15:04,51081.9,>Range,>Range,>Range
10/21/21 19:15:05,50856.8,>Range,>Range,>Range
10/21/21 19:15:06,50661.1,>Range,>Range,>Range
10/21/21 19:15:07,50519.2,>Range,>Range,>Range
10/21/21 19:15:08,50449.9,>Range,>Range,>Range
10/21/21 19:15:09,50510.4,>Range,>Range,>Range
10/21/21 19:15:10,50599.7,>Range,>Range,>Range
10/21/21 19:15:11,50724.1,>Range,>Range,>Range
10/21/21 19:15:12,50781.6,>Range,>Range,>Range
10/21/21 19:15:13,50679.3,>Range,>Range,>Range
10/21/21 19:15:14,50596.9,>Range,>Range,>Range
10/21/21 19:15:15,50640.9,>Range,>Range,>Range
10/21/21 19:15:16,50658.1,>Range,>Range,>Range
10/21/21 19:15:17,50759.4,>Range,>Range,>Range
10/21/21 19:15:18,50832,>Range,>Range,>Range
10/21/21 19:15:19,51015.3,>Range,>Range,>Range
10/21/21 19:15:20,51178.9,>Range,>Range,>Range
10/21/21 19:15:21,51343.2,>Range,>Range,>Range
10/21/21 19:15:22,51396.9,>Range,>Range,>Range
10/21/21 19:15:23,51392.2,>Range,>Range,>Range
10/21/21 19:15:24,51319,>Range,>Range,>Range
10/21/21 19:15:25,51177.8,>Range,>Range,>Range
10/21/21 19:15:26,51229.2,>Range,>Range,>Range
10/21/21 19:15:27,51367.4,>Range,>Range,>Range
10/21/21 19:15:28,51361.2,>Range,>Range,>Range
10/21/21 19:15:29,51353.7,>Range,>Range,>Range
10/21/21 19:15:30,51298,>Range,>Range,>Range
10/21/21 19:15:31,51190.3,>Range,>Range,>Range
10/21/21 19:15:32,51156.5,>Range,>Range,>Range
10/21/21 19:15:33,51192,>Range,>Range,>Range
10/21/21 19:15:34,51252.6,>Range,>Range,>Range
10/21/21 19:15:35,51190.6,>Range,>Range,>Range
10/21/21 19:15:36,51129.4,>Range,>Range,>Range
10/21/21 19:15:37,51101.4,>Range,>Range,>Range
10/21/21 19:15:38,50991.6,>Range,>Range,>Range
10/21/21 19:15:39,50957.2,>Range,>Range,>Range
10/21/21 19:15:40,50972,>Range,>Range,>Range
10/21/21 19:15:41,51048.7,>Range,>Range,>Range
10/21/21 19:15:42,51094.7,>Range,>Range,>Range
10/21/21 19:15:43,51143.6,>Range,>Range,>Range
10/21/21 19:15:44,51005.1,>Range,>Range,>Range
10/21/21 19:15:45,50966.4,>Range,>Range,>Range
10/21/21 19:15:46,51039.4,>Range,>Range,>Range
10/21/21 19:15:47,51060.9,>Range,>Range,>Range
10/21/21 19:15:48,50983.1,>Range,>Range,>Range
10/21/21 19:15:49,50884,>Range,>Range,>Range
10/21/21 19:15:50,51035.3,>Range,>Range,>Range
10/21/21 19:15:51,51127,>Range,>Range,>Range
10/21/21 19:15:52,51136.5,>Range,>Range,>Range
10/21/21 19:15:53,51088.6,>Range,>Range,>Range
10/21/21 19:15:54,51094.6,>Range,>Range,>Range
10/21/21 19:15:55,51096.3,>Range,>Range,>Range
10/21/21 19:15:56,51096,>Range,>Range,>Range
10/21/21 19:15:57,51058.7,>Range,>Range,>Range
10/21/21 19:15:58,51077.1,>Range,>Range,>Range
10/21/21 19:15:59,51079.6,>Range,>Range,>Range
10/21/21 19:16:00,51103.1,>Range,>Range,>Range
10/21/21 19:16:01,51175.7,>Range,>Range,>Range
10/21/21 19:16:02,51253.4,>Range,>Range,>Range
10/21/21 19:16:03,51167.1,>Range,>Range,>Range
10/21/21 19:16:04,51133.1,>Range,>Range,>Range
10/21/21 19:16:05,51129.4,>Range,>Range,>Range
10/21/21 19:16:06,51117.8,>Range,>Range,>Range
10/21/21 19:16:07,51161.8,>Range,>Range,>Range
10/21/21 19:16:08,51128.7,>Range,>Range,>Range
10/21/21 19:16:09,50996.1,>Range,>Range,>Range
10/21/21 19:16:10,51130.3,>Range,>Range,>Range
10/21/21 19:16:11,51211.7,>Range,>Range,>Range
10/21/21 19:16:12,51156.9,>Range,>Range,>Range
10/21/21 19:16:13,51242,>Range,>Range,>Range
10/21/21 19:16:14,51257.3,>Range,>Range,>Range
10/21/21 19:16:15,51162.4,>Range,>Range,>Range
10/21/21 19:16:16,51055.1,>Range,>Range,>Range
10/21/21 19:16:17,51108.4,>Range,>Range,>Range
10/21/21 19:16:18,51051.7,>Range,>Range,>Range
10/21/21 19:16:19,51055.2,>Range,>Range,>Range
10/21/21 19:16:20,51030.6,>Range,>Range,>Range
10/21/21 19:16:21,51004.6,>Range,>Range,>Range
10/21/21 19:16:22,50879,>Range,>Range,>Range
10/21/21 19:16:23,50941.8,>Range,>Range,>Range
10/21/21 19:16:24,50999.8,>Range,>Range,>Range
10/21/21 19:16:25,51013.8,>Range,>Range,>Range
10/21/21 19:16:26,50983.6,>Range,>Range,>Range
10/21/21 19:16:27,50966.5,>Range,>Range,>Range
10/21/21 19:16:28,50913.7,>Range,>Range,>Range
10/21/21 19:16:29,50794,>Range,>Range,>Range
10/21/21 19:16:30,50891,>Range,>Range,>Range
10/21/21 19:16:31,50956.9,>Range,>Range,>Range
10/21/21 19:16:32,50957.6,>Range,>Range,>Range
10/21/21 19:16:33,50962.9,>Range,>Range,>Range
10/21/21 19:16:34,50992,>Range,>Range,>Range
10/21/21 19:16:35,51003.6,>Range,>Range,>Range
10/21/21 19:16:36,51078.2,>Range,>Range,>Range
10/21/21 19:16:37,51163,>Range,>Range,>Range
10/21/21 19:16:38,51109.9,>Range,>Range,>Range
10/21/21 19:16:39,51085.3,>Range,>Range,>Range
10/21/21 19:16:40,51029.4,>Range,>Range,>Range
10/21/21 19:16:41,51086.5,>Range,>Range,>Range
10/21/21 19:16:42,51111.4,>Range,>Range,>Range
10/21/21 19:16:43,51097.1,>Range,>Range,>Range
10/21/21 19:16:44,51040.1,>Range,>Range,>Range
10/21/21 19:16:45,50928.5,>Range,>Range,>Range
10/21/21 19:16:46,50749.6,>Range,>Range,>Range
10/21/21 19:16:47,50777.2,>Range,>Range,>Range
10/21/21 19:16:48,50917.1,>Range,>Range,>Range
10/21/21 19:16:49,50986.4,>Range,>Range,>Range
10/21/21 19:16:50,50884.8,>Range,>Range,>Range
10/21/21 19:16:51,50909.8,>Range,>Range,>Range
10/21/21 19:16:52,50996.5,>Range,>Range,>Range
10/21/21 19:16:53,50968.7,>Range,>Range,>Range
10/21/21 19:16:54,50881.7,>Range,>Range,>Range
10/21/21 19:16:55,50814.6,>Range,>Range,>Range
10/21/21 19:16:56,50852.2,>Range,>Range,>Range
10/21/21 19:16:57,50888.7,>Range,>Range,>Range
10/21/21 19:16:58,50824.9,>Range,>Range,>Range
10/21/21 19:16:59,50757.2,>Range,>Range,>Range
10/21/21 19:17:00,50732.7,>Range,>Range,>Range
10/21/21 19:17:01,50693,>Range,>Range,>Range
10/21/21 19:17:02,50704.5,>Range,>Range,>Range
10/21/21 19:17:03,50724.4,>Range,>Range,>Range
10/21/21 19:17:04,50707.5,>Range,>Range,>Range
10/21/21 19:17:05,50729.8,>Range,>Range,>Range
10/21/21 19:17:06,50969.4,>Range,>Range,>Range
10/21/21 19:17:07,51212.8,>Range,>Range,>Range
10/21/21 19:17:08,51153.9,>Range,>Range,>Range
10/21/21 19:17:09,50954,>Range,>Range,>Range
10/21/21 19:17:10,50881,>Range,>Range,>Range
10/21/21 19:17:11,50863.2,>Range,>Range,>Range
10/21/21 19:17:12,50912.7,>Range,>Range,>Range
10/21/21 19:17:13,50941.6,>Range,>Range,>Range
10/21/21 19:17:14,50851,>Range,>Range,>Range
10/21/21 19:17:15,50818,>Range,>Range,>Range
10/21/21 19:17:16,50925.2,>Range,>Range,>Range
10/21/21 19:17:17,50977.3,>Range,>Range,>Range
10/21/21 19:17:18,50917.2,>Range,>Range,>Range
10/21/21 19:17:19,50884.6,>Range,>Range,>Range
10/21/21 19:17:20,50840.4,>Range,>Range,>Range
10/21/21 19:17:21,50819.4,>Range,>Range,>Range
10/21/21 19:17:22,50834.6,>Range,>Range,>Range
10/21/21 19:17:23,50970.8,>Range,>Range,>Range
10/21/21 19:17:24,51045.9,>Range,>Range,>Range
10/21/21 19:17:25,51038.7,>Range,>Range,>Range
10/21/21 19:17:26,51065,>Range,>Range,>Range
10/21/21 19:17:27,51078.4,>Range,>Range,>Range
10/21/21 19:17:28,50871.6,>Range,>Range,>Range
10/21/21 19:17:29,50610.2,>Range,>Range,>Range
10/21/21 19:17:30,50687.1,>Range,>Range,>Range
10/21/21 19:17:31,50817.1,>Range,>Range,>Range
10/21/21 19:17:32,50763.8,>Range,>Range,>Range
10/21/21 19:17:33,50711.7,>Range,>Range,>Range
10/21/21 19:17:34,50727.3,>Range,>Range,>Range
10/21/21 19:17:35,50714.8,>Range,>Range,>Range
10/21/21 19:17:36,50481.5,>Range,>Range,>Range
10/21/21 19:17:37,50339.1,>Range,>Range,>Range
10/21/21 19:17:38,50311.8,>Range,>Range,>Range
10/21/21 19:17:39,50410.1,>Range,>Range,>Range
10/21/21 19:17:40,50341.5,>Range,>Range,>Range
10/21/21 19:17:41,50361.2,>Range,>Range,>Range
10/21/21 19:17:42,50450.1,>Range,>Range,>Range
10/21/21 19:17:43,50525.2,>Range,>Range,>Range
10/21/21 19:17:44,50467.5,>Range,>Range,>Range
10/21/21 19:17:45,50576.1,>Range,>Range,>Range
10/21/21 19:17:46,50800.3,>Range,>Range,>Range
10/21/21 19:17:47,50863.4,>Range,>Range,>Range
10/21/21 19:17:48,50740.7,>Range,>Range,>Range
10/21/21 19:17:49,50842.5,>Range,>Range,>Range
10/21/21 19:17:50,50951.9,>Range,>Range,>Range
10/21/21 19:17:51,51013.8,>Range,>Range,>Range
10/21/21 19:17:52,51132.4,>Range,>Range,>Range
10/21/21 19:17:53,51210,>Range,>Range,>Range
10/21/21 19:17:54,51106.4,>Range,>Range,>Range
10/21/21 19:17:55,50920.3,>Range,>Range,>Range
10/21/21 19:17:56,50639.1,>Range,>Range,>Range
10/21/21 19:17:57,50635.2,>Range,>Range,>Range
10/21/21 19:17:58,50616.9,>Range,>Range,>Range
10/21/21 19:17:59,50658.3,>Range,>Range,>Range
10/21/21 19:18:00,50747.2,>Range,>Range,>Range
10/21/21 19:18:01,50850.5,>Range,>Range,>Range
10/21/21 19:18:02,50883.1,>Range,>Range,>Range
10/21/21 19:18:03,50902.6,>Range,>Range,>Range
10/21/21 19:18:04,50797.2,>Range,>Range,>Range
10/21/21 19:18:05,50641.6,>Range,>Range,>Range
10/21/21 19:18:06,50602.9,>Range,>Range,>Range
10/21/21 19:18:07,50615.3,>Range,>Range,>Range
10/21/21 19:18:08,50592.6,>Range,>Range,>Range
10/21/21 19:18:09,50520.1,>Range,>Range,>Range
10/21/21 19:18:10,50527,>Range,>Range,>Range
10/21/21 19:18:11,50651.5,>Range,>Range,>Range
10/21/21 19:18:12,50668.9,>Range,>Range,>Range
10/21/21 19:18:13,50678.6,>Range,>Range,>Range
10/21/21 19:18:14,50674.8,>Range,>Range,>Range
10/21/21 19:18:15,50711.9,>Range,>Range,>Range
10/21/21 19:18:16,50697.8,>Range,>Range,>Range
10/21/21 19:18:17,50710.5,>Range,>Range,>Range
10/21/21 19:18:18,50745.8,>Range,>Range,>Range
10/21/21 19:18:19,50675.8,>Range,>Range,>Range
10/21/21 19:18:20,50631.3,>Range,>Range,>Range
10/21/21 19:18:21,50540.4,>Range,>Range,>Range
10/21/21 19:18:22,50594.8,>Range,>Range,>Range
10/21/21 19:18:23,50641.1,>Range,>Range,>Range
10/21/21 19:18:24,50617.4,>Range,>Range,>Range
10/21/21 19:18:25,50639.6,>Range,>Range,>Range
10/21/21 19:18:26,50581.6,>Range,>Range,>Range
10/21/21 19:18:27,50367.7,>Range,>Range,>Range
10/21/21 19:18:28,50406.5,>Range,>Range,>Range
10/21/21 19:18:29,50529.7,>Range,>Range,>Range
10/21/21 19:18:30,50521.5,>Range,>Range,>Range
10/21/21 19:18:31,50513.6,>Range,>Range,>Range
10/21/21 19:18:32,50486.2,>Range,>Range,>Range
10/21/21 19:18:33,50388.1,>Range,>Range,>Range
10/21/21 19:18:34,50298.7,>Range,>Range,>Range
10/21/21 19:18:35,50264.3,>Range,>Range,>Range
10/21/21 19:18:36,50275.2,>Range,>Range,>Range
10/21/21 19:18:37,50254.8,>Range,>Range,>Range
10/21/21 19:18:38,50351.8,>Range,>Range,>Range
10/21/21 19:18:39,50409.2,>Range,>Range,>Range
10/21/21 19:18:40,50568.2,>Range,>Range,>Range
10/21/21 19:18:41,50775.4,>Range,>Range,>Range
10/21/21 19:18:42,51014.4,>Range,>Range,>Range
10/21/21 19:18:43,51235.7,>Range,>Range,>Range
10/21/21 19:18:44,51283.2,>Range,>Range,>Range
10/21/21 19:18:45,51198.2,>Range,>Range,>Range
10/21/21 19:18:46,50961.8,>Range,>Range,>Range
10/21/21 19:18:47,50869.3,>Range,>Range,>Range
10/21/21 19:18:48,50729.3,>Range,>Range,>Range
10/21/21 19:18:49,50694.4,>Range,>Range,>Range
10/21/21 19:18:50,50737.4,>Range,>Range,>Range
10/21/21 19:18:51,50896.7,>Range,>Range,>Range
10/21/21 19:18:52,50922.9,>Range,>Range,>Range
10/21/21 19:18:53,50872,>Range,>Range,>Range
10/21/21 19:18:54,50855.7,>Range,>Range,>Range
10/21/21 19:18:55,50754.1,>Range,>Range,>Range
10/21/21 19:18:56,50678.4,>Range,>Range,>Range
10/21/21 19:18:57,50671.3,>Range,>Range,>Range
10/21/21 19:18:58,50766.8,>Range,>Range,>Range
10/21/21 19:18:59,50828.2,>Range,>Range,>Range
10/21/21 19:19:00,50761.5,>Range,>Range,>Range
10/21/21 19:19:01,50796.5,>Range,>Range,>Range
10/21/21 19:19:02,50951.9,>Range,>Range,>Range
10/21/21 19:19:03,50914.7,>Range,>Range,>Range
10/21/21 19:19:04,50754.3,>Range,>Range,>Range
10/21/21 19:19:05,50682.5,>Range,>Range,>Range
10/21/21 19:19:06,50522.6,>Range,>Range,>Range
10/21/21 19:19:07,50453.7,>Range,>Range,>Range
10/21/21 19:19:08,50458.3,>Range,>Range,>Range
10/21/21 19:19:09,50543.8,>Range,>Range,>Range
10/21/21 19:19:10,50592.3,>Range,>Range,>Range
10/21/21 19:19:11,50523.2,>Range,>Range,>Range
10/21/21 19:19:12,50481.7,>Range,>Range,>Range
10/21/21 19:19:13,50459.3,>Range,>Range,>Range
10/21/21 19:19:14,50458.1,>Range,>Range,>Range
10/21/21 19:19:15,50348.9,>Range,>Range,>Range
10/21/21 19:19:16,50363.4,>Range,>Range,>Range
10/21/21 19:19:17,50442,>Range,>Range,>Range
10/21/21 19:19:18,50520.8,>Range,>Range,>Range
10/21/21 19:19:19,50528.6,>Range,>Range,>Range
10/21/21 19:19:20,50536,>Range,>Range,>Range
10/21/21 19:19:21,50561.7,>Range,>Range,>Range
10/21/21 19:19:22,50658,>Range,>Range,>Range
10/21/21 19:19:23,50722.3,>Range,>Range,>Range
10/21/21 19:19:24,50757.3,>Range,>Range,>Range
10/21/21 19:19:25,50652.3,>Range,>Range,>Range
10/21/21 19:19:26,50584,>Range,>Range,>Range
10/21/21 19:19:27,50716.9,>Range,>Range,>Range
10/21/21 19:19:28,50860,>Range,>Range,>Range
10/21/21 19:19:29,50909.4,>Range,>Range,>Range
10/21/21 19:19:30,50951.7,>Range,>Range,>Range
10/21/21 19:19:31,50924.9,>Range,>Range,>Range
10/21/21 19:19:32,50814,>Range,>Range,>Range
10/21/21 19:19:33,50769.1,>Range,>Range,>Range
10/21/21 19:19:34,50635.9,>Range,>Range,>Range
10/21/21 19:19:35,50555,>Range,>Range,>Range
10/21/21 19:19:36,49716.2,>Range,>Range,>Range
10/21/21 19:19:37,47573.1,>Range,>Range,>Range
10/21/21 19:19:38,45218.7,>Range,>Range,>Range
10/21/21 19:19:39,42636.8,>Range,>Range,>Range
10/21/21 19:19:40,40269.4,>Range,>Range,>Range
10/21/21 19:19:41,38642.6,>Range,>Range,>Range
10/21/21 19:19:42,37666.8,>Range,>Range,>Range
10/21/21 19:19:43,37174,>Range,>Range,>Range
10/21/21 19:19:44,36908,>Range,>Range,>Range
10/21/21 19:19:45,36781.8,>Range,>Range,>Range
10/21/21 19:19:46,36759.1,>Range,>Range,>Range
10/21/21 19:19:47,36758.4,>Range,>Range,>Range
10/21/21 19:19:48,36692.7,>Range,>Range,>Range
10/21/21 19:19:49,36599,>Range,>Range,>Range
10/21/21 19:19:50,36565.7,>Range,>Range,>Range
10/21/21 19:19:51,36668.7,>Range,>Range,>Range
10/21/21 19:19:52,36807.7,>Range,>Range,>Range
10/21/21 19:19:53,36945.3,>Range,>Range,>Range
10/21/21 19:19:54,37014.6,>Range,>Range,>Range
10/21/21 19:19:55,36964.4,>Range,>Range,>Range
10/21/21 19:19:56,36963.9,>Range,>Range,>Range
10/21/21 19:19:57,37133.6,>Range,>Range,>Range
10/21/21 19:19:58,37169.3,>Range,>Range,>Range
10/21/21 19:19:59,37075.3,>Range,>Range,>Range
10/21/21 19:20:00,36966.3,>Range,>Range,>Range
10/21/21 19:20:01,36922.8,>Range,>Range,>Range
10/21/21 19:20:02,36853.4,>Range,>Range,>Range
10/21/21 19:20:03,36810.5,>Range,>Range,>Range
10/21/21 19:20:04,36761.2,>Range,>Range,>Range
10/21/21 19:20:05,36664.7,>Range,>Range,>Range
10/21/21 19:20:06,36617.4,>Range,>Range,>Range
10/21/21 19:20:07,36651.3,>Range,>Range,>Range
10/21/21 19:20:08,36652.8,>Range,>Range,>Range
10/21/21 19:20:09,36641.1,>Range,>Range,>Range
10/21/21 19:20:10,36821.9,>Range,>Range,>Range
10/21/21 19:20:11,37387.9,>Range,>Range,>Range
10/21/21 19:20:12,38113.2,>Range,>Range,>Range
10/21/21 19:20:13,38743.8,>Range,>Range,>Range
10/21/21 19:20:14,39225.5,>Range,>Range,>Range
10/21/21 19:20:15,39617.7,>Range,>Range,>Range
10/21/21 19:20:16,39858.6,>Range,>Range,>Range
10/21/21 19:20:17,39990.8,>Range,>Range,>Range
10/21/21 19:20:18,40000.1,>Range,>Range,>Range
10/21/21 19:20:19,39941,>Range,>Range,>Range
10/21/21 19:20:20,39821.2,>Range,>Range,>Range
10/21/21 19:20:21,39768.7,>Range,>Range,>Range
10/21/21 19:20:22,39827.5,>Range,>Range,>Range
10/21/21 19:20:23,39936.1,>Range,>Range,>Range
10/21/21 19:20:24,39966.2,>Range,>Range,>Range
10/21/21 19:20:25,40057.7,>Range,>Range,>Range
10/21/21 19:20:26,40074.7,>Range,>Range,>Range
10/21/21 19:20:27,40186.6,>Range,>Range,>Range
10/21/21 19:20:28,41007.6,>Range,>Range,>Range
10/21/21 19:20:29,42520.9,>Range,>Range,>Range
10/21/21 19:20:30,44504.4,>Range,>Range,>Range
10/21/21 19:20:31,46332.7,>Range,>Range,>Range
10/21/21 19:20:32,47635.6,>Range,>Range,>Range
10/21/21 19:20:33,48527.7,>Range,>Range,>Range
10/21/21 19:20:34,49080.7,>Range,>Range,>Range
10/21/21 19:20:35,49391.6,>Range,>Range,>Range
10/21/21 19:20:36,49522.6,>Range,>Range,>Range
10/21/21 19:20:37,49696.1,>Range,>Range,>Range
10/21/21 19:20:38,49759.8,>Range,>Range,>Range
10/21/21 19:20:39,49799.8,>Range,>Range,>Range
10/21/21 19:20:40,49846.6,>Range,>Range,>Range
10/21/21 19:20:41,49758.1,>Range,>Range,>Range
10/21/21 19:20:42,49777.1,>Range,>Range,>Range
10/21/21 19:20:43,49844.2,>Range,>Range,>Range
10/21/21 19:20:44,49960.3,>Range,>Range,>Range
10/21/21 19:20:45,50021.6,>Range,>Range,>Range
10/21/21 19:20:46,50027.9,>Range,>Range,>Range
10/21/21 19:20:47,50014.7,>Range,>Range,>Range
10/21/21 19:20:48,50094.8,>Range,>Range,>Range
10/21/21 19:20:49,50228.5,>Range,>Range,>Range
10/21/21 19:20:50,50326.3,>Range,>Range,>Range
10/21/21 19:20:51,50273.9,>Range,>Range,>Range
10/21/21 19:20:52,50281.2,>Range,>Range,>Range
10/21/21 19:20:53,50259.9,>Range,>Range,>Range
10/21/21 19:20:54,50221.8,>Range,>Range,>Range
10/21/21 19:20:55,50082.6,>Range,>Range,>Range
10/21/21 19:20:56,49856,>Range,>Range,>Range
10/21/21 19:20:57,49832.4,>Range,>Range,>Range
10/21/21 19:20:58,49791.5,>Range,>Range,>Range
10/21/21 19:20:59,49768.4,>Range,>Range,>Range
10/21/21 19:21:00,49717.1,>Range,>Range,>Range
10/21/21 19:21:01,49738.1,>Range,>Range,>Range
10/21/21 19:21:02,49970.3,>Range,>Range,>Range
10/21/21 19:21:03,50164.1,>Range,>Range,>Range
10/21/21 19:21:04,50061.8,>Range,>Range,>Range
10/21/21 19:21:05,49876.6,>Range,>Range,>Range
10/21/21 19:21:06,49687.9,>Range,>Range,>Range
10/21/21 19:21:07,49528.2,>Range,>Range,>Range
10/21/21 19:21:08,49210.2,>Range,>Range,>Range
10/21/21 19:21:09,49141.8,>Range,>Range,>Range
10/21/21 19:21:10,49104.7,>Range,>Range,>Range
10/21/21 19:21:11,48943.1,>Range,>Range,>Range
10/21/21 19:21:12,48767.1,>Range,>Range,>Range
10/21/21 19:21:13,48648.7,>Range,>Range,>Range
10/21/21 19:21:14,48650.1,>Range,>Range,>Range
10/21/21 19:21:15,48598.9,>Range,>Range,>Range
10/21/21 19:21:16,48612.1,>Range,>Range,>Range
10/21/21 19:21:17,48628.3,>Range,>Range,>Range
10/21/21 19:21:18,48724.8,>Range,>Range,>Range
