datetime,channel_1,channel_2,channel_3,channel_4,,
10/21/21 18:20:26,247010,>Range,>Range,>Range,,
10/21/21 18:20:27,247194,>Range,>Range,>Range,,
10/21/21 18:20:28,247562,>Range,>Range,>Range,,
10/21/21 18:20:29,247623,>Range,>Range,>Range,,
10/21/21 18:20:30,247646,>Range,>Range,>Range,,
10/21/21 18:20:31,247578,>Range,>Range,>Range,,
10/21/21 18:20:32,247521,>Range,>Range,>Range,,
10/21/21 18:20:33,247760,>Range,>Range,>Range,,
10/21/21 18:20:34,248119,>Range,>Range,>Range,,
10/21/21 18:20:35,248289,>Range,>Range,>Range,,
10/21/21 18:20:36,248432,>Range,>Range,>Range,,
10/21/21 18:20:37,248631,>Range,>Range,>Range,,
10/21/21 18:20:38,248501,>Range,>Range,>Range,,
10/21/21 18:20:39,248169,>Range,>Range,>Range,,
10/21/21 18:20:40,248276,>Range,>Range,>Range,,
10/21/21 18:20:41,248324,>Range,>Range,>Range,,
10/21/21 18:20:42,248634,>Range,>Range,>Range,,
10/21/21 18:20:43,248971,>Range,>Range,>Range,,
10/21/21 18:20:44,248975,>Range,>Range,>Range,,
10/21/21 18:20:45,249031,>Range,>Range,>Range,,
10/21/21 18:20:46,249418,>Range,>Range,>Range,,
10/21/21 18:20:47,249719,>Range,>Range,>Range,,
10/21/21 18:20:48,250137,>Range,>Range,>Range,,
10/21/21 18:20:49,250494,>Range,>Range,>Range,,
10/21/21 18:20:50,250876,>Range,>Range,>Range,,
10/21/21 18:20:51,250951,>Range,>Range,>Range,,
10/21/21 18:20:52,250682,>Range,>Range,>Range,,
10/21/21 18:20:53,250405,>Range,>Range,>Range,,
10/21/21 18:20:54,250797,>Range,>Range,>Range,,
10/21/21 18:20:55,250909,>Range,>Range,>Range,,
10/21/21 18:20:56,250517,>Range,>Range,>Range,,
10/21/21 18:20:57,250183,>Range,>Range,>Range,,
10/21/21 18:20:58,250301,>Range,>Range,>Range,,
10/21/21 18:20:59,250450,>Range,>Range,>Range,,
10/21/21 18:21:00,250342,>Range,>Range,>Range,,
10/21/21 18:21:01,250312,>Range,>Range,>Range,,
10/21/21 18:21:02,250251,>Range,>Range,>Range,,
10/21/21 18:21:03,250192,>Range,>Range,>Range,,
10/21/21 18:21:04,250458,>Range,>Range,>Range,,
10/21/21 18:21:05,250684,>Range,>Range,>Range,,
10/21/21 18:21:06,251035,>Range,>Range,>Range,,
10/21/21 18:21:07,251400,>Range,>Range,>Range,,
10/21/21 18:21:08,251554,>Range,>Range,>Range,,
10/21/21 18:21:09,251691,>Range,>Range,>Range,,
10/21/21 18:21:10,251810,>Range,>Range,>Range,,
10/21/21 18:21:11,251663,>Range,>Range,>Range,,
10/21/21 18:21:12,251902,>Range,>Range,>Range,,
10/21/21 18:21:13,251790,>Range,>Range,>Range,,
10/21/21 18:21:14,251681,>Range,>Range,>Range,,
10/21/21 18:21:15,251758,>Range,>Range,>Range,,
10/21/21 18:21:16,251942,>Range,>Range,>Range,,
10/21/21 18:21:17,252080,>Range,>Range,>Range,,
10/21/21 18:21:18,252197,>Range,>Range,>Range,,
10/21/21 18:21:19,252058,>Range,>Range,>Range,,
10/21/21 18:21:20,252111,>Range,>Range,>Range,,
10/21/21 18:21:21,252321,>Range,>Range,>Range,,
10/21/21 18:21:22,252419,>Range,>Range,>Range,,
10/21/21 18:21:23,252288,>Range,>Range,>Range,,
10/21/21 18:21:24,251952,>Range,>Range,>Range,,
10/21/21 18:21:25,251668,>Range,>Range,>Range,,
10/21/21 18:21:26,251557,>Range,>Range,>Range,,
10/21/21 18:21:27,251730,>Range,>Range,>Range,,
10/21/21 18:21:28,252016,>Range,>Range,>Range,,
10/21/21 18:21:29,252124,>Range,>Range,>Range,,
10/21/21 18:21:30,252169,>Range,>Range,>Range,,
10/21/21 18:21:31,251284,>Range,>Range,>Range,,
10/21/21 18:21:32,251202,>Range,>Range,>Range,,
10/21/21 18:21:33,251641,>Range,>Range,>Range,,
10/21/21 18:21:34,252200,>Range,>Range,>Range,,
10/21/21 18:21:35,252337,>Range,>Range,>Range,,
10/21/21 18:21:36,252005,>Range,>Range,>Range,,
10/21/21 18:21:37,251683,>Range,>Range,>Range,,
10/21/21 18:21:38,251777,>Range,>Range,>Range,,
10/21/21 18:21:39,251880,>Range,>Range,>Range,,
10/21/21 18:21:40,251774,>Range,>Range,>Range,,
10/21/21 18:21:41,251733,>Range,>Range,>Range,,
10/21/21 18:21:42,251795,>Range,>Range,>Range,,
10/21/21 18:21:43,252399,>Range,>Range,>Range,,
10/21/21 18:21:44,252632,>Range,>Range,>Range,,
10/21/21 18:21:45,252676,>Range,>Range,>Range,,
10/21/21 18:21:46,252754,>Range,>Range,>Range,,
10/21/21 18:21:47,252552,>Range,>Range,>Range,,
10/21/21 18:21:48,252042,>Range,>Range,>Range,,
10/21/21 18:21:49,251896,>Range,>Range,>Range,,
10/21/21 18:21:50,251746,>Range,>Range,>Range,,
10/21/21 18:21:51,251666,>Range,>Range,>Range,,
10/21/21 18:21:52,252030,>Range,>Range,>Range,,
10/21/21 18:21:53,252281,>Range,>Range,>Range,,
10/21/21 18:21:54,252072,>Range,>Range,>Range,,
10/21/21 18:21:55,251870,>Range,>Range,>Range,,
10/21/21 18:21:56,252128,>Range,>Range,>Range,,
10/21/21 18:21:57,252374,>Range,>Range,>Range,,
10/21/21 18:21:58,252172,>Range,>Range,>Range,,
10/21/21 18:21:59,252158,>Range,>Range,>Range,,
10/21/21 18:22:00,252299,>Range,>Range,>Range,,
10/21/21 18:22:01,252563,>Range,>Range,>Range,,
10/21/21 18:22:02,252862,>Range,>Range,>Range,,
10/21/21 18:22:03,253026,>Range,>Range,>Range,,
10/21/21 18:22:04,252631,>Range,>Range,>Range,,
10/21/21 18:22:05,252042,>Range,>Range,>Range,,
10/21/21 18:22:06,251843,>Range,>Range,>Range,,
10/21/21 18:22:07,251457,>Range,>Range,>Range,,
10/21/21 18:22:08,250977,>Range,>Range,>Range,,
10/21/21 18:22:09,250737,>Range,>Range,>Range,,
10/21/21 18:22:10,250591,>Range,>Range,>Range,,
10/21/21 18:22:11,250710,>Range,>Range,>Range,,
10/21/21 18:22:12,250372,>Range,>Range,>Range,,
10/21/21 18:22:13,249995,>Range,>Range,>Range,,
10/21/21 18:22:14,250266,>Range,>Range,>Range,,
10/21/21 18:22:15,250581,>Range,>Range,>Range,,
10/21/21 18:22:16,250517,>Range,>Range,>Range,,
10/21/21 18:22:17,250492,>Range,>Range,>Range,,
10/21/21 18:22:18,250143,>Range,>Range,>Range,,
10/21/21 18:22:19,249596,>Range,>Range,>Range,,
10/21/21 18:22:20,249530,>Range,>Range,>Range,,
10/21/21 18:22:21,249683,>Range,>Range,>Range,,
10/21/21 18:22:22,249292,>Range,>Range,>Range,,
10/21/21 18:22:23,249269,>Range,>Range,>Range,,
10/21/21 18:22:24,249350,>Range,>Range,>Range,,
10/21/21 18:22:25,249528,>Range,>Range,>Range,,
10/21/21 18:22:26,249466,>Range,>Range,>Range,,
10/21/21 18:22:27,249125,>Range,>Range,>Range,,
10/21/21 18:22:28,249077,>Range,>Range,>Range,,
10/21/21 18:22:29,249422,>Range,>Range,>Range,,
10/21/21 18:22:30,249917,>Range,>Range,>Range,,
10/21/21 18:22:31,250096,>Range,>Range,>Range,,
10/21/21 18:22:32,250148,>Range,>Range,>Range,,
10/21/21 18:22:33,249907,>Range,>Range,>Range,,
10/21/21 18:22:34,249708,>Range,>Range,>Range,,
10/21/21 18:22:35,250051,>Range,>Range,>Range,,
10/21/21 18:22:36,250348,>Range,>Range,>Range,,
10/21/21 18:22:37,250428,>Range,>Range,>Range,,
10/21/21 18:22:38,250163,>Range,>Range,>Range,,
10/21/21 18:22:39,249787,>Range,>Range,>Range,,
10/21/21 18:22:40,249569,>Range,>Range,>Range,,
10/21/21 18:22:41,249315,>Range,>Range,>Range,,
10/21/21 18:22:42,249164,>Range,>Range,>Range,,
10/21/21 18:22:43,248906,>Range,>Range,>Range,,
10/21/21 18:22:44,248789,>Range,>Range,>Range,,
10/21/21 18:22:45,248966,>Range,>Range,>Range,,
10/21/21 18:22:46,249108,>Range,>Range,>Range,,
10/21/21 18:22:47,248990,>Range,>Range,>Range,,
10/21/21 18:22:48,249095,>Range,>Range,>Range,,
10/21/21 18:22:49,249305,>Range,>Range,>Range,,
10/21/21 18:22:50,249397,>Range,>Range,>Range,,
10/21/21 18:22:51,249635,>Range,>Range,>Range,,
10/21/21 18:22:52,250016,>Range,>Range,>Range,,
10/21/21 18:22:53,249823,>Range,>Range,>Range,,
10/21/21 18:22:54,249404,>Range,>Range,>Range,,
10/21/21 18:22:55,249128,>Range,>Range,>Range,,
10/21/21 18:22:56,248765,>Range,>Range,>Range,,
10/21/21 18:22:57,249357,>Range,>Range,>Range,,
10/21/21 18:22:58,249528,>Range,>Range,>Range,,
10/21/21 18:22:59,249458,>Range,>Range,>Range,,
10/21/21 18:23:00,249415,>Range,>Range,>Range,,
10/21/21 18:23:01,249153,>Range,>Range,>Range,,
10/21/21 18:23:02,248960,>Range,>Range,>Range,,
10/21/21 18:23:03,248893,>Range,>Range,>Range,,
10/21/21 18:23:04,248539,>Range,>Range,>Range,,
10/21/21 18:23:05,248513,>Range,>Range,>Range,,
10/21/21 18:23:06,249002,>Range,>Range,>Range,,
10/21/21 18:23:07,249126,>Range,>Range,>Range,,
10/21/21 18:23:08,249111,>Range,>Range,>Range,,
10/21/21 18:23:09,249056,>Range,>Range,>Range,,
10/21/21 18:23:10,248929,>Range,>Range,>Range,,
10/21/21 18:23:11,248874,>Range,>Range,>Range,,
10/21/21 18:23:12,248685,>Range,>Range,>Range,,
10/21/21 18:23:13,248194,>Range,>Range,>Range,,
10/21/21 18:23:14,248129,>Range,>Range,>Range,,
10/21/21 18:23:15,248101,>Range,>Range,>Range,,
10/21/21 18:23:16,247860,>Range,>Range,>Range,,
10/21/21 18:23:17,247905,>Range,>Range,>Range,,
10/21/21 18:23:18,247981,>Range,>Range,>Range,,
10/21/21 18:23:19,247842,>Range,>Range,>Range,,
10/21/21 18:23:20,247752,>Range,>Range,>Range,,
10/21/21 18:23:21,247414,>Range,>Range,>Range,,
10/21/21 18:23:22,247096,>Range,>Range,>Range,,
10/21/21 18:23:23,247150,>Range,>Range,>Range,,
10/21/21 18:23:24,247202,>Range,>Range,>Range,,
10/21/21 18:23:25,247621,>Range,>Range,>Range,,
10/21/21 18:23:26,247656,>Range,>Range,>Range,,
10/21/21 18:23:27,247529,>Range,>Range,>Range,,
10/21/21 18:23:28,247273,>Range,>Range,>Range,,
10/21/21 18:23:29,247298,>Range,>Range,>Range,,
10/21/21 18:23:30,247537,>Range,>Range,>Range,,
10/21/21 18:23:31,247737,>Range,>Range,>Range,,
10/21/21 18:23:32,247612,>Range,>Range,>Range,,
10/21/21 18:23:33,247495,>Range,>Range,>Range,,
10/21/21 18:23:34,247707,>Range,>Range,>Range,,
10/21/21 18:23:35,247911,>Range,>Range,>Range,,
10/21/21 18:23:36,248002,>Range,>Range,>Range,,
10/21/21 18:23:37,248358,>Range,>Range,>Range,,
10/21/21 18:23:38,248412,>Range,>Range,>Range,,
10/21/21 18:23:39,248202,>Range,>Range,>Range,,
10/21/21 18:23:40,248032,>Range,>Range,>Range,,
10/21/21 18:23:41,247557,>Range,>Range,>Range,,
10/21/21 18:23:42,247538,>Range,>Range,>Range,,
10/21/21 18:23:43,247264,>Range,>Range,>Range,,
10/21/21 18:23:44,246488,>Range,>Range,>Range,,
10/21/21 18:23:45,246316,>Range,>Range,>Range,,
10/21/21 18:23:46,246375,>Range,>Range,>Range,,
10/21/21 18:23:47,246595,>Range,>Range,>Range,,
10/21/21 18:23:48,246695,>Range,>Range,>Range,,
10/21/21 18:23:49,246814,>Range,>Range,>Range,,
10/21/21 18:23:50,247127,>Range,>Range,>Range,,
10/21/21 18:23:51,247243,>Range,>Range,>Range,,
10/21/21 18:23:52,246925,>Range,>Range,>Range,,
10/21/21 18:23:53,246659,>Range,>Range,>Range,,
10/21/21 18:23:54,246671,>Range,>Range,>Range,,
10/21/21 18:23:55,246695,>Range,>Range,>Range,,
10/21/21 18:23:56,246691,>Range,>Range,>Range,,
10/21/21 18:23:57,246795,>Range,>Range,>Range,,
10/21/21 18:23:58,247208,>Range,>Range,>Range,,
10/21/21 18:23:59,247301,>Range,>Range,>Range,,
10/21/21 18:24:00,246898,>Range,>Range,>Range,,
10/21/21 18:24:01,246898,>Range,>Range,>Range,,
10/21/21 18:24:02,246981,>Range,>Range,>Range,,
10/21/21 18:24:03,247063,>Range,>Range,>Range,,
10/21/21 18:24:04,246690,>Range,>Range,>Range,,
10/21/21 18:24:05,246287,>Range,>Range,>Range,,
10/21/21 18:24:06,246130,>Range,>Range,>Range,,
10/21/21 18:24:07,245835,>Range,>Range,>Range,,
10/21/21 18:24:08,245763,>Range,>Range,>Range,,
10/21/21 18:24:09,246115,>Range,>Range,>Range,,
10/21/21 18:24:10,246638,>Range,>Range,>Range,,
10/21/21 18:24:11,246623,>Range,>Range,>Range,,
10/21/21 18:24:12,246545,>Range,>Range,>Range,,
10/21/21 18:24:13,246270,>Range,>Range,>Range,,
10/21/21 18:24:14,246188,>Range,>Range,>Range,,
10/21/21 18:24:15,246308,>Range,>Range,>Range,,
10/21/21 18:24:16,246368,>Range,>Range,>Range,,
10/21/21 18:24:17,246524,>Range,>Range,>Range,,
10/21/21 18:24:18,246831,>Range,>Range,>Range,,
10/21/21 18:24:19,246924,>Range,>Range,>Range,,
10/21/21 18:24:20,246875,>Range,>Range,>Range,,
10/21/21 18:24:21,246709,>Range,>Range,>Range,,
10/21/21 18:24:22,246646,>Range,>Range,>Range,,
10/21/21 18:24:23,246359,>Range,>Range,>Range,,
10/21/21 18:24:24,246146,>Range,>Range,>Range,,
10/21/21 18:24:25,246080,>Range,>Range,>Range,,
10/21/21 18:24:26,246026,>Range,>Range,>Range,,
10/21/21 18:24:27,245950,>Range,>Range,>Range,,
10/21/21 18:24:28,245831,>Range,>Range,>Range,,
10/21/21 18:24:29,245846,>Range,>Range,>Range,,
10/21/21 18:24:30,245983,>Range,>Range,>Range,,
10/21/21 18:24:31,245862,>Range,>Range,>Range,,
10/21/21 18:24:32,245626,>Range,>Range,>Range,,
10/21/21 18:24:33,245488,>Range,>Range,>Range,,
10/21/21 18:24:34,245665,>Range,>Range,>Range,,
10/21/21 18:24:35,245532,>Range,>Range,>Range,,
10/21/21 18:24:36,245577,>Range,>Range,>Range,,
10/21/21 18:24:37,245792,>Range,>Range,>Range,,
10/21/21 18:24:38,245504,>Range,>Range,>Range,,
10/21/21 18:24:39,245377,>Range,>Range,>Range,,
10/21/21 18:24:40,245177,>Range,>Range,>Range,,
10/21/21 18:24:41,244939,>Range,>Range,>Range,,
10/21/21 18:24:42,244984,>Range,>Range,>Range,,
10/21/21 18:24:43,245738,>Range,>Range,>Range,,
10/21/21 18:24:44,246309,>Range,>Range,>Range,,
10/21/21 18:24:45,246084,>Range,>Range,>Range,,
10/21/21 18:24:46,245757,>Range,>Range,>Range,,
10/21/21 18:24:47,245674,>Range,>Range,>Range,,
10/21/21 18:24:48,245632,>Range,>Range,>Range,,
10/21/21 18:24:49,245709,>Range,>Range,>Range,,
10/21/21 18:24:50,245626,>Range,>Range,>Range,,
10/21/21 18:24:51,245243,>Range,>Range,>Range,,
10/21/21 18:24:52,245189,>Range,>Range,>Range,,
10/21/21 18:24:53,245235,>Range,>Range,>Range,,
10/21/21 18:24:54,245433,>Range,>Range,>Range,,
10/21/21 18:24:55,245509,>Range,>Range,>Range,,
10/21/21 18:24:56,245124,>Range,>Range,>Range,,
10/21/21 18:24:57,244888,>Range,>Range,>Range,,
10/21/21 18:24:58,244683,>Range,>Range,>Range,,
10/21/21 18:24:59,244478,>Range,>Range,>Range,,
10/21/21 18:25:00,244259,>Range,>Range,>Range,,
10/21/21 18:25:01,244178,>Range,>Range,>Range,,
10/21/21 18:25:02,244087,>Range,>Range,>Range,,
10/21/21 18:25:03,243883,>Range,>Range,>Range,,
10/21/21 18:25:04,243537,>Range,>Range,>Range,,
10/21/21 18:25:05,243436,>Range,>Range,>Range,,
10/21/21 18:25:06,243693,>Range,>Range,>Range,,
10/21/21 18:25:07,243605,>Range,>Range,>Range,,
10/21/21 18:25:08,243538,>Range,>Range,>Range,,
10/21/21 18:25:09,243934,>Range,>Range,>Range,,
10/21/21 18:25:10,243909,>Range,>Range,>Range,,
10/21/21 18:25:11,243819,>Range,>Range,>Range,,
10/21/21 18:25:12,243757,>Range,>Range,>Range,,
10/21/21 18:25:13,243532,>Range,>Range,>Range,,
10/21/21 18:25:14,243662,>Range,>Range,>Range,,
10/21/21 18:25:15,243801,>Range,>Range,>Range,,
10/21/21 18:25:16,243732,>Range,>Range,>Range,,
10/21/21 18:25:17,243513,>Range,>Range,>Range,,
10/21/21 18:25:18,243392,>Range,>Range,>Range,,
10/21/21 18:25:19,243526,>Range,>Range,>Range,,
10/21/21 18:25:20,243685,>Range,>Range,>Range,,
10/21/21 18:25:21,243515,>Range,>Range,>Range,,
10/21/21 18:25:22,243086,>Range,>Range,>Range,,
10/21/21 18:25:23,242413,>Range,>Range,>Range,,
10/21/21 18:25:24,242121,>Range,>Range,>Range,,
10/21/21 18:25:25,241940,>Range,>Range,>Range,,
10/21/21 18:25:26,242036,>Range,>Range,>Range,,
10/21/21 18:25:27,242218,>Range,>Range,>Range,,
10/21/21 18:25:28,242295,>Range,>Range,>Range,,
10/21/21 18:25:29,242537,>Range,>Range,>Range,,
10/21/21 18:25:30,243024,>Range,>Range,>Range,,
10/21/21 18:25:31,243205,>Range,>Range,>Range,,
10/21/21 18:25:32,243039,>Range,>Range,>Range,,
10/21/21 18:25:33,242993,>Range,>Range,>Range,,
10/21/21 18:25:34,243084,>Range,>Range,>Range,,
10/21/21 18:25:35,243048,>Range,>Range,>Range,,
10/21/21 18:25:36,243135,>Range,>Range,>Range,,
10/21/21 18:25:37,243400,>Range,>Range,>Range,,
10/21/21 18:25:38,243167,>Range,>Range,>Range,,
10/21/21 18:25:39,242923,>Range,>Range,>Range,,
10/21/21 18:25:40,242344,>Range,>Range,>Range,,
10/21/21 18:25:41,242182,>Range,>Range,>Range,,
10/21/21 18:25:42,242049,>Range,>Range,>Range,,
10/21/21 18:25:43,241890,>Range,>Range,>Range,,
10/21/21 18:25:44,241816,>Range,>Range,>Range,,
10/21/21 18:25:45,241476,>Range,>Range,>Range,,
10/21/21 18:25:46,241420,>Range,>Range,>Range,,
10/21/21 18:25:47,241173,>Range,>Range,>Range,,
10/21/21 18:25:48,242005,>Range,>Range,>Range,,
10/21/21 18:25:49,242745,>Range,>Range,>Range,,
10/21/21 18:25:50,242728,>Range,>Range,>Range,,
10/21/21 18:25:51,242441,>Range,>Range,>Range,,
10/21/21 18:25:52,242289,>Range,>Range,>Range,,
10/21/21 18:25:53,242353,>Range,>Range,>Range,,
10/21/21 18:25:54,242323,>Range,>Range,>Range,,
10/21/21 18:25:55,242114,>Range,>Range,>Range,,
10/21/21 18:25:56,241783,>Range,>Range,>Range,,
10/21/21 18:25:57,241619,>Range,>Range,>Range,,
10/21/21 18:25:58,241557,>Range,>Range,>Range,,
10/21/21 18:25:59,241722,>Range,>Range,>Range,,
10/21/21 18:26:00,241689,>Range,>Range,>Range,,
10/21/21 18:26:01,241577,>Range,>Range,>Range,,
10/21/21 18:26:02,241673,>Range,>Range,>Range,,
10/21/21 18:26:03,241419,>Range,>Range,>Range,,
10/21/21 18:26:04,241470,>Range,>Range,>Range,,
10/21/21 18:26:05,241776,>Range,>Range,>Range,,
10/21/21 18:26:06,241784,>Range,>Range,>Range,,
10/21/21 18:26:07,241496,>Range,>Range,>Range,,
10/21/21 18:26:08,241263,>Range,>Range,>Range,,
10/21/21 18:26:09,241145,>Range,>Range,>Range,,
10/21/21 18:26:10,241158,>Range,>Range,>Range,,
10/21/21 18:26:11,241280,>Range,>Range,>Range,,
10/21/21 18:26:12,241071,>Range,>Range,>Range,,
10/21/21 18:26:13,241209,>Range,>Range,>Range,,
10/21/21 18:26:14,241421,>Range,>Range,>Range,,
10/21/21 18:26:15,241373,>Range,>Range,>Range,,
10/21/21 18:26:16,241561,>Range,>Range,>Range,,
10/21/21 18:26:17,241074,>Range,>Range,>Range,,
10/21/21 18:26:18,240167,>Range,>Range,>Range,,
10/21/21 18:26:19,239448,>Range,>Range,>Range,,
10/21/21 18:26:20,239720,>Range,>Range,>Range,,
10/21/21 18:26:21,240172,>Range,>Range,>Range,,
10/21/21 18:26:22,240456,>Range,>Range,>Range,,
10/21/21 18:26:23,240476,>Range,>Range,>Range,,
10/21/21 18:26:24,240380,>Range,>Range,>Range,,
10/21/21 18:26:25,240652,>Range,>Range,>Range,,
10/21/21 18:26:26,240988,>Range,>Range,>Range,,
10/21/21 18:26:27,241392,>Range,>Range,>Range,,
10/21/21 18:26:28,241426,>Range,>Range,>Range,,
10/21/21 18:26:29,241007,>Range,>Range,>Range,,
10/21/21 18:26:30,240684,>Range,>Range,>Range,,
10/21/21 18:26:31,240679,>Range,>Range,>Range,,
10/21/21 18:26:32,240771,>Range,>Range,>Range,,
10/21/21 18:26:33,240350,>Range,>Range,>Range,,
10/21/21 18:26:34,239964,>Range,>Range,>Range,,
10/21/21 18:26:35,239734,>Range,>Range,>Range,,
10/21/21 18:26:36,239786,>Range,>Range,>Range,,
10/21/21 18:26:37,240072,>Range,>Range,>Range,,
10/21/21 18:26:38,240308,>Range,>Range,>Range,,
10/21/21 18:26:39,240042,>Range,>Range,>Range,,
10/21/21 18:26:40,239848,>Range,>Range,>Range,,
10/21/21 18:26:41,239599,>Range,>Range,>Range,,
10/21/21 18:26:42,239267,>Range,>Range,>Range,,
10/21/21 18:26:43,239107,>Range,>Range,>Range,,
10/21/21 18:26:44,238891,>Range,>Range,>Range,,
10/21/21 18:26:45,238445,>Range,>Range,>Range,,
10/21/21 18:26:46,237876,>Range,>Range,>Range,,
10/21/21 18:26:47,237510,>Range,>Range,>Range,,
10/21/21 18:26:48,237471,>Range,>Range,>Range,,
10/21/21 18:26:49,237770,>Range,>Range,>Range,,
10/21/21 18:26:50,238195,>Range,>Range,>Range,,
10/21/21 18:26:51,238267,>Range,>Range,>Range,,
10/21/21 18:26:52,238643,>Range,>Range,>Range,,
10/21/21 18:26:53,239122,>Range,>Range,>Range,,
10/21/21 18:26:54,239446,>Range,>Range,>Range,,
10/21/21 18:26:55,239230,>Range,>Range,>Range,,
10/21/21 18:26:56,239161,>Range,>Range,>Range,,
10/21/21 18:26:57,239069,>Range,>Range,>Range,,
10/21/21 18:26:58,238947,>Range,>Range,>Range,,
10/21/21 18:26:59,238792,>Range,>Range,>Range,,
10/21/21 18:27:00,238751,>Range,>Range,>Range,,
10/21/21 18:27:01,238743,>Range,>Range,>Range,,
10/21/21 18:27:02,238412,>Range,>Range,>Range,,
10/21/21 18:27:03,238314,>Range,>Range,>Range,,
10/21/21 18:27:04,238477,>Range,>Range,>Range,,
10/21/21 18:27:05,238578,>Range,>Range,>Range,,
10/21/21 18:27:06,238846,>Range,>Range,>Range,,
10/21/21 18:27:07,238739,>Range,>Range,>Range,,
10/21/21 18:27:08,238527,>Range,>Range,>Range,,
10/21/21 18:27:09,238283,>Range,>Range,>Range,,
10/21/21 18:27:10,238110,>Range,>Range,>Range,,
10/21/21 18:27:11,237735,>Range,>Range,>Range,,
10/21/21 18:27:12,237545,>Range,>Range,>Range,,
10/21/21 18:27:13,237879,>Range,>Range,>Range,,
10/21/21 18:27:14,237692,>Range,>Range,>Range,,
10/21/21 18:27:15,237637,>Range,>Range,>Range,,
10/21/21 18:27:16,237631,>Range,>Range,>Range,,
10/21/21 18:27:17,237133,>Range,>Range,>Range,,
10/21/21 18:27:18,237086,>Range,>Range,>Range,,
10/21/21 18:27:19,223266,>Range,>Range,>Range,,
10/21/21 18:27:20,148337,>Range,>Range,>Range,,
10/21/21 18:27:21,88204.6,>Range,>Range,>Range,,
10/21/21 18:27:22,51900,>Range,>Range,>Range,,
10/21/21 18:27:23,31130.5,>Range,>Range,>Range,,
10/21/21 18:27:24,18953.3,>Range,>Range,>Range,,
10/21/21 18:27:25,10590.2,>Range,>Range,>Range,,
10/21/21 18:27:26,5359.9,>Range,>Range,>Range,,
10/21/21 18:27:27,2608.8,>Range,>Range,>Range,,
10/21/21 18:27:28,1171.3,>Range,>Range,>Range,,
10/21/21 18:27:29,408,>Range,>Range,>Range,,
10/21/21 18:27:30,-0.5,>Range,>Range,>Range,,
10/21/21 18:27:31,-218.1,>Range,>Range,>Range,,
10/21/21 18:27:32,-330.2,>Range,>Range,>Range,,
10/21/21 18:27:33,-414.2,>Range,>Range,>Range,,
10/21/21 18:27:34,-445.6,>Range,>Range,>Range,,
10/21/21 18:27:35,-472.1,>Range,>Range,>Range,,
10/21/21 18:27:36,-489.5,>Range,>Range,>Range,,
10/21/21 18:27:37,-506.4,>Range,>Range,>Range,,
10/21/21 18:27:38,-534.7,>Range,>Range,>Range,,
10/21/21 18:27:39,-545.4,>Range,>Range,>Range,,
10/21/21 18:27:40,-548.4,>Range,>Range,>Range,,
10/21/21 18:27:41,-555.8,>Range,>Range,>Range,,
10/21/21 18:27:42,-552.2,>Range,>Range,>Range,,
10/21/21 18:27:43,-548.8,>Range,>Range,>Range,,
10/21/21 18:27:44,-543.9,>Range,>Range,>Range,,
10/21/21 18:27:45,-542.3,>Range,>Range,>Range,,
10/21/21 18:27:46,-541.8,>Range,>Range,>Range,,
10/21/21 18:27:47,-529.9,>Range,>Range,>Range,,
10/21/21 18:27:48,-519.5,>Range,>Range,>Range,,
10/21/21 18:27:49,-514.6,>Range,>Range,>Range,,
10/21/21 18:27:50,-521,>Range,>Range,>Range,,
10/21/21 18:27:51,-519.6,>Range,>Range,>Range,,
10/21/21 18:27:52,-505.4,>Range,>Range,>Range,,
10/21/21 18:27:53,-500.5,>Range,>Range,>Range,,
10/21/21 18:27:54,-502.3,>Range,>Range,>Range,,
10/21/21 18:27:55,-513.8,>Range,>Range,>Range,,
10/21/21 18:27:56,-503.9,>Range,>Range,>Range,,
10/21/21 18:27:57,-512.6,>Range,>Range,>Range,,
10/21/21 18:27:58,-516.9,>Range,>Range,>Range,,
10/21/21 18:27:59,-509.4,>Range,>Range,>Range,,
10/21/21 18:28:00,-500.8,>Range,>Range,>Range,,
10/21/21 18:28:01,-504.4,>Range,>Range,>Range,,
10/21/21 18:28:02,-499.4,>Range,>Range,>Range,,
10/21/21 18:28:03,-502,>Range,>Range,>Range,,
10/21/21 18:28:04,-492,>Range,>Range,>Range,,
10/21/21 18:28:05,-488.1,>Range,>Range,>Range,,
10/21/21 18:28:06,-483.1,>Range,>Range,>Range,,
10/21/21 18:28:07,-479,>Range,>Range,>Range,,
10/21/21 18:28:08,-485.7,>Range,>Range,>Range,,
10/21/21 18:28:09,-484.5,>Range,>Range,>Range,,
10/21/21 18:28:10,-483.1,>Range,>Range,>Range,,
10/21/21 18:28:11,-479.9,>Range,>Range,>Range,,
10/21/21 18:28:12,-477.9,>Range,>Range,>Range,,
10/21/21 18:28:13,-482.9,>Range,>Range,>Range,,
10/21/21 18:28:14,-483.5,>Range,>Range,>Range,,
10/21/21 18:28:15,-486,>Range,>Range,>Range,,
10/21/21 18:28:16,-480,>Range,>Range,>Range,,
10/21/21 18:28:17,-468.6,>Range,>Range,>Range,,
10/21/21 18:28:18,-463.7,>Range,>Range,>Range,,
10/21/21 18:28:19,-468.7,>Range,>Range,>Range,,
10/21/21 18:28:20,-464.2,>Range,>Range,>Range,,
10/21/21 18:28:21,-468.7,>Range,>Range,>Range,,
10/21/21 18:28:22,-474.4,>Range,>Range,>Range,,
10/21/21 18:28:23,-488.6,>Range,>Range,>Range,,
10/21/21 18:28:24,-480.2,>Range,>Range,>Range,,
10/21/21 18:28:25,-485.4,>Range,>Range,>Range,,
10/21/21 18:28:26,-489.3,>Range,>Range,>Range,,
10/21/21 18:28:27,-494.2,>Range,>Range,>Range,,
10/21/21 18:28:28,-492.8,>Range,>Range,>Range,,
10/21/21 18:28:29,-491.3,>Range,>Range,>Range,,
10/21/21 18:28:30,-486.4,>Range,>Range,>Range,,
10/21/21 18:28:31,-488.7,>Range,>Range,>Range,,
10/21/21 18:28:32,-489.5,>Range,>Range,>Range,,
10/21/21 18:28:33,-492.1,>Range,>Range,>Range,,
10/21/21 18:28:34,-477.6,>Range,>Range,>Range,,
10/21/21 18:28:35,-474.8,>Range,>Range,>Range,,
10/21/21 18:28:36,-480.2,>Range,>Range,>Range,,
10/21/21 18:28:37,-473.4,>Range,>Range,>Range,,
10/21/21 18:28:38,-481.3,>Range,>Range,>Range,,
10/21/21 18:28:39,-485,>Range,>Range,>Range,,
10/21/21 18:28:40,-478.9,>Range,>Range,>Range,,
10/21/21 18:28:41,-486.6,>Range,>Range,>Range,,
10/21/21 18:28:42,-506.3,>Range,>Range,>Range,,
10/21/21 18:28:43,-516,>Range,>Range,>Range,,
10/21/21 18:28:44,-522.8,>Range,>Range,>Range,,
10/21/21 18:28:45,-518.8,>Range,>Range,>Range,,
10/21/21 18:28:46,-511.9,>Range,>Range,>Range,,
10/21/21 18:28:47,-512.9,>Range,>Range,>Range,,
10/21/21 18:28:48,-515.1,>Range,>Range,>Range,,
10/21/21 18:28:49,-517.1,>Range,>Range,>Range,,
10/21/21 18:28:50,-515.8,>Range,>Range,>Range,,
10/21/21 18:28:51,-515.1,>Range,>Range,>Range,,
10/21/21 18:28:52,-497.8,>Range,>Range,>Range,,
10/21/21 18:28:53,-494.9,>Range,>Range,>Range,,
10/21/21 18:28:54,-503.3,>Range,>Range,>Range,,
10/21/21 18:28:55,-493.8,>Range,>Range,>Range,,
10/21/21 18:28:56,-492.7,>Range,>Range,>Range,,
10/21/21 18:28:57,-496.1,>Range,>Range,>Range,,
10/21/21 18:28:58,-500.3,>Range,>Range,>Range,,
10/21/21 18:28:59,-492.1,>Range,>Range,>Range,,
10/21/21 18:29:00,-493.3,>Range,>Range,>Range,,
10/21/21 18:29:01,-497.1,>Range,>Range,>Range,,
10/21/21 18:29:02,-506.3,>Range,>Range,>Range,,
10/21/21 18:29:03,-507.4,>Range,>Range,>Range,,
10/21/21 18:29:04,-513.1,>Range,>Range,>Range,,
10/21/21 18:29:05,-509.4,>Range,>Range,>Range,,
10/21/21 18:29:06,-500.9,>Range,>Range,>Range,,
10/21/21 18:29:07,-493.5,>Range,>Range,>Range,,
10/21/21 18:29:08,-490.1,>Range,>Range,>Range,,
10/21/21 18:29:09,-477,>Range,>Range,>Range,,
10/21/21 18:29:10,-477.3,>Range,>Range,>Range,,
10/21/21 18:29:11,-476.6,>Range,>Range,>Range,,
10/21/21 18:29:12,-482.2,>Range,>Range,>Range,,
10/21/21 18:29:13,-480,>Range,>Range,>Range,,
10/21/21 18:29:14,-488.2,>Range,>Range,>Range,,
10/21/21 18:29:15,-480.5,>Range,>Range,>Range,,
10/21/21 18:29:16,-475.8,>Range,>Range,>Range,,
10/21/21 18:29:17,-471.7,>Range,>Range,>Range,,
10/21/21 18:29:18,-477.5,>Range,>Range,>Range,,
10/21/21 18:29:19,-473.9,>Range,>Range,>Range,,
10/21/21 18:29:20,-473,>Range,>Range,>Range,,
10/21/21 18:29:21,-478.1,>Range,>Range,>Range,,
10/21/21 18:29:22,-479.5,>Range,>Range,>Range,,
10/21/21 18:29:23,-470.8,>Range,>Range,>Range,,
10/21/21 18:29:24,-484.7,>Range,>Range,>Range,,
10/21/21 18:29:25,-489.6,>Range,>Range,>Range,,
10/21/21 18:29:26,-486.8,>Range,>Range,>Range,,
10/21/21 18:29:27,-490.8,>Range,>Range,>Range,,
10/21/21 18:29:28,-491.6,>Range,>Range,>Range,,
10/21/21 18:29:29,-495.1,>Range,>Range,>Range,,
10/21/21 18:29:30,-488.3,>Range,>Range,>Range,,
10/21/21 18:29:31,-486.4,>Range,>Range,>Range,,
10/21/21 18:29:32,-485.3,>Range,>Range,>Range,,
10/21/21 18:29:33,-484.2,>Range,>Range,>Range,,
10/21/21 18:29:34,-484.6,>Range,>Range,>Range,,
10/21/21 18:29:35,-484.2,>Range,>Range,>Range,,
10/21/21 18:29:36,-492.1,>Range,>Range,>Range,,
10/21/21 18:29:37,-503,>Range,>Range,>Range,,
10/21/21 18:29:38,-510.4,>Range,>Range,>Range,,
10/21/21 18:29:39,-511.6,>Range,>Range,>Range,,
10/21/21 18:29:40,-505.5,>Range,>Range,>Range,,
10/21/21 18:29:41,-508,>Range,>Range,>Range,,
10/21/21 18:29:42,-506,>Range,>Range,>Range,,
10/21/21 18:29:43,-501.2,>Range,>Range,>Range,,
10/21/21 18:29:44,-509.2,>Range,>Range,>Range,,
10/21/21 18:29:45,-511.8,>Range,>Range,>Range,,
10/21/21 18:29:46,-516.5,>Range,>Range,>Range,,
10/21/21 18:29:47,-516.6,>Range,>Range,>Range,,
10/21/21 18:29:48,-516.8,>Range,>Range,>Range,,
10/21/21 18:29:49,-515.6,>Range,>Range,>Range,,
10/21/21 18:29:50,-515.8,>Range,>Range,>Range,,
10/21/21 18:29:51,-517.2,>Range,>Range,>Range,,
10/21/21 18:29:52,-508.3,>Range,>Range,>Range,,
10/21/21 18:29:53,-502.6,>Range,>Range,>Range,,
10/21/21 18:29:54,-498.1,>Range,>Range,>Range,,
10/21/21 18:29:55,-502.9,>Range,>Range,>Range,,
10/21/21 18:29:56,-500.2,>Range,>Range,>Range,,
10/21/21 18:29:57,-511.4,>Range,>Range,>Range,,
10/21/21 18:29:58,-526.8,>Range,>Range,>Range,,
10/21/21 18:29:59,-531.8,>Range,>Range,>Range,,
10/21/21 18:30:00,-537.1,>Range,>Range,>Range,,
10/21/21 18:30:01,-556.1,>Range,>Range,>Range,,
10/21/21 18:30:02,-565.2,>Range,>Range,>Range,,
10/21/21 18:30:03,-567.7,>Range,>Range,>Range,,
10/21/21 18:30:04,-567.7,>Range,>Range,>Range,,
10/21/21 18:30:05,-564.9,>Range,>Range,>Range,,
10/21/21 18:30:06,-553.2,>Range,>Range,>Range,,
10/21/21 18:30:07,-544.6,>Range,>Range,>Range,,
10/21/21 18:30:08,-535,>Range,>Range,>Range,,
10/21/21 18:30:09,-525.9,>Range,>Range,>Range,,
10/21/21 18:30:10,-533.5,>Range,>Range,>Range,,
10/21/21 18:30:11,-524.9,>Range,>Range,>Range,,
10/21/21 18:30:12,-521.5,>Range,>Range,>Range,,
10/21/21 18:30:13,-506.1,>Range,>Range,>Range,,
10/21/21 18:30:14,-507.8,>Range,>Range,>Range,,
10/21/21 18:30:15,-506.4,>Range,>Range,>Range,,
10/21/21 18:30:16,-500.5,>Range,>Range,>Range,,
10/21/21 18:30:17,-506.7,>Range,>Range,>Range,,
10/21/21 18:30:18,-511.7,>Range,>Range,>Range,,
10/21/21 18:30:19,-513,>Range,>Range,>Range,,
10/21/21 18:30:20,-513.6,>Range,>Range,>Range,,
10/21/21 18:30:21,-509.7,>Range,>Range,>Range,,
10/21/21 18:30:22,-521.8,>Range,>Range,>Range,,
10/21/21 18:30:23,-520.9,>Range,>Range,>Range,,
10/21/21 18:30:24,-513.2,>Range,>Range,>Range,,
10/21/21 18:30:25,-509.2,>Range,>Range,>Range,,
10/21/21 18:30:26,-512.2,>Range,>Range,>Range,,
10/21/21 18:30:27,-508.7,>Range,>Range,>Range,,
10/21/21 18:30:28,-511.4,>Range,>Range,>Range,,
10/21/21 18:30:29,-510.9,>Range,>Range,>Range,,
10/21/21 18:30:30,-515.9,>Range,>Range,>Range,,
10/21/21 18:30:31,-516.3,>Range,>Range,>Range,,
10/21/21 18:30:32,-520.5,>Range,>Range,>Range,,
10/21/21 18:30:33,-520.6,>Range,>Range,>Range,,
10/21/21 18:30:34,-525.7,>Range,>Range,>Range,,
10/21/21 18:30:35,-524.2,>Range,>Range,>Range,,
10/21/21 18:30:36,-525.1,>Range,>Range,>Range,,
10/21/21 18:30:37,-521,>Range,>Range,>Range,,
10/21/21 18:30:38,-520.1,>Range,>Range,>Range,,
10/21/21 18:30:39,-526.8,>Range,>Range,>Range,,
10/21/21 18:30:40,-527.1,>Range,>Range,>Range,,
10/21/21 18:30:41,-526.9,>Range,>Range,>Range,,
10/21/21 18:30:42,-521,>Range,>Range,>Range,,
10/21/21 18:30:43,-516.9,>Range,>Range,>Range,,
10/21/21 18:30:44,-513.6,>Range,>Range,>Range,,
10/21/21 18:30:45,-504.8,>Range,>Range,>Range,,
10/21/21 18:30:46,-504.1,>Range,>Range,>Range,,
10/21/21 18:30:47,-506.8,>Range,>Range,>Range,,
10/21/21 18:30:48,-504.5,>Range,>Range,>Range,,
10/21/21 18:30:49,-495.9,>Range,>Range,>Range,,
10/21/21 18:30:50,-494.3,>Range,>Range,>Range,,
10/21/21 18:30:51,-495.5,>Range,>Range,>Range,,
10/21/21 18:30:52,-498.4,>Range,>Range,>Range,,
10/21/21 18:30:53,-501.5,>Range,>Range,>Range,,
10/21/21 18:30:54,-511.3,>Range,>Range,>Range,,
10/21/21 18:30:55,-512.5,>Range,>Range,>Range,,
10/21/21 18:30:56,-520,>Range,>Range,>Range,,
10/21/21 18:30:57,-515.2,>Range,>Range,>Range,,
10/21/21 18:30:58,-519.6,>Range,>Range,>Range,,
10/21/21 18:30:59,-515.3,>Range,>Range,>Range,,
10/21/21 18:31:00,-510.3,>Range,>Range,>Range,,
10/21/21 18:31:01,-503.1,>Range,>Range,>Range,,
10/21/21 18:31:02,-489.6,>Range,>Range,>Range,,
10/21/21 18:31:03,-488.4,>Range,>Range,>Range,,
10/21/21 18:31:04,-481.6,>Range,>Range,>Range,,
10/21/21 18:31:05,-484.6,>Range,>Range,>Range,,
10/21/21 18:31:06,-481.8,>Range,>Range,>Range,,
10/21/21 18:31:07,-488.4,>Range,>Range,>Range,,
10/21/21 18:31:08,-497,>Range,>Range,>Range,,
10/21/21 18:31:09,-500.7,>Range,>Range,>Range,,
10/21/21 18:31:10,-513.1,>Range,>Range,>Range,,
10/21/21 18:31:11,-519.6,>Range,>Range,>Range,,
10/21/21 18:31:12,-512.5,>Range,>Range,>Range,,
10/21/21 18:31:13,-507.2,>Range,>Range,>Range,,
10/21/21 18:31:14,-506.1,>Range,>Range,>Range,,
10/21/21 18:31:15,-510.4,>Range,>Range,>Range,,
10/21/21 18:31:16,-505.5,>Range,>Range,>Range,,
10/21/21 18:31:17,-507.5,>Range,>Range,>Range,,
10/21/21 18:31:18,-506.2,>Range,>Range,>Range,,
10/21/21 18:31:19,-507.3,>Range,>Range,>Range,,
10/21/21 18:31:20,-504.7,>Range,>Range,>Range,,
10/21/21 18:31:21,-502.4,>Range,>Range,>Range,,
10/21/21 18:31:22,-503.6,>Range,>Range,>Range,,
10/21/21 18:31:23,-502,>Range,>Range,>Range,,
10/21/21 18:31:24,-503.3,>Range,>Range,>Range,,
10/21/21 18:31:25,-510.3,>Range,>Range,>Range,,
10/21/21 18:31:26,-514.9,>Range,>Range,>Range,,
10/21/21 18:31:27,-522.6,>Range,>Range,>Range,,
10/21/21 18:31:28,-526.7,>Range,>Range,>Range,,
10/21/21 18:31:29,-526.7,>Range,>Range,>Range,,
10/21/21 18:31:30,-521.1,>Range,>Range,>Range,,
10/21/21 18:31:31,-514.1,>Range,>Range,>Range,,
10/21/21 18:31:32,-509.6,>Range,>Range,>Range,,
10/21/21 18:31:33,-507.3,>Range,>Range,>Range,,
10/21/21 18:31:34,-506.1,>Range,>Range,>Range,,
10/21/21 18:31:35,-505.5,>Range,>Range,>Range,,
10/21/21 18:31:36,-492.5,>Range,>Range,>Range,,
10/21/21 18:31:37,-488.3,>Range,>Range,>Range,,
10/21/21 18:31:38,-481.7,>Range,>Range,>Range,,
10/21/21 18:31:39,-478.8,>Range,>Range,>Range,,
10/21/21 18:31:40,-478.6,>Range,>Range,>Range,,
10/21/21 18:31:41,-489.3,>Range,>Range,>Range,,
10/21/21 18:31:42,-491.6,>Range,>Range,>Range,,
10/21/21 18:31:43,-491.1,>Range,>Range,>Range,,
10/21/21 18:31:44,-482.1,>Range,>Range,>Range,,
10/21/21 18:31:45,-486.7,>Range,>Range,>Range,,
10/21/21 18:31:46,-481.3,>Range,>Range,>Range,,
10/21/21 18:31:47,-486.7,>Range,>Range,>Range,,
10/21/21 18:31:48,-485.6,>Range,>Range,>Range,,
10/21/21 18:31:49,-502.7,>Range,>Range,>Range,,
10/21/21 18:31:50,-516.5,>Range,>Range,>Range,,
10/21/21 18:31:51,-517.9,>Range,>Range,>Range,,
10/21/21 18:31:52,-521.9,>Range,>Range,>Range,,
10/21/21 18:31:53,-514.5,>Range,>Range,>Range,,
10/21/21 18:31:54,-505.9,>Range,>Range,>Range,,
10/21/21 18:31:55,-500.1,>Range,>Range,>Range,,
10/21/21 18:31:56,-497.6,>Range,>Range,>Range,,
10/21/21 18:31:57,-499.5,>Range,>Range,>Range,,
10/21/21 18:31:58,-502,>Range,>Range,>Range,,
10/21/21 18:31:59,-510.1,>Range,>Range,>Range,,
10/21/21 18:32:00,-512.5,>Range,>Range,>Range,,
10/21/21 18:32:01,-515.1,>Range,>Range,>Range,,
10/21/21 18:32:02,-523.5,>Range,>Range,>Range,,
10/21/21 18:32:03,-514.5,>Range,>Range,>Range,,
10/21/21 18:32:04,-512.5,>Range,>Range,>Range,,
10/21/21 18:32:05,-506.8,>Range,>Range,>Range,,
10/21/21 18:32:06,-504.2,>Range,>Range,>Range,,
10/21/21 18:32:07,-498.1,>Range,>Range,>Range,,
10/21/21 18:32:08,-496.9,>Range,>Range,>Range,,
10/21/21 18:32:09,-487.1,>Range,>Range,>Range,,
10/21/21 18:32:10,-479.2,>Range,>Range,>Range,,
10/21/21 18:32:11,-472.5,>Range,>Range,>Range,,
10/21/21 18:32:12,-469.6,>Range,>Range,>Range,,
10/21/21 18:32:13,-464.5,>Range,>Range,>Range,,
10/21/21 18:32:14,-465.6,>Range,>Range,>Range,,
10/21/21 18:32:15,-466.4,>Range,>Range,>Range,,
10/21/21 18:32:16,-468.4,>Range,>Range,>Range,,
10/21/21 18:32:17,-469.5,>Range,>Range,>Range,,
10/21/21 18:32:18,-471.3,>Range,>Range,>Range,,
10/21/21 18:32:19,-477.7,>Range,>Range,>Range,,
10/21/21 18:32:20,-472.5,>Range,>Range,>Range,,
10/21/21 18:32:21,-475.5,>Range,>Range,>Range,,
10/21/21 18:32:22,-475.2,>Range,>Range,>Range,,
10/21/21 18:32:23,-486,>Range,>Range,>Range,,
10/21/21 18:32:24,-491.1,>Range,>Range,>Range,,
10/21/21 18:32:25,-485.2,>Range,>Range,>Range,,
10/21/21 18:32:26,-490.4,>Range,>Range,>Range,,
10/21/21 18:32:27,-497.5,>Range,>Range,>Range,,
10/21/21 18:32:28,-497.7,>Range,>Range,>Range,,
10/21/21 18:32:29,-491,>Range,>Range,>Range,,
10/21/21 18:32:30,-487.3,>Range,>Range,>Range,,
10/21/21 18:32:31,-481.3,>Range,>Range,>Range,,
10/21/21 18:32:32,-476.2,>Range,>Range,>Range,,
10/21/21 18:32:33,-481.7,>Range,>Range,>Range,,
10/21/21 18:32:34,-492,>Range,>Range,>Range,,
10/21/21 18:32:35,-498.1,>Range,>Range,>Range,,
10/21/21 18:32:36,-505.5,>Range,>Range,>Range,,
10/21/21 18:32:37,-505.1,>Range,>Range,>Range,,
10/21/21 18:32:38,-510.9,>Range,>Range,>Range,,
10/21/21 18:32:39,-512.6,>Range,>Range,>Range,,
10/21/21 18:32:40,-525.2,>Range,>Range,>Range,,
10/21/21 18:32:41,-526.9,>Range,>Range,>Range,,
10/21/21 18:32:42,-530.1,>Range,>Range,>Range,,
10/21/21 18:32:43,-520.8,>Range,>Range,>Range,,
10/21/21 18:32:44,-513.1,>Range,>Range,>Range,,
10/21/21 18:32:45,-517.6,>Range,>Range,>Range,,
10/21/21 18:32:46,-522.8,>Range,>Range,>Range,,
10/21/21 18:32:47,-531.3,>Range,>Range,>Range,,
10/21/21 18:32:48,-539.2,>Range,>Range,>Range,,
10/21/21 18:32:49,-539.1,>Range,>Range,>Range,,
10/21/21 18:32:50,-540.4,>Range,>Range,>Range,,
10/21/21 18:32:51,-538.5,>Range,>Range,>Range,,
10/21/21 18:32:52,-541.9,>Range,>Range,>Range,,
10/21/21 18:32:53,-540.5,>Range,>Range,>Range,,
10/21/21 18:32:54,-539.8,>Range,>Range,>Range,,
10/21/21 18:32:55,-539.4,>Range,>Range,>Range,,
10/21/21 18:32:56,-535.9,>Range,>Range,>Range,,
10/21/21 18:32:57,-531.3,>Range,>Range,>Range,,
10/21/21 18:32:58,-521,>Range,>Range,>Range,,
10/21/21 18:32:59,-525.9,>Range,>Range,>Range,,
10/21/21 18:33:00,-521.4,>Range,>Range,>Range,,
10/21/21 18:33:01,-520.6,>Range,>Range,>Range,,
10/21/21 18:33:02,-520.8,>Range,>Range,>Range,,
10/21/21 18:33:03,-524.7,>Range,>Range,>Range,,
10/21/21 18:33:04,-531.5,>Range,>Range,>Range,,
10/21/21 18:33:05,-533.2,>Range,>Range,>Range,,
10/21/21 18:33:06,-531.2,>Range,>Range,>Range,,
10/21/21 18:33:07,-534.2,>Range,>Range,>Range,,
10/21/21 18:33:08,-534.3,>Range,>Range,>Range,,
10/21/21 18:33:09,-533,>Range,>Range,>Range,,
10/21/21 18:33:10,-536.9,>Range,>Range,>Range,,
10/21/21 18:33:11,-522.3,>Range,>Range,>Range,,
10/21/21 18:33:12,-511.4,>Range,>Range,>Range,,
10/21/21 18:33:13,-503.7,>Range,>Range,>Range,,
10/21/21 18:33:14,-500,>Range,>Range,>Range,,
10/21/21 18:33:15,-506.2,>Range,>Range,>Range,,
10/21/21 18:33:16,-520.6,>Range,>Range,>Range,,
10/21/21 18:33:17,-534.2,>Range,>Range,>Range,,
10/21/21 18:33:18,-534.8,>Range,>Range,>Range,,
10/21/21 18:33:19,-535.5,>Range,>Range,>Range,,
10/21/21 18:33:20,-538.4,>Range,>Range,>Range,,
10/21/21 18:33:21,-525.3,>Range,>Range,>Range,,
10/21/21 18:33:22,-520,>Range,>Range,>Range,,
10/21/21 18:33:23,-517.9,>Range,>Range,>Range,,
10/21/21 18:33:24,-522.4,>Range,>Range,>Range,,
10/21/21 18:33:25,-518.6,>Range,>Range,>Range,,
10/21/21 18:33:26,-510.6,>Range,>Range,>Range,,
10/21/21 18:33:27,-507.8,>Range,>Range,>Range,,
10/21/21 18:33:28,-504.2,>Range,>Range,>Range,,
10/21/21 18:33:29,-501.3,>Range,>Range,>Range,,
10/21/21 18:33:30,-494.9,>Range,>Range,>Range,,
10/21/21 18:33:31,-485.7,>Range,>Range,>Range,,
10/21/21 18:33:32,-486.3,>Range,>Range,>Range,,
10/21/21 18:33:33,-491.4,>Range,>Range,>Range,,
10/21/21 18:33:34,-493.1,>Range,>Range,>Range,,
10/21/21 18:33:35,-493,>Range,>Range,>Range,,
10/21/21 18:33:36,-500,>Range,>Range,>Range,,
10/21/21 18:33:37,-512.6,>Range,>Range,>Range,,
10/21/21 18:33:38,-518.1,>Range,>Range,>Range,,
10/21/21 18:33:39,-526.5,>Range,>Range,>Range,,
10/21/21 18:33:40,-527.9,>Range,>Range,>Range,,
10/21/21 18:33:41,-531.2,>Range,>Range,>Range,,
10/21/21 18:33:42,-531.7,>Range,>Range,>Range,,
10/21/21 18:33:43,-531.5,>Range,>Range,>Range,,
10/21/21 18:33:44,-525.9,>Range,>Range,>Range,,
10/21/21 18:33:45,-515.8,>Range,>Range,>Range,,
10/21/21 18:33:46,-510.5,>Range,>Range,>Range,,
10/21/21 18:33:47,-509.5,>Range,>Range,>Range,,
10/21/21 18:33:48,-509.3,>Range,>Range,>Range,,
10/21/21 18:33:49,-508.8,>Range,>Range,>Range,,
10/21/21 18:33:50,-510.5,>Range,>Range,>Range,,
10/21/21 18:33:51,-515.7,>Range,>Range,>Range,,
10/21/21 18:33:52,-521.7,>Range,>Range,>Range,,
10/21/21 18:33:53,-518.6,>Range,>Range,>Range,,
10/21/21 18:33:54,-508.4,>Range,>Range,>Range,,
10/21/21 18:33:55,-506.7,>Range,>Range,>Range,,
10/21/21 18:33:56,-503.8,>Range,>Range,>Range,,
10/21/21 18:33:57,-500.1,>Range,>Range,>Range,,
10/21/21 18:33:58,-508.6,>Range,>Range,>Range,,
10/21/21 18:33:59,-508.9,>Range,>Range,>Range,,
10/21/21 18:34:00,-516.9,>Range,>Range,>Range,,
10/21/21 18:34:01,-524.9,>Range,>Range,>Range,,
10/21/21 18:34:02,-521,>Range,>Range,>Range,,
10/21/21 18:34:03,-514.5,>Range,>Range,>Range,,
10/21/21 18:34:04,-514,>Range,>Range,>Range,,
10/21/21 18:34:05,-511.2,>Range,>Range,>Range,,
10/21/21 18:34:06,-503.2,>Range,>Range,>Range,,
10/21/21 18:34:07,-504,>Range,>Range,>Range,,
10/21/21 18:34:08,-504.4,>Range,>Range,>Range,,
10/21/21 18:34:09,-506.6,>Range,>Range,>Range,,
10/21/21 18:34:10,-501.8,>Range,>Range,>Range,,
10/21/21 18:34:11,-497.4,>Range,>Range,>Range,,
10/21/21 18:34:12,-498.6,>Range,>Range,>Range,,
10/21/21 18:34:13,-504.7,>Range,>Range,>Range,,
10/21/21 18:34:14,-505.5,>Range,>Range,>Range,,
10/21/21 18:34:15,-509.8,>Range,>Range,>Range,,
10/21/21 18:34:16,-508.2,>Range,>Range,>Range,,
10/21/21 18:34:17,-506.6,>Range,>Range,>Range,,
10/21/21 18:34:18,-505.7,>Range,>Range,>Range,,
10/21/21 18:34:19,-494.6,>Range,>Range,>Range,,
10/21/21 18:34:20,-499.5,>Range,>Range,>Range,,
10/21/21 18:34:21,-502,>Range,>Range,>Range,,
10/21/21 18:34:22,-507.5,>Range,>Range,>Range,,
10/21/21 18:34:23,-507.6,>Range,>Range,>Range,,
10/21/21 18:34:24,-513.4,>Range,>Range,>Range,,
10/21/21 18:34:25,-515.1,>Range,>Range,>Range,,
10/21/21 18:34:26,-510.2,>Range,>Range,>Range,,
10/21/21 18:34:27,-507.6,>Range,>Range,>Range,,
10/21/21 18:34:28,-506.3,>Range,>Range,>Range,,
10/21/21 18:34:29,1483.2,>Range,>Range,>Range,,
10/21/21 18:34:30,9742.8,>Range,>Range,>Range,,
10/21/21 18:34:31,18042.1,>Range,>Range,>Range,,
10/21/21 18:34:32,26406.7,>Range,>Range,>Range,,
10/21/21 18:34:33,33797,>Range,>Range,>Range,,
10/21/21 18:34:34,40149,>Range,>Range,>Range,,
10/21/21 18:34:35,45286.8,>Range,>Range,>Range,,
10/21/21 18:34:36,48910.5,>Range,>Range,>Range,,
10/21/21 18:34:37,51300.1,>Range,>Range,>Range,,
10/21/21 18:34:38,52835.2,>Range,>Range,>Range,,
10/21/21 18:34:39,53829.7,>Range,>Range,>Range,,
10/21/21 18:34:40,54274.8,>Range,>Range,>Range,,
10/21/21 18:34:41,54481.3,>Range,>Range,>Range,,
10/21/21 18:34:42,54500.5,>Range,>Range,>Range,,
10/21/21 18:34:43,54343.9,>Range,>Range,>Range,,
10/21/21 18:34:44,54277.1,>Range,>Range,>Range,,
10/21/21 18:34:45,54301.2,>Range,>Range,>Range,,
10/21/21 18:34:46,54203.5,>Range,>Range,>Range,,
10/21/21 18:34:47,54104.5,>Range,>Range,>Range,,
10/21/21 18:34:48,53864.6,>Range,>Range,>Range,,
10/21/21 18:34:49,53585.1,>Range,>Range,>Range,,
10/21/21 18:34:50,53451,>Range,>Range,>Range,,
10/21/21 18:34:51,53443.4,>Range,>Range,>Range,,
10/21/21 18:34:52,53076.6,>Range,>Range,>Range,,
10/21/21 18:34:53,51315.8,>Range,>Range,>Range,,
10/21/21 18:34:54,48631.6,>Range,>Range,>Range,,
10/21/21 18:34:55,46446.4,>Range,>Range,>Range,,
10/21/21 18:34:56,44673.2,>Range,>Range,>Range,,
10/21/21 18:34:57,43548.2,>Range,>Range,>Range,,
10/21/21 18:34:58,42780.7,>Range,>Range,>Range,,
10/21/21 18:34:59,42194,>Range,>Range,>Range,,
10/21/21 18:35:00,41881.2,>Range,>Range,>Range,,
10/21/21 18:35:01,41736.9,>Range,>Range,>Range,,
10/21/21 18:35:02,41753.3,>Range,>Range,>Range,,
10/21/21 18:35:03,41786.6,>Range,>Range,>Range,,
10/21/21 18:35:04,41938,>Range,>Range,>Range,,
10/21/21 18:35:05,42256.6,>Range,>Range,>Range,,
10/21/21 18:35:06,42593.2,>Range,>Range,>Range,,
10/21/21 18:35:07,42905.9,>Range,>Range,>Range,,
10/21/21 18:35:08,43147,>Range,>Range,>Range,,
10/21/21 18:35:09,43447.5,>Range,>Range,>Range,,
10/21/21 18:35:10,43692,>Range,>Range,>Range,,
10/21/21 18:35:11,43780.2,>Range,>Range,>Range,,
10/21/21 18:35:12,43886.9,>Range,>Range,>Range,,
10/21/21 18:35:13,44184.5,>Range,>Range,>Range,,
10/21/21 18:35:14,44360.2,>Range,>Range,>Range,,
10/21/21 18:35:15,44345.9,>Range,>Range,>Range,,
10/21/21 18:35:16,44297.9,>Range,>Range,>Range,,
10/21/21 18:35:17,44177.7,>Range,>Range,>Range,,
10/21/21 18:35:18,44211.3,>Range,>Range,>Range,,
10/21/21 18:35:19,44222.9,>Range,>Range,>Range,,
10/21/21 18:35:20,44339.2,>Range,>Range,>Range,,
10/21/21 18:35:21,44513.2,>Range,>Range,>Range,,
10/21/21 18:35:22,44631.7,>Range,>Range,>Range,,
10/21/21 18:35:23,44726.6,>Range,>Range,>Range,,
10/21/21 18:35:24,44808.4,>Range,>Range,>Range,,
10/21/21 18:35:25,44912.6,>Range,>Range,>Range,,
10/21/21 18:35:26,44937.2,>Range,>Range,>Range,,
10/21/21 18:35:27,44891,>Range,>Range,>Range,,
10/21/21 18:35:28,44751.7,>Range,>Range,>Range,,
10/21/21 18:35:29,44581.1,>Range,>Range,>Range,,
10/21/21 18:35:30,44419.9,>Range,>Range,>Range,,
10/21/21 18:35:31,44317.8,>Range,>Range,>Range,,
10/21/21 18:35:32,44417,>Range,>Range,>Range,,
10/21/21 18:35:33,44495.7,>Range,>Range,>Range,,
10/21/21 18:35:34,44540.3,>Range,>Range,>Range,,
10/21/21 18:35:35,44765,>Range,>Range,>Range,,
10/21/21 18:35:36,44795.7,>Range,>Range,>Range,,
10/21/21 18:35:37,44733,>Range,>Range,>Range,,
10/21/21 18:35:38,44854.4,>Range,>Range,>Range,,
10/21/21 18:35:39,44877.3,>Range,>Range,>Range,,
10/21/21 18:35:40,44723.4,>Range,>Range,>Range,,
10/21/21 18:35:41,44623.1,>Range,>Range,>Range,,
10/21/21 18:35:42,44596.5,>Range,>Range,>Range,,
10/21/21 18:35:43,44576.5,>Range,>Range,>Range,,
10/21/21 18:35:44,44593,>Range,>Range,>Range,,
10/21/21 18:35:45,44666.9,>Range,>Range,>Range,,
10/21/21 18:35:46,44714.6,>Range,>Range,>Range,,
10/21/21 18:35:47,44634.2,>Range,>Range,>Range,,
10/21/21 18:35:48,44504.4,>Range,>Range,>Range,,
10/21/21 18:35:49,44389.5,>Range,>Range,>Range,,
10/21/21 18:35:50,44287.1,>Range,>Range,>Range,,
10/21/21 18:35:51,44279.7,>Range,>Range,>Range,,
10/21/21 18:35:52,44237.2,>Range,>Range,>Range,,
10/21/21 18:35:53,44226.9,>Range,>Range,>Range,,
10/21/21 18:35:54,44207.3,>Range,>Range,>Range,,
10/21/21 18:35:55,44225,>Range,>Range,>Range,,
10/21/21 18:35:56,44114.8,>Range,>Range,>Range,,
10/21/21 18:35:57,44040.3,>Range,>Range,>Range,,
10/21/21 18:35:58,43919.6,>Range,>Range,>Range,,
10/21/21 18:35:59,43881.3,>Range,>Range,>Range,,
10/21/21 18:36:00,43963.3,>Range,>Range,>Range,,
10/21/21 18:36:01,44052,>Range,>Range,>Range,,
10/21/21 18:36:02,44102.7,>Range,>Range,>Range,,
10/21/21 18:36:03,44167.6,>Range,>Range,>Range,,
10/21/21 18:36:04,44105.8,>Range,>Range,>Range,,
10/21/21 18:36:05,44048.2,>Range,>Range,>Range,,
10/21/21 18:36:06,43982.9,>Range,>Range,>Range,,
10/21/21 18:36:07,43956.2,>Range,>Range,>Range,,
10/21/21 18:36:08,43972.9,>Range,>Range,>Range,,
10/21/21 18:36:09,44023.7,>Range,>Range,>Range,,
10/21/21 18:36:10,44030.1,>Range,>Range,>Range,,
10/21/21 18:36:11,43996.2,>Range,>Range,>Range,,
10/21/21 18:36:12,43994.6,>Range,>Range,>Range,,
10/21/21 18:36:13,44208.2,>Range,>Range,>Range,,
10/21/21 18:36:14,44356.6,>Range,>Range,>Range,,
10/21/21 18:36:15,44330.5,>Range,>Range,>Range,,
10/21/21 18:36:16,44173.7,>Range,>Range,>Range,,
10/21/21 18:36:17,44085.5,>Range,>Range,>Range,,
10/21/21 18:36:18,44088.7,>Range,>Range,>Range,,
10/21/21 18:36:19,44187.9,>Range,>Range,>Range,,
10/21/21 18:36:20,44047.1,>Range,>Range,>Range,,
10/21/21 18:36:21,44126.6,>Range,>Range,>Range,,
10/21/21 18:36:22,44301.9,>Range,>Range,>Range,,
10/21/21 18:36:23,44386.8,>Range,>Range,>Range,,
10/21/21 18:36:24,44274.3,>Range,>Range,>Range,,
10/21/21 18:36:25,44117.2,>Range,>Range,>Range,,
10/21/21 18:36:26,44203.2,>Range,>Range,>Range,,
10/21/21 18:36:27,44238,>Range,>Range,>Range,,
10/21/21 18:36:28,43956.6,>Range,>Range,>Range,,
10/21/21 18:36:29,43807.7,>Range,>Range,>Range,,
10/21/21 18:36:30,43703.1,>Range,>Range,>Range,,
10/21/21 18:36:31,43636.8,>Range,>Range,>Range,,
10/21/21 18:36:32,43719.6,>Range,>Range,>Range,,
10/21/21 18:36:33,43775,>Range,>Range,>Range,,
10/21/21 18:36:34,43881.5,>Range,>Range,>Range,,
10/21/21 18:36:35,43866.7,>Range,>Range,>Range,,
10/21/21 18:36:36,43748.1,>Range,>Range,>Range,,
10/21/21 18:36:37,43744.9,>Range,>Range,>Range,,
10/21/21 18:36:38,43826.2,>Range,>Range,>Range,,
10/21/21 18:36:39,43914.5,>Range,>Range,>Range,,
10/21/21 18:36:40,44001.2,>Range,>Range,>Range,,
10/21/21 18:36:41,43994.2,>Range,>Range,>Range,,
10/21/21 18:36:42,43967.1,>Range,>Range,>Range,,
10/21/21 18:36:43,43969.5,>Range,>Range,>Range,,
10/21/21 18:36:44,43893.8,>Range,>Range,>Range,,
10/21/21 18:36:45,43825.1,>Range,>Range,>Range,,
10/21/21 18:36:46,43667.1,>Range,>Range,>Range,,
10/21/21 18:36:47,43524,>Range,>Range,>Range,,
10/21/21 18:36:48,43334.1,>Range,>Range,>Range,,
10/21/21 18:36:49,43295.3,>Range,>Range,>Range,,
10/21/21 18:36:50,43237.1,>Range,>Range,>Range,,
10/21/21 18:36:51,43272.4,>Range,>Range,>Range,,
10/21/21 18:36:52,43270.5,>Range,>Range,>Range,,
10/21/21 18:36:53,43353.3,>Range,>Range,>Range,,
10/21/21 18:36:54,43524.9,>Range,>Range,>Range,,
10/21/21 18:36:55,43747.4,>Range,>Range,>Range,,
10/21/21 18:36:56,43983.4,>Range,>Range,>Range,,
10/21/21 18:36:57,44059.9,>Range,>Range,>Range,,
10/21/21 18:36:58,43913.8,>Range,>Range,>Range,,
10/21/21 18:36:59,43689.4,>Range,>Range,>Range,,
10/21/21 18:37:00,43386.9,>Range,>Range,>Range,,
10/21/21 18:37:01,43279.6,>Range,>Range,>Range,,
10/21/21 18:37:02,43212.3,>Range,>Range,>Range,,
10/21/21 18:37:03,43271.5,>Range,>Range,>Range,,
10/21/21 18:37:04,43376.1,>Range,>Range,>Range,,
10/21/21 18:37:05,43451.4,>Range,>Range,>Range,,
10/21/21 18:37:06,43401.3,>Range,>Range,>Range,,
10/21/21 18:37:07,43347.2,>Range,>Range,>Range,,
10/21/21 18:37:08,43358.8,>Range,>Range,>Range,,
10/21/21 18:37:09,43419.3,>Range,>Range,>Range,,
10/21/21 18:37:10,43418.5,>Range,>Range,>Range,,
10/21/21 18:37:11,43393.9,>Range,>Range,>Range,,
10/21/21 18:37:12,43433.8,>Range,>Range,>Range,,
10/21/21 18:37:13,43449.9,>Range,>Range,>Range,,
10/21/21 18:37:14,43417.3,>Range,>Range,>Range,,
10/21/21 18:37:15,43380.3,>Range,>Range,>Range,,
10/21/21 18:37:16,43297.9,>Range,>Range,>Range,,
10/21/21 18:37:17,43340.7,>Range,>Range,>Range,,
10/21/21 18:37:18,43524.2,>Range,>Range,>Range,,
10/21/21 18:37:19,43594.8,>Range,>Range,>Range,,
10/21/21 18:37:20,43553.1,>Range,>Range,>Range,,
10/21/21 18:37:21,43381.6,>Range,>Range,>Range,,
10/21/21 18:37:22,43212.3,>Range,>Range,>Range,,
10/21/21 18:37:23,43233.8,>Range,>Range,>Range,,
10/21/21 18:37:24,43303,>Range,>Range,>Range,,
10/21/21 18:37:25,43378.4,>Range,>Range,>Range,,
10/21/21 18:37:26,43377.5,>Range,>Range,>Range,,
10/21/21 18:37:27,43438.4,>Range,>Range,>Range,,
10/21/21 18:37:28,43543.7,>Range,>Range,>Range,,
10/21/21 18:37:29,43499.2,>Range,>Range,>Range,,
10/21/21 18:37:30,43221.9,>Range,>Range,>Range,,
10/21/21 18:37:31,43112,>Range,>Range,>Range,,
10/21/21 18:37:32,43066.1,>Range,>Range,>Range,,
10/21/21 18:37:33,43168.4,>Range,>Range,>Range,,
10/21/21 18:37:34,43315.9,>Range,>Range,>Range,,
10/21/21 18:37:35,43402.5,>Range,>Range,>Range,,
10/21/21 18:37:36,43380.3,>Range,>Range,>Range,,
10/21/21 18:37:37,43213.8,>Range,>Range,>Range,,
10/21/21 18:37:38,43157.4,>Range,>Range,>Range,,
10/21/21 18:37:39,43217.7,>Range,>Range,>Range,,
10/21/21 18:37:40,43361.5,>Range,>Range,>Range,,
10/21/21 18:37:41,43408,>Range,>Range,>Range,,
10/21/21 18:37:42,43419.1,>Range,>Range,>Range,,
10/21/21 18:37:43,43334.8,>Range,>Range,>Range,,
10/21/21 18:37:44,43262.8,>Range,>Range,>Range,,
10/21/21 18:37:45,43105,>Range,>Range,>Range,,
10/21/21 18:37:46,42987.7,>Range,>Range,>Range,,
10/21/21 18:37:47,42983.5,>Range,>Range,>Range,,
10/21/21 18:37:48,42981,>Range,>Range,>Range,,
10/21/21 18:37:49,42779.2,>Range,>Range,>Range,,
10/21/21 18:37:50,42809.5,>Range,>Range,>Range,,
10/21/21 18:37:51,42888.3,>Range,>Range,>Range,,
10/21/21 18:37:52,42949.7,>Range,>Range,>Range,,
10/21/21 18:37:53,42927.5,>Range,>Range,>Range,,
10/21/21 18:37:54,42921.5,>Range,>Range,>Range,,
10/21/21 18:37:55,42914.9,>Range,>Range,>Range,,
10/21/21 18:37:56,42931.2,>Range,>Range,>Range,,
10/21/21 18:37:57,42933.5,>Range,>Range,>Range,,
10/21/21 18:37:58,42870.1,>Range,>Range,>Range,,
10/21/21 18:37:59,42891.9,>Range,>Range,>Range,,
10/21/21 18:38:00,43008.2,>Range,>Range,>Range,,
10/21/21 18:38:01,43088.4,>Range,>Range,>Range,,
10/21/21 18:38:02,43037.4,>Range,>Range,>Range,,
10/21/21 18:38:03,42878.2,>Range,>Range,>Range,,
10/21/21 18:38:04,42813.9,>Range,>Range,>Range,,
10/21/21 18:38:05,42823.8,>Range,>Range,>Range,,
10/21/21 18:38:06,42865.8,>Range,>Range,>Range,,
10/21/21 18:38:07,42881.5,>Range,>Range,>Range,,
10/21/21 18:38:08,42797.6,>Range,>Range,>Range,,
10/21/21 18:38:09,42628.5,>Range,>Range,>Range,,
10/21/21 18:38:10,42435.6,>Range,>Range,>Range,,
10/21/21 18:38:11,42408,>Range,>Range,>Range,,
10/21/21 18:38:12,42621.4,>Range,>Range,>Range,,
10/21/21 18:38:13,42694.4,>Range,>Range,>Range,,
10/21/21 18:38:14,42577.5,>Range,>Range,>Range,,
10/21/21 18:38:15,42509.3,>Range,>Range,>Range,,
10/21/21 18:38:16,42513.5,>Range,>Range,>Range,,
10/21/21 18:38:17,42651.9,>Range,>Range,>Range,,
10/21/21 18:38:18,42721.4,>Range,>Range,>Range,,
10/21/21 18:38:19,42656.2,>Range,>Range,>Range,,
10/21/21 18:38:20,42562.5,>Range,>Range,>Range,,
10/21/21 18:38:21,42453.5,>Range,>Range,>Range,,
10/21/21 18:38:22,42478,>Range,>Range,>Range,,
10/21/21 18:38:23,42681.8,>Range,>Range,>Range,,
10/21/21 18:38:24,42807.7,>Range,>Range,>Range,,
10/21/21 18:38:25,42901.8,>Range,>Range,>Range,,
10/21/21 18:38:26,42902.1,>Range,>Range,>Range,,
10/21/21 18:38:27,42788.8,>Range,>Range,>Range,,
10/21/21 18:38:28,42743.8,>Range,>Range,>Range,,
10/21/21 18:38:29,42505.4,>Range,>Range,>Range,,
10/21/21 18:38:30,42396.7,>Range,>Range,>Range,,
10/21/21 18:38:31,42427.7,>Range,>Range,>Range,,
10/21/21 18:38:32,42519.2,>Range,>Range,>Range,,
10/21/21 18:38:33,42603.7,>Range,>Range,>Range,,
10/21/21 18:38:34,42613.8,>Range,>Range,>Range,,
10/21/21 18:38:35,42595.1,>Range,>Range,>Range,,
10/21/21 18:38:36,42633.9,>Range,>Range,>Range,,
10/21/21 18:38:37,42683.8,>Range,>Range,>Range,,
10/21/21 18:38:38,42735.3,>Range,>Range,>Range,,
10/21/21 18:38:39,42766.9,>Range,>Range,>Range,,
10/21/21 18:38:40,42724.5,>Range,>Range,>Range,,
10/21/21 18:38:41,42705,>Range,>Range,>Range,,
10/21/21 18:38:42,42521.7,>Range,>Range,>Range,,
10/21/21 18:38:43,42392.9,>Range,>Range,>Range,,
10/21/21 18:38:44,42365,>Range,>Range,>Range,,
10/21/21 18:38:45,42246.8,>Range,>Range,>Range,,
10/21/21 18:38:46,42377.8,>Range,>Range,>Range,,
10/21/21 18:38:47,42390.1,>Range,>Range,>Range,,
10/21/21 18:38:48,42404.4,>Range,>Range,>Range,,
10/21/21 18:38:49,42390.1,>Range,>Range,>Range,,
10/21/21 18:38:50,42527.6,>Range,>Range,>Range,,
10/21/21 18:38:51,42584.2,>Range,>Range,>Range,,
10/21/21 18:38:52,42604.4,>Range,>Range,>Range,,
10/21/21 18:38:53,42536.9,>Range,>Range,>Range,,
10/21/21 18:38:54,42498.3,>Range,>Range,>Range,,
10/21/21 18:38:55,42633.9,>Range,>Range,>Range,,
10/21/21 18:38:56,42478,>Range,>Range,>Range,,
10/21/21 18:38:57,42423.1,>Range,>Range,>Range,,
10/21/21 18:38:58,42530.2,>Range,>Range,>Range,,
10/21/21 18:38:59,42629.9,>Range,>Range,>Range,,
10/21/21 18:39:00,42677,>Range,>Range,>Range,,
10/21/21 18:39:01,42752.8,>Range,>Range,>Range,,
10/21/21 18:39:02,42759.5,>Range,>Range,>Range,,
10/21/21 18:39:03,42672.4,>Range,>Range,>Range,,
10/21/21 18:39:04,42424.8,>Range,>Range,>Range,,
10/21/21 18:39:05,42320.9,>Range,>Range,>Range,,
10/21/21 18:39:06,42283.2,>Range,>Range,>Range,,
10/21/21 18:39:07,42345.3,>Range,>Range,>Range,,
10/21/21 18:39:08,42369.8,>Range,>Range,>Range,,
10/21/21 18:39:09,42273.7,>Range,>Range,>Range,,
10/21/21 18:39:10,42191.5,>Range,>Range,>Range,,
10/21/21 18:39:11,42197.8,>Range,>Range,>Range,,
10/21/21 18:39:12,42085.4,>Range,>Range,>Range,,
10/21/21 18:39:13,41934.5,>Range,>Range,>Range,,
10/21/21 18:39:14,41969.6,>Range,>Range,>Range,,
10/21/21 18:39:15,42139,>Range,>Range,>Range,,
10/21/21 18:39:16,42247.4,>Range,>Range,>Range,,
10/21/21 18:39:17,42308.9,>Range,>Range,>Range,,
10/21/21 18:39:18,42275,>Range,>Range,>Range,,
10/21/21 18:39:19,42270.6,>Range,>Range,>Range,,
10/21/21 18:39:20,42199.6,>Range,>Range,>Range,,
10/21/21 18:39:21,42114,>Range,>Range,>Range,,
10/21/21 18:39:22,41968.8,>Range,>Range,>Range,,
10/21/21 18:39:23,41909.6,>Range,>Range,>Range,,
10/21/21 18:39:24,41950.8,>Range,>Range,>Range,,
10/21/21 18:39:25,41855.6,>Range,>Range,>Range,,
10/21/21 18:39:26,41823.6,>Range,>Range,>Range,,
10/21/21 18:39:27,41745.1,>Range,>Range,>Range,,
10/21/21 18:39:28,41742,>Range,>Range,>Range,,
10/21/21 18:39:29,41890.1,>Range,>Range,>Range,,
10/21/21 18:39:30,41860.5,>Range,>Range,>Range,,
10/21/21 18:39:31,41951.1,>Range,>Range,>Range,,
10/21/21 18:39:32,41996.2,>Range,>Range,>Range,,
10/21/21 18:39:33,41924.6,>Range,>Range,>Range,,
10/21/21 18:39:34,41953,>Range,>Range,>Range,,
10/21/21 18:39:35,41998.7,>Range,>Range,>Range,,
10/21/21 18:39:36,42164.2,>Range,>Range,>Range,,
10/21/21 18:39:37,42185,>Range,>Range,>Range,,
10/21/21 18:39:38,42157.2,>Range,>Range,>Range,,
10/21/21 18:39:39,42075.2,>Range,>Range,>Range,,
10/21/21 18:39:40,41945.7,>Range,>Range,>Range,,
10/21/21 18:39:41,41868.8,>Range,>Range,>Range,,
10/21/21 18:39:42,41855.1,>Range,>Range,>Range,,
10/21/21 18:39:43,41975,>Range,>Range,>Range,,
10/21/21 18:39:44,42234.5,>Range,>Range,>Range,,
10/21/21 18:39:45,42350.4,>Range,>Range,>Range,,
10/21/21 18:39:46,42291.5,>Range,>Range,>Range,,
10/21/21 18:39:47,42182.4,>Range,>Range,>Range,,
10/21/21 18:39:48,42109.4,>Range,>Range,>Range,,
10/21/21 18:39:49,42065.9,>Range,>Range,>Range,,
10/21/21 18:39:50,42098.1,>Range,>Range,>Range,,
10/21/21 18:39:51,42137.1,>Range,>Range,>Range,,
10/21/21 18:39:52,42058,>Range,>Range,>Range,,
10/21/21 18:39:53,41918.8,>Range,>Range,>Range,,
10/21/21 18:39:54,41838,>Range,>Range,>Range,,
10/21/21 18:39:55,41654.9,>Range,>Range,>Range,,
10/21/21 18:39:56,41575.5,>Range,>Range,>Range,,
10/21/21 18:39:57,41506.1,>Range,>Range,>Range,,
10/21/21 18:39:58,41572.3,>Range,>Range,>Range,,
10/21/21 18:39:59,41606.4,>Range,>Range,>Range,,
10/21/21 18:40:00,41616.6,>Range,>Range,>Range,,
10/21/21 18:40:01,41671.7,>Range,>Range,>Range,,
10/21/21 18:40:02,41659.8,>Range,>Range,>Range,,
10/21/21 18:40:03,41616.5,>Range,>Range,>Range,,
10/21/21 18:40:04,41665.2,>Range,>Range,>Range,,
10/21/21 18:40:05,41704.6,>Range,>Range,>Range,,
10/21/21 18:40:06,41709.4,>Range,>Range,>Range,,
10/21/21 18:40:07,41606.3,>Range,>Range,>Range,,
10/21/21 18:40:08,41601.8,>Range,>Range,>Range,,
10/21/21 18:40:09,41657.8,>Range,>Range,>Range,,
10/21/21 18:40:10,41615.3,>Range,>Range,>Range,,
10/21/21 18:40:11,41580.7,>Range,>Range,>Range,,
10/21/21 18:40:12,41629.7,>Range,>Range,>Range,,
10/21/21 18:40:13,41812.5,>Range,>Range,>Range,,
10/21/21 18:40:14,41979.7,>Range,>Range,>Range,,
10/21/21 18:40:15,42067.6,>Range,>Range,>Range,,
10/21/21 18:40:16,41987.4,>Range,>Range,>Range,,
10/21/21 18:40:17,41826.3,>Range,>Range,>Range,,
10/21/21 18:40:18,41715.3,>Range,>Range,>Range,,
10/21/21 18:40:19,41796.7,>Range,>Range,>Range,,
10/21/21 18:40:20,41922.7,>Range,>Range,>Range,,
10/21/21 18:40:21,41967.5,>Range,>Range,>Range,,
10/21/21 18:40:22,42050.3,>Range,>Range,>Range,,
10/21/21 18:40:23,42092.6,>Range,>Range,>Range,,
10/21/21 18:40:24,42100.8,>Range,>Range,>Range,,
10/21/21 18:40:25,42092.8,>Range,>Range,>Range,,
10/21/21 18:40:26,42110.2,>Range,>Range,>Range,,
10/21/21 18:40:27,42026.1,>Range,>Range,>Range,,
10/21/21 18:40:28,41983.9,>Range,>Range,>Range,,
10/21/21 18:40:29,41867.5,>Range,>Range,>Range,,
10/21/21 18:40:30,41885,>Range,>Range,>Range,,
10/21/21 18:40:31,41971.6,>Range,>Range,>Range,,
10/21/21 18:40:32,42061.7,>Range,>Range,>Range,,
10/21/21 18:40:33,42161.4,>Range,>Range,>Range,,
10/21/21 18:40:34,42286.6,>Range,>Range,>Range,,
10/21/21 18:40:35,42381.1,>Range,>Range,>Range,,
10/21/21 18:40:36,42229.2,>Range,>Range,>Range,,
10/21/21 18:40:37,42041.2,>Range,>Range,>Range,,
10/21/21 18:40:38,41857.8,>Range,>Range,>Range,,
10/21/21 18:40:39,41685.6,>Range,>Range,>Range,,
10/21/21 18:40:40,41580.6,>Range,>Range,>Range,,
10/21/21 18:40:41,41641.2,>Range,>Range,>Range,,
10/21/21 18:40:42,41678.6,>Range,>Range,>Range,,
10/21/21 18:40:43,41854.3,>Range,>Range,>Range,,
10/21/21 18:40:44,41961,>Range,>Range,>Range,,
10/21/21 18:40:45,42037.6,>Range,>Range,>Range,,
10/21/21 18:40:46,42123.6,>Range,>Range,>Range,,
10/21/21 18:40:47,42142.3,>Range,>Range,>Range,,
10/21/21 18:40:48,42164.7,>Range,>Range,>Range,,
10/21/21 18:40:49,41944.7,>Range,>Range,>Range,,
10/21/21 18:40:50,41684.4,>Range,>Range,>Range,,
10/21/21 18:40:51,41438.3,>Range,>Range,>Range,,
10/21/21 18:40:52,41363.3,>Range,>Range,>Range,,
10/21/21 18:40:53,41427.3,>Range,>Range,>Range,,
10/21/21 18:40:54,41403.5,>Range,>Range,>Range,,
10/21/21 18:40:55,41477.7,>Range,>Range,>Range,,
10/21/21 18:40:56,41392.9,>Range,>Range,>Range,,
10/21/21 18:40:57,41481.2,>Range,>Range,>Range,,
10/21/21 18:40:58,41566.8,>Range,>Range,>Range,,
10/21/21 18:40:59,41540,>Range,>Range,>Range,,
10/21/21 18:41:00,41571.2,>Range,>Range,>Range,,
10/21/21 18:41:01,41563.7,>Range,>Range,>Range,,
10/21/21 18:41:02,41547.6,>Range,>Range,>Range,,
10/21/21 18:41:03,41435.1,>Range,>Range,>Range,,
10/21/21 18:41:04,41401.7,>Range,>Range,>Range,,
10/21/21 18:41:05,41428.7,>Range,>Range,>Range,,
10/21/21 18:41:06,41493.3,>Range,>Range,>Range,,
10/21/21 18:41:07,41600.5,>Range,>Range,>Range,,
10/21/21 18:41:08,41833.1,>Range,>Range,>Range,,
10/21/21 18:41:09,41890.8,>Range,>Range,>Range,,
10/21/21 18:41:10,41895.4,>Range,>Range,>Range,,
10/21/21 18:41:11,41831.5,>Range,>Range,>Range,,
10/21/21 18:41:12,41758.6,>Range,>Range,>Range,,
10/21/21 18:41:13,41694.3,>Range,>Range,>Range,,
10/21/21 18:41:14,41525.1,>Range,>Range,>Range,,
10/21/21 18:41:15,41454.1,>Range,>Range,>Range,,
10/21/21 18:41:16,41479.6,>Range,>Range,>Range,,
10/21/21 18:41:17,41588,>Range,>Range,>Range,,
10/21/21 18:41:18,41605,>Range,>Range,>Range,,
10/21/21 18:41:19,41554.1,>Range,>Range,>Range,,
10/21/21 18:41:20,41575.6,>Range,>Range,>Range,,
10/21/21 18:41:21,41601.2,>Range,>Range,>Range,,
10/21/21 18:41:22,41461.3,>Range,>Range,>Range,,
10/21/21 18:41:23,41410.4,>Range,>Range,>Range,,
10/21/21 18:41:24,41415.9,>Range,>Range,>Range,,
10/21/21 18:41:25,41408.7,>Range,>Range,>Range,,
10/21/21 18:41:26,41504.2,>Range,>Range,>Range,,
10/21/21 18:41:27,41565.9,>Range,>Range,>Range,,
10/21/21 18:41:28,41571.9,>Range,>Range,>Range,,
10/21/21 18:41:29,41555.5,>Range,>Range,>Range,,
10/21/21 18:41:30,41398.9,>Range,>Range,>Range,,
10/21/21 18:41:31,41451,>Range,>Range,>Range,,
10/21/21 18:41:32,41452.7,>Range,>Range,>Range,,
10/21/21 18:41:33,41400.8,>Range,>Range,>Range,,
10/21/21 18:41:34,41303.3,>Range,>Range,>Range,,
10/21/21 18:41:35,41334.9,>Range,>Range,>Range,,
10/21/21 18:41:36,41376.1,>Range,>Range,>Range,,
10/21/21 18:41:37,41333.5,>Range,>Range,>Range,,
10/21/21 18:41:38,41185.4,>Range,>Range,>Range,,
10/21/21 18:41:39,41213,>Range,>Range,>Range,,
10/21/21 18:41:40,41301.8,>Range,>Range,>Range,,
10/21/21 18:41:41,41345.7,>Range,>Range,>Range,,
10/21/21 18:41:42,41282.8,>Range,>Range,>Range,,
10/21/21 18:41:43,41255.1,>Range,>Range,>Range,,
10/21/21 18:41:44,41309.5,>Range,>Range,>Range,,
10/21/21 18:41:45,41400.1,>Range,>Range,>Range,,
10/21/21 18:41:46,41496,>Range,>Range,>Range,,
10/21/21 18:41:47,41576.7,>Range,>Range,>Range,,
10/21/21 18:41:48,41534.6,>Range,>Range,>Range,,
10/21/21 18:41:49,41330.7,>Range,>Range,>Range,,
10/21/21 18:41:50,41314.6,>Range,>Range,>Range,,
10/21/21 18:41:51,41373.9,>Range,>Range,>Range,,
10/21/21 18:41:52,41553.3,>Range,>Range,>Range,,
10/21/21 18:41:53,41700.2,>Range,>Range,>Range,,
10/21/21 18:41:54,41752.2,>Range,>Range,>Range,,
10/21/21 18:41:55,41797.4,>Range,>Range,>Range,,
10/21/21 18:41:56,41724.7,>Range,>Range,>Range,,
10/21/21 18:41:57,41671.1,>Range,>Range,>Range,,
10/21/21 18:41:58,41649.8,>Range,>Range,>Range,,
10/21/21 18:41:59,41442.2,>Range,>Range,>Range,,
10/21/21 18:42:00,41373.2,>Range,>Range,>Range,,
10/21/21 18:42:01,41392.8,>Range,>Range,>Range,,
10/21/21 18:42:02,41442.8,>Range,>Range,>Range,,
10/21/21 18:42:03,41514,>Range,>Range,>Range,,
10/21/21 18:42:04,41511.7,>Range,>Range,>Range,,
10/21/21 18:42:05,41415.8,>Range,>Range,>Range,,
10/21/21 18:42:06,41336.5,>Range,>Range,>Range,,
10/21/21 18:42:07,41291.7,>Range,>Range,>Range,,
10/21/21 18:42:08,41282.8,>Range,>Range,>Range,,
10/21/21 18:42:09,41175.5,>Range,>Range,>Range,,
10/21/21 18:42:10,41138.8,>Range,>Range,>Range,,
10/21/21 18:42:11,41124.5,>Range,>Range,>Range,,
10/21/21 18:42:12,41198.8,>Range,>Range,>Range,,
10/21/21 18:42:13,41278.7,>Range,>Range,>Range,,
10/21/21 18:42:14,41297.4,>Range,>Range,>Range,,
10/21/21 18:42:15,41259.5,>Range,>Range,>Range,,
10/21/21 18:42:16,41401.9,>Range,>Range,>Range,,
10/21/21 18:42:17,41553.1,>Range,>Range,>Range,,
10/21/21 18:42:18,41619.2,>Range,>Range,>Range,,
10/21/21 18:42:19,41621,>Range,>Range,>Range,,
10/21/21 18:42:20,41600.5,>Range,>Range,>Range,,
10/21/21 18:42:21,41636.6,>Range,>Range,>Range,,
10/21/21 18:42:22,41630,>Range,>Range,>Range,,
10/21/21 18:42:23,41512.7,>Range,>Range,>Range,,
10/21/21 18:42:24,41435.8,>Range,>Range,>Range,,
10/21/21 18:42:25,41451.3,>Range,>Range,>Range,,
10/21/21 18:42:26,41498.2,>Range,>Range,>Range,,
10/21/21 18:42:27,41436,>Range,>Range,>Range,,
10/21/21 18:42:28,41366.5,>Range,>Range,>Range,,
10/21/21 18:42:29,41306.7,>Range,>Range,>Range,,
10/21/21 18:42:30,41310.1,>Range,>Range,>Range,,
10/21/21 18:42:31,41216.1,>Range,>Range,>Range,,
10/21/21 18:42:32,41032.2,>Range,>Range,>Range,,
10/21/21 18:42:33,40934.4,>Range,>Range,>Range,,
10/21/21 18:42:34,40860.5,>Range,>Range,>Range,,
10/21/21 18:42:35,40799.4,>Range,>Range,>Range,,
10/21/21 18:42:36,40778,>Range,>Range,>Range,,
10/21/21 18:42:37,40801.7,>Range,>Range,>Range,,
10/21/21 18:42:38,40833.5,>Range,>Range,>Range,,
10/21/21 18:42:39,40884.1,>Range,>Range,>Range,,
10/21/21 18:42:40,41040,>Range,>Range,>Range,,
10/21/21 18:42:41,41265.2,>Range,>Range,>Range,,
10/21/21 18:42:42,41377,>Range,>Range,>Range,,
10/21/21 18:42:43,41415.3,>Range,>Range,>Range,,
10/21/21 18:42:44,41345.5,>Range,>Range,>Range,,
10/21/21 18:42:45,41361.7,>Range,>Range,>Range,,
10/21/21 18:42:46,41337.3,>Range,>Range,>Range,,
10/21/21 18:42:47,41320.2,>Range,>Range,>Range,,
10/21/21 18:42:48,41317.8,>Range,>Range,>Range,,
10/21/21 18:42:49,41272.4,>Range,>Range,>Range,,
10/21/21 18:42:50,41299.3,>Range,>Range,>Range,,
10/21/21 18:42:51,41329.8,>Range,>Range,>Range,,
10/21/21 18:42:52,41339.1,>Range,>Range,>Range,,
10/21/21 18:42:53,41309.6,>Range,>Range,>Range,,
10/21/21 18:42:54,41286,>Range,>Range,>Range,,
10/21/21 18:42:55,41271,>Range,>Range,>Range,,
10/21/21 18:42:56,41300.2,>Range,>Range,>Range,,
10/21/21 18:42:57,41304.1,>Range,>Range,>Range,,
10/21/21 18:42:58,41361.6,>Range,>Range,>Range,,
10/21/21 18:42:59,41386.5,>Range,>Range,>Range,,
10/21/21 18:43:00,41282.6,>Range,>Range,>Range,,
10/21/21 18:43:01,41236.4,>Range,>Range,>Range,,
10/21/21 18:43:02,41219,>Range,>Range,>Range,,
10/21/21 18:43:03,41101.2,>Range,>Range,>Range,,
10/21/21 18:43:04,40842.7,>Range,>Range,>Range,,
10/21/21 18:43:05,40694,>Range,>Range,>Range,,
10/21/21 18:43:06,40522.9,>Range,>Range,>Range,,
10/21/21 18:43:07,40602.3,>Range,>Range,>Range,,
10/21/21 18:43:08,40740.5,>Range,>Range,>Range,,
10/21/21 18:43:09,40827.2,>Range,>Range,>Range,,
10/21/21 18:43:10,40832.8,>Range,>Range,>Range,,
10/21/21 18:43:11,40801.7,>Range,>Range,>Range,,
10/21/21 18:43:12,40821.1,>Range,>Range,>Range,,
10/21/21 18:43:13,40920.1,>Range,>Range,>Range,,
10/21/21 18:43:14,41037.7,>Range,>Range,>Range,,
10/21/21 18:43:15,41125.6,>Range,>Range,>Range,,
10/21/21 18:43:16,41087.7,>Range,>Range,>Range,,
10/21/21 18:43:17,41100.8,>Range,>Range,>Range,,
10/21/21 18:43:18,41068.8,>Range,>Range,>Range,,
10/21/21 18:43:19,41183.5,>Range,>Range,>Range,,
10/21/21 18:43:20,41286.9,>Range,>Range,>Range,,
10/21/21 18:43:21,41226.5,>Range,>Range,>Range,,
10/21/21 18:43:22,41080.2,>Range,>Range,>Range,,
10/21/21 18:43:23,41045.9,>Range,>Range,>Range,,
10/21/21 18:43:24,41050.5,>Range,>Range,>Range,,
10/21/21 18:43:25,41070.3,>Range,>Range,>Range,,
10/21/21 18:43:26,41087,>Range,>Range,>Range,,
10/21/21 18:43:27,41104.8,>Range,>Range,>Range,,
10/21/21 18:43:28,41182.4,>Range,>Range,>Range,,
10/21/21 18:43:29,41238.5,>Range,>Range,>Range,,
10/21/21 18:43:30,41216,>Range,>Range,>Range,,
10/21/21 18:43:31,41173.2,>Range,>Range,>Range,,
10/21/21 18:43:32,41165.7,>Range,>Range,>Range,,
10/21/21 18:43:33,41232.5,>Range,>Range,>Range,,
10/21/21 18:43:34,41199.7,>Range,>Range,>Range,,
10/21/21 18:43:35,41101.2,>Range,>Range,>Range,,
10/21/21 18:43:36,41021.8,>Range,>Range,>Range,,
10/21/21 18:43:37,41007.1,>Range,>Range,>Range,,
10/21/21 18:43:38,40980.6,>Range,>Range,>Range,,
10/21/21 18:43:39,40884,>Range,>Range,>Range,,
10/21/21 18:43:40,40619.3,>Range,>Range,>Range,,
10/21/21 18:43:41,40502.4,>Range,>Range,>Range,,
10/21/21 18:43:42,40549.4,>Range,>Range,>Range,,
10/21/21 18:43:43,40663.7,>Range,>Range,>Range,,
10/21/21 18:43:44,40708.9,>Range,>Range,>Range,,
10/21/21 18:43:45,40631.8,>Range,>Range,>Range,,
10/21/21 18:43:46,40662.3,>Range,>Range,>Range,,
10/21/21 18:43:47,40712.2,>Range,>Range,>Range,,
10/21/21 18:43:48,40716,>Range,>Range,>Range,,
10/21/21 18:43:49,40628,>Range,>Range,>Range,,
10/21/21 18:43:50,40504.3,>Range,>Range,>Range,,
10/21/21 18:43:51,40460.1,>Range,>Range,>Range,,
10/21/21 18:43:52,40470.2,>Range,>Range,>Range,,
10/21/21 18:43:53,40552.5,>Range,>Range,>Range,,
10/21/21 18:43:54,40652.9,>Range,>Range,>Range,,
10/21/21 18:43:55,40770.7,>Range,>Range,>Range,,
10/21/21 18:43:56,40753.4,>Range,>Range,>Range,,
10/21/21 18:43:57,40682.5,>Range,>Range,>Range,,
10/21/21 18:43:58,40668,>Range,>Range,>Range,,
10/21/21 18:43:59,40619.9,>Range,>Range,>Range,,
10/21/21 18:44:00,40700.8,>Range,>Range,>Range,,
10/21/21 18:44:01,40878.4,>Range,>Range,>Range,,
10/21/21 18:44:02,40946.2,>Range,>Range,>Range,,
10/21/21 18:44:03,40982.5,>Range,>Range,>Range,,
10/21/21 18:44:04,41054.9,>Range,>Range,>Range,,
10/21/21 18:44:05,41027.4,>Range,>Range,>Range,,
10/21/21 18:44:06,41054.4,>Range,>Range,>Range,,
10/21/21 18:44:07,40938.9,>Range,>Range,>Range,,
10/21/21 18:44:08,40783.2,>Range,>Range,>Range,,
10/21/21 18:44:09,40708.4,>Range,>Range,>Range,,
10/21/21 18:44:10,40668.6,>Range,>Range,>Range,,
10/21/21 18:44:11,40647.3,>Range,>Range,>Range,,
10/21/21 18:44:12,40694.5,>Range,>Range,>Range,,
10/21/21 18:44:13,40810.2,>Range,>Range,>Range,,
10/21/21 18:44:14,40759,>Range,>Range,>Range,,
10/21/21 18:44:15,40739.3,>Range,>Range,>Range,,
10/21/21 18:44:16,40808.8,>Range,>Range,>Range,,
10/21/21 18:44:17,40732.7,>Range,>Range,>Range,,
10/21/21 18:44:18,40689.8,>Range,>Range,>Range,,
10/21/21 18:44:19,40702.9,>Range,>Range,>Range,,
10/21/21 18:44:20,40763.6,>Range,>Range,>Range,,
10/21/21 18:44:21,40649.9,>Range,>Range,>Range,,
10/21/21 18:44:22,40689.8,>Range,>Range,>Range,,
10/21/21 18:44:23,40726.4,>Range,>Range,>Range,,
10/21/21 18:44:24,40743.7,>Range,>Range,>Range,,
10/21/21 18:44:25,40629.9,>Range,>Range,>Range,,
10/21/21 18:44:26,40633.1,>Range,>Range,>Range,,
10/21/21 18:44:27,40644.5,>Range,>Range,>Range,,
10/21/21 18:44:28,40723,>Range,>Range,>Range,,
10/21/21 18:44:29,40693.4,>Range,>Range,>Range,,
10/21/21 18:44:30,40724.8,>Range,>Range,>Range,,
10/21/21 18:44:31,40719.8,>Range,>Range,>Range,,
10/21/21 18:44:32,40579.7,>Range,>Range,>Range,,
10/21/21 18:44:33,40349,>Range,>Range,>Range,,
10/21/21 18:44:34,40336.4,>Range,>Range,>Range,,
10/21/21 18:44:35,40208.1,>Range,>Range,>Range,,
10/21/21 18:44:36,40115.1,>Range,>Range,>Range,,
10/21/21 18:44:37,40386.8,>Range,>Range,>Range,,
10/21/21 18:44:38,40693.9,>Range,>Range,>Range,,
10/21/21 18:44:39,40715,>Range,>Range,>Range,,
10/21/21 18:44:40,40825.3,>Range,>Range,>Range,,
10/21/21 18:44:41,40874.8,>Range,>Range,>Range,,
10/21/21 18:44:42,40754.1,>Range,>Range,>Range,,
10/21/21 18:44:43,40711.7,>Range,>Range,>Range,,
10/21/21 18:44:44,40655.2,>Range,>Range,>Range,,
10/21/21 18:44:45,40579.3,>Range,>Range,>Range,,
10/21/21 18:44:46,40512.9,>Range,>Range,>Range,,
10/21/21 18:44:47,40398.9,>Range,>Range,>Range,,
10/21/21 18:44:48,40373.3,>Range,>Range,>Range,,
10/21/21 18:44:49,40277.8,>Range,>Range,>Range,,
10/21/21 18:44:50,40285.1,>Range,>Range,>Range,,
10/21/21 18:44:51,40342.1,>Range,>Range,>Range,,
10/21/21 18:44:52,40485.6,>Range,>Range,>Range,,
10/21/21 18:44:53,40539,>Range,>Range,>Range,,
10/21/21 18:44:54,40551,>Range,>Range,>Range,,
10/21/21 18:44:55,40550.1,>Range,>Range,>Range,,
10/21/21 18:44:56,40521.1,>Range,>Range,>Range,,
10/21/21 18:44:57,40402.2,>Range,>Range,>Range,,
10/21/21 18:44:58,40424.3,>Range,>Range,>Range,,
10/21/21 18:44:59,40526.3,>Range,>Range,>Range,,
10/21/21 18:45:00,40672.6,>Range,>Range,>Range,,
10/21/21 18:45:01,40704,>Range,>Range,>Range,,
10/21/21 18:45:02,40682.7,>Range,>Range,>Range,,
10/21/21 18:45:03,40753.4,>Range,>Range,>Range,,
10/21/21 18:45:04,40670.1,>Range,>Range,>Range,,
10/21/21 18:45:05,40661.7,>Range,>Range,>Range,,
10/21/21 18:45:06,40756,>Range,>Range,>Range,,
10/21/21 18:45:07,40794.4,>Range,>Range,>Range,,
10/21/21 18:45:08,40563,>Range,>Range,>Range,,
10/21/21 18:45:09,40441.7,>Range,>Range,>Range,,
10/21/21 18:45:10,40309.4,>Range,>Range,>Range,,
10/21/21 18:45:11,40430.8,>Range,>Range,>Range,,
10/21/21 18:45:12,40510.8,>Range,>Range,>Range,,
10/21/21 18:45:13,40490.4,>Range,>Range,>Range,,
10/21/21 18:45:14,40535.2,>Range,>Range,>Range,,
10/21/21 18:45:15,40569.2,>Range,>Range,>Range,,
10/21/21 18:45:16,40615.5,>Range,>Range,>Range,,
10/21/21 18:45:17,40474.6,>Range,>Range,>Range,,
10/21/21 18:45:18,40276.8,>Range,>Range,>Range,,
10/21/21 18:45:19,40208.3,>Range,>Range,>Range,,
10/21/21 18:45:20,40223,>Range,>Range,>Range,,
10/21/21 18:45:21,40225.1,>Range,>Range,>Range,,
10/21/21 18:45:22,40311.7,>Range,>Range,>Range,,
10/21/21 18:45:23,40322.3,>Range,>Range,>Range,,
10/21/21 18:45:24,40419.5,>Range,>Range,>Range,,
10/21/21 18:45:25,40547,>Range,>Range,>Range,,
10/21/21 18:45:26,40561,>Range,>Range,>Range,,
10/21/21 18:45:27,40508.4,>Range,>Range,>Range,,
10/21/21 18:45:28,40379.1,>Range,>Range,>Range,,
10/21/21 18:45:29,40299.1,>Range,>Range,>Range,,
10/21/21 18:45:30,40327.8,>Range,>Range,>Range,,
10/21/21 18:45:31,40301.3,>Range,>Range,>Range,,
10/21/21 18:45:32,40287.7,>Range,>Range,>Range,,
10/21/21 18:45:33,40266.3,>Range,>Range,>Range,,
10/21/21 18:45:34,40423.5,>Range,>Range,>Range,,
10/21/21 18:45:35,40474,>Range,>Range,>Range,,
10/21/21 18:45:36,40431.4,>Range,>Range,>Range,,
10/21/21 18:45:37,40443.3,>Range,>Range,>Range,,
10/21/21 18:45:38,40470.7,>Range,>Range,>Range,,
10/21/21 18:45:39,40505.9,>Range,>Range,>Range,,
10/21/21 18:45:40,40608.2,>Range,>Range,>Range,,
10/21/21 18:45:41,40700.1,>Range,>Range,>Range,,
10/21/21 18:45:42,40729.4,>Range,>Range,>Range,,
10/21/21 18:45:43,40757.5,>Range,>Range,>Range,,
10/21/21 18:45:44,40713.6,>Range,>Range,>Range,,
10/21/21 18:45:45,40580.9,>Range,>Range,>Range,,
10/21/21 18:45:46,40519.2,>Range,>Range,>Range,,
10/21/21 18:45:47,40403.9,>Range,>Range,>Range,,
10/21/21 18:45:48,40386.9,>Range,>Range,>Range,,
10/21/21 18:45:49,40674,>Range,>Range,>Range,,
10/21/21 18:45:50,40734.7,>Range,>Range,>Range,,
10/21/21 18:45:51,40613,>Range,>Range,>Range,,
10/21/21 18:45:52,40457.4,>Range,>Range,>Range,,
10/21/21 18:45:53,40172.4,>Range,>Range,>Range,,
10/21/21 18:45:54,40051,>Range,>Range,>Range,,
10/21/21 18:45:55,40077.4,>Range,>Range,>Range,,
10/21/21 18:45:56,40070.3,>Range,>Range,>Range,,
10/21/21 18:45:57,40201.8,>Range,>Range,>Range,,
10/21/21 18:45:58,40290.9,>Range,>Range,>Range,,
10/21/21 18:45:59,40325.4,>Range,>Range,>Range,,
10/21/21 18:46:00,40488.5,>Range,>Range,>Range,,
10/21/21 18:46:01,40606,>Range,>Range,>Range,,
10/21/21 18:46:02,40569.4,>Range,>Range,>Range,,
10/21/21 18:46:03,40519.9,>Range,>Range,>Range,,
10/21/21 18:46:04,40644.4,>Range,>Range,>Range,,
10/21/21 18:46:05,40722.8,>Range,>Range,>Range,,
10/21/21 18:46:06,40768.8,>Range,>Range,>Range,,
10/21/21 18:46:07,40769.5,>Range,>Range,>Range,,
10/21/21 18:46:08,40647.9,>Range,>Range,>Range,,
10/21/21 18:46:09,40601.8,>Range,>Range,>Range,,
10/21/21 18:46:10,40578.5,>Range,>Range,>Range,,
10/21/21 18:46:11,40585.7,>Range,>Range,>Range,,
10/21/21 18:46:12,40504.8,>Range,>Range,>Range,,
10/21/21 18:46:13,40591.8,>Range,>Range,>Range,,
10/21/21 18:46:14,40713.6,>Range,>Range,>Range,,
10/21/21 18:46:15,40717.7,>Range,>Range,>Range,,
10/21/21 18:46:16,40726.8,>Range,>Range,>Range,,
10/21/21 18:46:17,40723.9,>Range,>Range,>Range,,
10/21/21 18:46:18,40724.2,>Range,>Range,>Range,,
10/21/21 18:46:19,40601.1,>Range,>Range,>Range,,
10/21/21 18:46:20,40467.5,>Range,>Range,>Range,,
10/21/21 18:46:21,40443.1,>Range,>Range,>Range,,
10/21/21 18:46:22,40411.8,>Range,>Range,>Range,,
10/21/21 18:46:23,40472.1,>Range,>Range,>Range,,
10/21/21 18:46:24,40455.1,>Range,>Range,>Range,,
10/21/21 18:46:25,40369.3,>Range,>Range,>Range,,
10/21/21 18:46:26,40305.3,>Range,>Range,>Range,,
10/21/21 18:46:27,40417.8,>Range,>Range,>Range,,
10/21/21 18:46:28,40442.8,>Range,>Range,>Range,,
10/21/21 18:46:29,40595,>Range,>Range,>Range,,
10/21/21 18:46:30,40573.8,>Range,>Range,>Range,,
10/21/21 18:46:31,40560.3,>Range,>Range,>Range,,
10/21/21 18:46:32,40542.4,>Range,>Range,>Range,,
10/21/21 18:46:33,40499,>Range,>Range,>Range,,
10/21/21 18:46:34,40422.7,>Range,>Range,>Range,,
10/21/21 18:46:35,40222,>Range,>Range,>Range,,
10/21/21 18:46:36,40288.5,>Range,>Range,>Range,,
10/21/21 18:46:37,40360.8,>Range,>Range,>Range,,
10/21/21 18:46:38,40228.2,>Range,>Range,>Range,,
10/21/21 18:46:39,40107,>Range,>Range,>Range,,
10/21/21 18:46:40,40100.4,>Range,>Range,>Range,,
10/21/21 18:46:41,40043.7,>Range,>Range,>Range,,
10/21/21 18:46:42,40014.9,>Range,>Range,>Range,,
10/21/21 18:46:43,40063.4,>Range,>Range,>Range,,
10/21/21 18:46:44,40045.4,>Range,>Range,>Range,,
10/21/21 18:46:45,40026.7,>Range,>Range,>Range,,
10/21/21 18:46:46,39927.1,>Range,>Range,>Range,,
10/21/21 18:46:47,39909.4,>Range,>Range,>Range,,
10/21/21 18:46:48,39988.8,>Range,>Range,>Range,,
10/21/21 18:46:49,40080.5,>Range,>Range,>Range,,
10/21/21 18:46:50,40186.7,>Range,>Range,>Range,,
10/21/21 18:46:51,40212.2,>Range,>Range,>Range,,
10/21/21 18:46:52,40277.4,>Range,>Range,>Range,,
10/21/21 18:46:53,40315.7,>Range,>Range,>Range,,
10/21/21 18:46:54,40252.8,>Range,>Range,>Range,,
10/21/21 18:46:55,40203.9,>Range,>Range,>Range,,
10/21/21 18:46:56,40110.5,>Range,>Range,>Range,,
10/21/21 18:46:57,40028.1,>Range,>Range,>Range,,
10/21/21 18:46:58,40209.7,>Range,>Range,>Range,,
10/21/21 18:46:59,40259.7,>Range,>Range,>Range,,
10/21/21 18:47:00,40131.4,>Range,>Range,>Range,,
10/21/21 18:47:01,39902.4,>Range,>Range,>Range,,
10/21/21 18:47:02,39901.7,>Range,>Range,>Range,,
10/21/21 18:47:03,39957.6,>Range,>Range,>Range,,
10/21/21 18:47:04,39905.1,>Range,>Range,>Range,,
10/21/21 18:47:05,39858.5,>Range,>Range,>Range,,
10/21/21 18:47:06,39741.5,>Range,>Range,>Range,,
10/21/21 18:47:07,39846.1,>Range,>Range,>Range,,
10/21/21 18:47:08,39995.6,>Range,>Range,>Range,,
10/21/21 18:47:09,40043.5,>Range,>Range,>Range,,
10/21/21 18:47:10,40031,>Range,>Range,>Range,,
10/21/21 18:47:11,40152.9,>Range,>Range,>Range,,
10/21/21 18:47:12,40372.7,>Range,>Range,>Range,,
10/21/21 18:47:13,40294.6,>Range,>Range,>Range,,
10/21/21 18:47:14,40213,>Range,>Range,>Range,,
10/21/21 18:47:15,40230.2,>Range,>Range,>Range,,
10/21/21 18:47:16,40194.6,>Range,>Range,>Range,,
10/21/21 18:47:17,40195,>Range,>Range,>Range,,
10/21/21 18:47:18,40215.6,>Range,>Range,>Range,,
10/21/21 18:47:19,40192.7,>Range,>Range,>Range,,
10/21/21 18:47:20,40032.8,>Range,>Range,>Range,,
10/21/21 18:47:21,39844.7,>Range,>Range,>Range,,
10/21/21 18:47:22,39786.8,>Range,>Range,>Range,,
10/21/21 18:47:23,39808,>Range,>Range,>Range,,
10/21/21 18:47:24,39843.3,>Range,>Range,>Range,,
10/21/21 18:47:25,39948.3,>Range,>Range,>Range,,
10/21/21 18:47:26,40001.6,>Range,>Range,>Range,,
10/21/21 18:47:27,39975.3,>Range,>Range,>Range,,
10/21/21 18:47:28,39945.1,>Range,>Range,>Range,,
10/21/21 18:47:29,39992.9,>Range,>Range,>Range,,
10/21/21 18:47:30,40123.8,>Range,>Range,>Range,,
10/21/21 18:47:31,40240.4,>Range,>Range,>Range,,
10/21/21 18:47:32,40283,>Range,>Range,>Range,,
10/21/21 18:47:33,40207.6,>Range,>Range,>Range,,
10/21/21 18:47:34,40186.2,>Range,>Range,>Range,,
10/21/21 18:47:35,40132.3,>Range,>Range,>Range,,
10/21/21 18:47:36,40115.8,>Range,>Range,>Range,,
10/21/21 18:47:37,40194.3,>Range,>Range,>Range,,
10/21/21 18:47:38,40280.2,>Range,>Range,>Range,,
10/21/21 18:47:39,40272.3,>Range,>Range,>Range,,
10/21/21 18:47:40,40289.4,>Range,>Range,>Range,,
10/21/21 18:47:41,40186.3,>Range,>Range,>Range,,
10/21/21 18:47:42,40114.5,>Range,>Range,>Range,,
10/21/21 18:47:43,40084.4,>Range,>Range,>Range,,
10/21/21 18:47:44,40002.3,>Range,>Range,>Range,,
10/21/21 18:47:45,39938.1,>Range,>Range,>Range,,
10/21/21 18:47:46,40028,>Range,>Range,>Range,,
10/21/21 18:47:47,40012.9,>Range,>Range,>Range,,
10/21/21 18:47:48,40069.2,>Range,>Range,>Range,,
10/21/21 18:47:49,40124,>Range,>Range,>Range,,
10/21/21 18:47:50,40040.6,>Range,>Range,>Range,,
10/21/21 18:47:51,40041.9,>Range,>Range,>Range,,
10/21/21 18:47:52,39991.1,>Range,>Range,>Range,,
10/21/21 18:47:53,39908.2,>Range,>Range,>Range,,
10/21/21 18:47:54,39898.1,>Range,>Range,>Range,,
10/21/21 18:47:55,39884.9,>Range,>Range,>Range,,
10/21/21 18:47:56,39978.9,>Range,>Range,>Range,,
10/21/21 18:47:57,40050,>Range,>Range,>Range,,
10/21/21 18:47:58,40069.9,>Range,>Range,>Range,,
10/21/21 18:47:59,40000,>Range,>Range,>Range,,
10/21/21 18:48:00,39938.2,>Range,>Range,>Range,,
10/21/21 18:48:01,39936.8,>Range,>Range,>Range,,
10/21/21 18:48:02,40012.4,>Range,>Range,>Range,,
10/21/21 18:48:03,40141.7,>Range,>Range,>Range,,
10/21/21 18:48:04,40210.6,>Range,>Range,>Range,,
10/21/21 18:48:05,40077.7,>Range,>Range,>Range,,
10/21/21 18:48:06,39987.5,>Range,>Range,>Range,,
10/21/21 18:48:07,39943.3,>Range,>Range,>Range,,
10/21/21 18:48:08,39890.9,>Range,>Range,>Range,,
10/21/21 18:48:09,39828.5,>Range,>Range,>Range,,
10/21/21 18:48:10,39893.9,>Range,>Range,>Range,,
10/21/21 18:48:11,40049.5,>Range,>Range,>Range,,
10/21/21 18:48:12,40170.8,>Range,>Range,>Range,,
10/21/21 18:48:13,40186.4,>Range,>Range,>Range,,
10/21/21 18:48:14,40163,>Range,>Range,>Range,,
10/21/21 18:48:15,40102.3,>Range,>Range,>Range,,
10/21/21 18:48:16,40165.8,>Range,>Range,>Range,,
10/21/21 18:48:17,40128.2,>Range,>Range,>Range,,
10/21/21 18:48:18,40065.4,>Range,>Range,>Range,,
10/21/21 18:48:19,40055.6,>Range,>Range,>Range,,
10/21/21 18:48:20,40150.7,>Range,>Range,>Range,,
10/21/21 18:48:21,40191.4,>Range,>Range,>Range,,
10/21/21 18:48:22,40113.6,>Range,>Range,>Range,,
10/21/21 18:48:23,40060.1,>Range,>Range,>Range,,
10/21/21 18:48:24,39927.6,>Range,>Range,>Range,,
10/21/21 18:48:25,39819.7,>Range,>Range,>Range,,
10/21/21 18:48:26,39753.3,>Range,>Range,>Range,,
10/21/21 18:48:27,39696.1,>Range,>Range,>Range,,
10/21/21 18:48:28,39811.9,>Range,>Range,>Range,,
10/21/21 18:48:29,39880.5,>Range,>Range,>Range,,
10/21/21 18:48:30,39881.6,>Range,>Range,>Range,,
10/21/21 18:48:31,39956.6,>Range,>Range,>Range,,
10/21/21 18:48:32,40031.6,>Range,>Range,>Range,,
10/21/21 18:48:33,40009.4,>Range,>Range,>Range,,
10/21/21 18:48:34,39976,>Range,>Range,>Range,,
10/21/21 18:48:35,39901.4,>Range,>Range,>Range,,
10/21/21 18:48:36,39807.5,>Range,>Range,>Range,,
10/21/21 18:48:37,39680,>Range,>Range,>Range,,
10/21/21 18:48:38,39556.1,>Range,>Range,>Range,,
10/21/21 18:48:39,39452.1,>Range,>Range,>Range,,
10/21/21 18:48:40,39540.8,>Range,>Range,>Range,,
10/21/21 18:48:41,39733.3,>Range,>Range,>Range,,
10/21/21 18:48:42,39809.1,>Range,>Range,>Range,,
10/21/21 18:48:43,39781.8,>Range,>Range,>Range,,
10/21/21 18:48:44,39622.9,>Range,>Range,>Range,,
10/21/21 18:48:45,39638.6,>Range,>Range,>Range,,
10/21/21 18:48:46,39597,>Range,>Range,>Range,,
10/21/21 18:48:47,39635.9,>Range,>Range,>Range,,
10/21/21 18:48:48,39704.2,>Range,>Range,>Range,,
10/21/21 18:48:49,39703.3,>Range,>Range,>Range,,
10/21/21 18:48:50,39758.5,>Range,>Range,>Range,,
10/21/21 18:48:51,39878.2,>Range,>Range,>Range,,
10/21/21 18:48:52,39884.9,>Range,>Range,>Range,,
10/21/21 18:48:53,39859.6,>Range,>Range,>Range,,
10/21/21 18:48:54,39909.8,>Range,>Range,>Range,,
10/21/21 18:48:55,39879.6,>Range,>Range,>Range,,
10/21/21 18:48:56,39895.3,>Range,>Range,>Range,,
10/21/21 18:48:57,39962.5,>Range,>Range,>Range,,
10/21/21 18:48:58,39982.5,>Range,>Range,>Range,,
10/21/21 18:48:59,39867.5,>Range,>Range,>Range,,
10/21/21 18:49:00,39554.8,>Range,>Range,>Range,,
10/21/21 18:49:01,39445,>Range,>Range,>Range,,
10/21/21 18:49:02,39577.5,>Range,>Range,>Range,,
10/21/21 18:49:03,39672.6,>Range,>Range,>Range,,
10/21/21 18:49:04,39815.3,>Range,>Range,>Range,,
10/21/21 18:49:05,39901.2,>Range,>Range,>Range,,
10/21/21 18:49:06,39910.8,>Range,>Range,>Range,,
10/21/21 18:49:07,39905.8,>Range,>Range,>Range,,
10/21/21 18:49:08,39882.6,>Range,>Range,>Range,,
10/21/21 18:49:09,39848.1,>Range,>Range,>Range,,
10/21/21 18:49:10,39820.6,>Range,>Range,>Range,,
10/21/21 18:49:11,39803.7,>Range,>Range,>Range,,
10/21/21 18:49:12,39791.7,>Range,>Range,>Range,,
10/21/21 18:49:13,39726.5,>Range,>Range,>Range,,
10/21/21 18:49:14,39569.8,>Range,>Range,>Range,,
10/21/21 18:49:15,39442.2,>Range,>Range,>Range,,
10/21/21 18:49:16,39450.9,>Range,>Range,>Range,,
10/21/21 18:49:17,39503.2,>Range,>Range,>Range,,
10/21/21 18:49:18,39649.3,>Range,>Range,>Range,,
10/21/21 18:49:19,39721.4,>Range,>Range,>Range,,
10/21/21 18:49:20,39765.4,>Range,>Range,>Range,,
10/21/21 18:49:21,39772,>Range,>Range,>Range,,
10/21/21 18:49:22,39850.5,>Range,>Range,>Range,,
10/21/21 18:49:23,39855.7,>Range,>Range,>Range,,
10/21/21 18:49:24,39829.8,>Range,>Range,>Range,,
10/21/21 18:49:25,39694.5,>Range,>Range,>Range,,
10/21/21 18:49:26,39763.2,>Range,>Range,>Range,,
10/21/21 18:49:27,39844.7,>Range,>Range,>Range,,
10/21/21 18:49:28,39726.2,>Range,>Range,>Range,,
10/21/21 18:49:29,39632.3,>Range,>Range,>Range,,
10/21/21 18:49:30,39744.5,>Range,>Range,>Range,,
10/21/21 18:49:31,39952.8,>Range,>Range,>Range,,
10/21/21 18:49:32,40069.6,>Range,>Range,>Range,,
10/21/21 18:49:33,40025.2,>Range,>Range,>Range,,
10/21/21 18:49:34,39886.5,>Range,>Range,>Range,,
10/21/21 18:49:35,39795.1,>Range,>Range,>Range,,
10/21/21 18:49:36,39771.6,>Range,>Range,>Range,,
10/21/21 18:49:37,39761.9,>Range,>Range,>Range,,
10/21/21 18:49:38,39681.8,>Range,>Range,>Range,,
10/21/21 18:49:39,39723.8,>Range,>Range,>Range,,
10/21/21 18:49:40,39692.6,>Range,>Range,>Range,,
10/21/21 18:49:41,39681.9,>Range,>Range,>Range,,
10/21/21 18:49:42,39873.4,>Range,>Range,>Range,,
10/21/21 18:49:43,40048.4,>Range,>Range,>Range,,
10/21/21 18:49:44,40176.8,>Range,>Range,>Range,,
10/21/21 18:49:45,40196.6,>Range,>Range,>Range,,
10/21/21 18:49:46,40117.5,>Range,>Range,>Range,,
10/21/21 18:49:47,40021.5,>Range,>Range,>Range,,
10/21/21 18:49:48,39854.1,>Range,>Range,>Range,,
10/21/21 18:49:49,39721.1,>Range,>Range,>Range,,
10/21/21 18:49:50,39630.3,>Range,>Range,>Range,,
10/21/21 18:49:51,39614.8,>Range,>Range,>Range,,
10/21/21 18:49:52,39631.9,>Range,>Range,>Range,,
10/21/21 18:49:53,39679.4,>Range,>Range,>Range,,
10/21/21 18:49:54,39812.9,>Range,>Range,>Range,,
10/21/21 18:49:55,39923.5,>Range,>Range,>Range,,
10/21/21 18:49:56,40105.1,>Range,>Range,>Range,,
10/21/21 18:49:57,40227.1,>Range,>Range,>Range,,
10/21/21 18:49:58,40255.4,>Range,>Range,>Range,,
10/21/21 18:49:59,40213.5,>Range,>Range,>Range,,
10/21/21 18:50:00,40061.1,>Range,>Range,>Range,,
10/21/21 18:50:01,39833.9,>Range,>Range,>Range,,
10/21/21 18:50:02,39695.1,>Range,>Range,>Range,,
10/21/21 18:50:03,39610.5,>Range,>Range,>Range,,
10/21/21 18:50:04,39659.4,>Range,>Range,>Range,,
10/21/21 18:50:05,39692,>Range,>Range,>Range,,
10/21/21 18:50:06,39728.1,>Range,>Range,>Range,,
10/21/21 18:50:07,39717.6,>Range,>Range,>Range,,
10/21/21 18:50:08,39743,>Range,>Range,>Range,,
10/21/21 18:50:09,39769.8,>Range,>Range,>Range,,
10/21/21 18:50:10,39798.8,>Range,>Range,>Range,,
10/21/21 18:50:11,39806.7,>Range,>Range,>Range,,
10/21/21 18:50:12,39868.6,>Range,>Range,>Range,,
10/21/21 18:50:13,39848.8,>Range,>Range,>Range,,
10/21/21 18:50:14,39837.9,>Range,>Range,>Range,,
10/21/21 18:50:15,39723.5,>Range,>Range,>Range,,
10/21/21 18:50:16,39656,>Range,>Range,>Range,,
10/21/21 18:50:17,39622.8,>Range,>Range,>Range,,
10/21/21 18:50:18,39731.6,>Range,>Range,>Range,,
10/21/21 18:50:19,39733.8,>Range,>Range,>Range,,
10/21/21 18:50:20,39578.1,>Range,>Range,>Range,,
10/21/21 18:50:21,39434,>Range,>Range,>Range,,
10/21/21 18:50:22,39259,>Range,>Range,>Range,,
10/21/21 18:50:23,39251.7,>Range,>Range,>Range,,
10/21/21 18:50:24,39317,>Range,>Range,>Range,,
10/21/21 18:50:25,39456.4,>Range,>Range,>Range,,
10/21/21 18:50:26,39672.9,>Range,>Range,>Range,,
10/21/21 18:50:27,39844.4,>Range,>Range,>Range,,
10/21/21 18:50:28,39957.6,>Range,>Range,>Range,,
10/21/21 18:50:29,39977,>Range,>Range,>Range,,
10/21/21 18:50:30,39822.2,>Range,>Range,>Range,,
10/21/21 18:50:31,39733.6,>Range,>Range,>Range,,
10/21/21 18:50:32,39665.8,>Range,>Range,>Range,,
10/21/21 18:50:33,39618.8,>Range,>Range,>Range,,
10/21/21 18:50:34,39592.4,>Range,>Range,>Range,,
10/21/21 18:50:35,39510.2,>Range,>Range,>Range,,
10/21/21 18:50:36,39510,>Range,>Range,>Range,,
10/21/21 18:50:37,39517.5,>Range,>Range,>Range,,
10/21/21 18:50:38,39507.2,>Range,>Range,>Range,,
10/21/21 18:50:39,39564.5,>Range,>Range,>Range,,
10/21/21 18:50:40,39758.8,>Range,>Range,>Range,,
10/21/21 18:50:41,39829.6,>Range,>Range,>Range,,
10/21/21 18:50:42,39785.8,>Range,>Range,>Range,,
10/21/21 18:50:43,39686.9,>Range,>Range,>Range,,
10/21/21 18:50:44,39498.7,>Range,>Range,>Range,,
10/21/21 18:50:45,39448.3,>Range,>Range,>Range,,
10/21/21 18:50:46,39373.8,>Range,>Range,>Range,,
10/21/21 18:50:47,39347.1,>Range,>Range,>Range,,
10/21/21 18:50:48,39399.9,>Range,>Range,>Range,,
10/21/21 18:50:49,39396.9,>Range,>Range,>Range,,
10/21/21 18:50:50,39395,>Range,>Range,>Range,,
10/21/21 18:50:51,39386.2,>Range,>Range,>Range,,
10/21/21 18:50:52,39390.1,>Range,>Range,>Range,,
10/21/21 18:50:53,39403.6,>Range,>Range,>Range,,
10/21/21 18:50:54,39541.2,>Range,>Range,>Range,,
10/21/21 18:50:55,39674.3,>Range,>Range,>Range,,
10/21/21 18:50:56,39695.2,>Range,>Range,>Range,,
10/21/21 18:50:57,39773.4,>Range,>Range,>Range,,
